calendar_date,species_id,indicator_id,indicator_desc,indicator_units,head_count,indicator_value
2024-10-01,Cattle,1,Western Young Cattle Indicator,c/kg cwt,1360.0,572.4619717647
2024-10-02,Cattle,1,Western Young Cattle Indicator,c/kg cwt,1360.0,572.4619717647
2024-10-03,Cattle,1,Western Young Cattle Indicator,c/kg cwt,1285.0,576.798654786
2024-10-04,Cattle,1,Western Young Cattle Indicator,c/kg cwt,1285.0,576.798654786
2024-10-05,Cattle,1,Western Young Cattle Indicator,c/kg cwt,1285.0,576.798654786
2024-10-06,Cattle,1,Western Young Cattle Indicator,c/kg cwt,1285.0,576.798654786
2024-10-07,Cattle,1,Western Young Cattle Indicator,c/kg cwt,945.0,572.076732381
2024-10-08,Cattle,1,Western Young Cattle Indicator,c/kg cwt,945.0,572.076732381
2024-10-09,Cattle,1,Western Young Cattle Indicator,c/kg cwt,945.0,572.076732381
2024-10-10,Cattle,1,Western Young Cattle Indicator,c/kg cwt,1376.0,568.3297845203
2024-10-11,Cattle,1,Western Young Cattle Indicator,c/kg cwt,1376.0,568.3297845203
2024-10-12,Cattle,1,Western Young Cattle Indicator,c/kg cwt,1376.0,568.3297845203
2024-10-13,Cattle,1,Western Young Cattle Indicator,c/kg cwt,1376.0,568.3297845203
2024-10-14,Cattle,1,Western Young Cattle Indicator,c/kg cwt,1256.0,582.1499687898
2024-10-15,Cattle,1,Western Young Cattle Indicator,c/kg cwt,1256.0,582.1499687898
2024-10-16,Cattle,1,Western Young Cattle Indicator,c/kg cwt,1256.0,582.1499687898
2024-10-17,Cattle,1,Western Young Cattle Indicator,c/kg cwt,875.0,522.5679173714
2024-10-18,Cattle,1,Western Young Cattle Indicator,c/kg cwt,875.0,522.5679173714
2024-10-19,Cattle,1,Western Young Cattle Indicator,c/kg cwt,875.0,522.5679173714
2024-10-20,Cattle,1,Western Young Cattle Indicator,c/kg cwt,875.0,522.5679173714
2024-10-21,Cattle,1,Western Young Cattle Indicator,c/kg cwt,901.0,526.4428015538
2024-10-22,Cattle,1,Western Young Cattle Indicator,c/kg cwt,901.0,526.4428015538
2024-10-23,Cattle,1,Western Young Cattle Indicator,c/kg cwt,901.0,526.4428015538
2024-10-24,Cattle,1,Western Young Cattle Indicator,c/kg cwt,889.0,600.3000464567
2024-10-25,Cattle,1,Western Young Cattle Indicator,c/kg cwt,889.0,600.3000464567
2024-10-26,Cattle,1,Western Young Cattle Indicator,c/kg cwt,889.0,600.3000464567
2024-10-27,Cattle,1,Western Young Cattle Indicator,c/kg cwt,889.0,600.3000464567
2024-10-28,Cattle,1,Western Young Cattle Indicator,c/kg cwt,963.0,605.2315970924
2024-10-29,Cattle,1,Western Young Cattle Indicator,c/kg cwt,963.0,605.2315970924
2024-10-30,Cattle,1,Western Young Cattle Indicator,c/kg cwt,963.0,605.2315970924
2024-10-31,Cattle,1,Western Young Cattle Indicator,c/kg cwt,823.0,620.540490158
2024-11-01,Cattle,1,Western Young Cattle Indicator,c/kg cwt,823.0,620.540490158
2024-11-02,Cattle,1,Western Young Cattle Indicator,c/kg cwt,823.0,620.540490158
2024-11-03,Cattle,1,Western Young Cattle Indicator,c/kg cwt,823.0,620.540490158
2024-11-04,Cattle,1,Western Young Cattle Indicator,c/kg cwt,781.0,623.3713704225
2024-11-05,Cattle,1,Western Young Cattle Indicator,c/kg cwt,781.0,623.3713704225
2024-11-06,Cattle,1,Western Young Cattle Indicator,c/kg cwt,781.0,623.3713704225
2024-11-07,Cattle,1,Western Young Cattle Indicator,c/kg cwt,1253.0,611.296309178
2024-11-08,Cattle,1,Western Young Cattle Indicator,c/kg cwt,1253.0,611.296309178
2024-11-09,Cattle,1,Western Young Cattle Indicator,c/kg cwt,1253.0,611.296309178
2024-11-10,Cattle,1,Western Young Cattle Indicator,c/kg cwt,1253.0,611.296309178
2024-11-11,Cattle,1,Western Young Cattle Indicator,c/kg cwt,1680.0,592.1938992857
2024-11-12,Cattle,1,Western Young Cattle Indicator,c/kg cwt,1680.0,592.1938992857
2024-11-13,Cattle,1,Western Young Cattle Indicator,c/kg cwt,1680.0,592.1938992857
2024-11-14,Cattle,1,Western Young Cattle Indicator,c/kg cwt,1333.0,580.072735859
2024-11-15,Cattle,1,Western Young Cattle Indicator,c/kg cwt,1333.0,580.072735859
2024-11-16,Cattle,1,Western Young Cattle Indicator,c/kg cwt,1333.0,580.072735859
2024-11-17,Cattle,1,Western Young Cattle Indicator,c/kg cwt,1333.0,580.072735859
2024-11-18,Cattle,1,Western Young Cattle Indicator,c/kg cwt,1817.0,610.8358102917
2024-11-19,Cattle,1,Western Young Cattle Indicator,c/kg cwt,1817.0,610.8358102917
2024-11-20,Cattle,1,Western Young Cattle Indicator,c/kg cwt,1817.0,610.8358102917
2024-11-21,Cattle,1,Western Young Cattle Indicator,c/kg cwt,1972.0,616.607312069
2024-11-22,Cattle,1,Western Young Cattle Indicator,c/kg cwt,1972.0,616.607312069
2024-11-23,Cattle,1,Western Young Cattle Indicator,c/kg cwt,1972.0,616.607312069
2024-11-24,Cattle,1,Western Young Cattle Indicator,c/kg cwt,1972.0,616.607312069
2024-11-25,Cattle,1,Western Young Cattle Indicator,c/kg cwt,1387.0,575.6869824081
2024-11-26,Cattle,1,Western Young Cattle Indicator,c/kg cwt,1387.0,575.6869824081
2024-11-27,Cattle,1,Western Young Cattle Indicator,c/kg cwt,1387.0,575.6869824081
2024-11-28,Cattle,1,Western Young Cattle Indicator,c/kg cwt,1542.0,541.0253877432
2024-11-29,Cattle,1,Western Young Cattle Indicator,c/kg cwt,1775.0,539.1355546479
2024-11-30,Cattle,1,Western Young Cattle Indicator,c/kg cwt,1775.0,539.1355546479
2024-12-01,Cattle,1,Western Young Cattle Indicator,c/kg cwt,1775.0,539.1355546479
2024-12-02,Cattle,1,Western Young Cattle Indicator,c/kg cwt,1607.0,544.5017357187
2024-12-03,Cattle,1,Western Young Cattle Indicator,c/kg cwt,1607.0,544.5017357187
2024-12-04,Cattle,1,Western Young Cattle Indicator,c/kg cwt,1607.0,544.5017357187
2024-12-05,Cattle,1,Western Young Cattle Indicator,c/kg cwt,1863.0,550.9325214707
2024-12-06,Cattle,1,Western Young Cattle Indicator,c/kg cwt,1719.0,547.828108377
2024-12-07,Cattle,1,Western Young Cattle Indicator,c/kg cwt,1719.0,547.828108377
2024-12-08,Cattle,1,Western Young Cattle Indicator,c/kg cwt,1719.0,547.828108377
2024-12-09,Cattle,1,Western Young Cattle Indicator,c/kg cwt,1812.0,546.886465894
2024-12-10,Cattle,1,Western Young Cattle Indicator,c/kg cwt,1812.0,546.886465894
2024-12-11,Cattle,1,Western Young Cattle Indicator,c/kg cwt,1812.0,546.886465894
2024-12-12,Cattle,1,Western Young Cattle Indicator,c/kg cwt,1618.0,565.5917575402
2024-12-13,Cattle,1,Western Young Cattle Indicator,c/kg cwt,1713.0,567.9430823117
2024-12-14,Cattle,1,Western Young Cattle Indicator,c/kg cwt,1713.0,567.9430823117
2024-12-15,Cattle,1,Western Young Cattle Indicator,c/kg cwt,1713.0,567.9430823117
2024-12-16,Cattle,1,Western Young Cattle Indicator,c/kg cwt,1705.0,567.8127380059
2024-12-17,Cattle,1,Western Young Cattle Indicator,c/kg cwt,1705.0,567.8127380059
2024-12-18,Cattle,1,Western Young Cattle Indicator,c/kg cwt,1705.0,567.8127380059
2024-12-19,Cattle,1,Western Young Cattle Indicator,c/kg cwt,1253.0,546.7955257781
2024-12-20,Cattle,1,Western Young Cattle Indicator,c/kg cwt,1069.0,551.3022125351
2024-12-21,Cattle,1,Western Young Cattle Indicator,c/kg cwt,1069.0,551.3022125351
2024-12-22,Cattle,1,Western Young Cattle Indicator,c/kg cwt,1069.0,551.3022125351
2024-12-23,Cattle,1,Western Young Cattle Indicator,c/kg cwt,591.0,591.4716637902
2024-12-24,Cattle,1,Western Young Cattle Indicator,c/kg cwt,591.0,591.4716637902
2024-12-25,Cattle,1,Western Young Cattle Indicator,c/kg cwt,591.0,591.4716637902
2024-10-01,Cattle,2,National Restocker Yearling Steer Indicator,c/kg lwt,6996.0,358.6486455689
2024-10-02,Cattle,2,National Restocker Yearling Steer Indicator,c/kg lwt,7450.0,346.5964465369
2024-10-03,Cattle,2,National Restocker Yearling Steer Indicator,c/kg lwt,6008.0,345.206146255
2024-10-04,Cattle,2,National Restocker Yearling Steer Indicator,c/kg lwt,6008.0,345.206146255
2024-10-05,Cattle,2,National Restocker Yearling Steer Indicator,c/kg lwt,6008.0,345.206146255
2024-10-06,Cattle,2,National Restocker Yearling Steer Indicator,c/kg lwt,6008.0,345.206146255
2024-10-07,Cattle,2,National Restocker Yearling Steer Indicator,c/kg lwt,5467.0,344.257275782
2024-10-08,Cattle,2,National Restocker Yearling Steer Indicator,c/kg lwt,4582.0,337.377263182
2024-10-09,Cattle,2,National Restocker Yearling Steer Indicator,c/kg lwt,3658.0,354.8863370421
2024-10-10,Cattle,2,National Restocker Yearling Steer Indicator,c/kg lwt,3562.0,354.8681136721
2024-10-11,Cattle,2,National Restocker Yearling Steer Indicator,c/kg lwt,3562.0,354.8681136721
2024-10-12,Cattle,2,National Restocker Yearling Steer Indicator,c/kg lwt,3562.0,354.8681136721
2024-10-13,Cattle,2,National Restocker Yearling Steer Indicator,c/kg lwt,3562.0,354.8681136721
2024-10-14,Cattle,2,National Restocker Yearling Steer Indicator,c/kg lwt,4076.0,354.0221346663
2024-10-15,Cattle,2,National Restocker Yearling Steer Indicator,c/kg lwt,3829.0,357.9451080178
2024-10-16,Cattle,2,National Restocker Yearling Steer Indicator,c/kg lwt,3600.0,353.95333775
2024-10-17,Cattle,2,National Restocker Yearling Steer Indicator,c/kg lwt,4228.0,351.9825013955
2024-10-18,Cattle,2,National Restocker Yearling Steer Indicator,c/kg lwt,5118.0,345.4632700078
2024-10-19,Cattle,2,National Restocker Yearling Steer Indicator,c/kg lwt,5118.0,345.4632700078
2024-10-20,Cattle,2,National Restocker Yearling Steer Indicator,c/kg lwt,5118.0,345.4632700078
2024-10-21,Cattle,2,National Restocker Yearling Steer Indicator,c/kg lwt,4922.0,346.695045896
2024-10-22,Cattle,2,National Restocker Yearling Steer Indicator,c/kg lwt,5268.0,349.7366786446
2024-10-23,Cattle,2,National Restocker Yearling Steer Indicator,c/kg lwt,5960.0,349.0043669295
2024-10-24,Cattle,2,National Restocker Yearling Steer Indicator,c/kg lwt,5231.0,350.3536660103
2024-10-25,Cattle,2,National Restocker Yearling Steer Indicator,c/kg lwt,4341.0,357.7058343469
2024-10-26,Cattle,2,National Restocker Yearling Steer Indicator,c/kg lwt,4341.0,357.7058343469
2024-10-27,Cattle,2,National Restocker Yearling Steer Indicator,c/kg lwt,4341.0,357.7058343469
2024-10-28,Cattle,2,National Restocker Yearling Steer Indicator,c/kg lwt,4357.0,355.9997766583
2024-10-29,Cattle,2,National Restocker Yearling Steer Indicator,c/kg lwt,3830.0,349.6814148564
2024-10-30,Cattle,2,National Restocker Yearling Steer Indicator,c/kg lwt,4163.0,341.0267633197
2024-10-31,Cattle,2,National Restocker Yearling Steer Indicator,c/kg lwt,5576.0,349.5876671808
2024-11-01,Cattle,2,National Restocker Yearling Steer Indicator,c/kg lwt,5576.0,349.5876671808
2024-11-02,Cattle,2,National Restocker Yearling Steer Indicator,c/kg lwt,5576.0,349.5876671808
2024-11-03,Cattle,2,National Restocker Yearling Steer Indicator,c/kg lwt,5576.0,349.5876671808
2024-11-04,Cattle,2,National Restocker Yearling Steer Indicator,c/kg lwt,5951.0,349.2374108889
2024-11-05,Cattle,2,National Restocker Yearling Steer Indicator,c/kg lwt,6675.0,345.8509115356
2024-11-06,Cattle,2,National Restocker Yearling Steer Indicator,c/kg lwt,6403.0,352.7612738404
2024-11-07,Cattle,2,National Restocker Yearling Steer Indicator,c/kg lwt,5015.0,344.7463648853
2024-11-08,Cattle,2,National Restocker Yearling Steer Indicator,c/kg lwt,5015.0,344.7463648853
2024-11-09,Cattle,2,National Restocker Yearling Steer Indicator,c/kg lwt,5015.0,344.7463648853
2024-11-10,Cattle,2,National Restocker Yearling Steer Indicator,c/kg lwt,5015.0,344.7463648853
2024-11-11,Cattle,2,National Restocker Yearling Steer Indicator,c/kg lwt,4818.0,343.5938189913
2024-11-12,Cattle,2,National Restocker Yearling Steer Indicator,c/kg lwt,4164.0,351.0671037224
2024-11-13,Cattle,2,National Restocker Yearling Steer Indicator,c/kg lwt,3995.0,351.2029581977
2024-11-14,Cattle,2,National Restocker Yearling Steer Indicator,c/kg lwt,4140.0,351.2504391304
2024-11-15,Cattle,2,National Restocker Yearling Steer Indicator,c/kg lwt,4140.0,351.2504391304
2024-11-16,Cattle,2,National Restocker Yearling Steer Indicator,c/kg lwt,4140.0,351.2504391304
2024-11-17,Cattle,2,National Restocker Yearling Steer Indicator,c/kg lwt,4140.0,351.2504391304
2024-11-18,Cattle,2,National Restocker Yearling Steer Indicator,c/kg lwt,3978.0,353.4552081448
2024-11-19,Cattle,2,National Restocker Yearling Steer Indicator,c/kg lwt,4182.0,360.5570581301
2024-11-20,Cattle,2,National Restocker Yearling Steer Indicator,c/kg lwt,4363.0,363.7405033692
2024-11-21,Cattle,2,National Restocker Yearling Steer Indicator,c/kg lwt,4233.0,366.213280463
2024-11-22,Cattle,2,National Restocker Yearling Steer Indicator,c/kg lwt,4233.0,366.213280463
2024-11-23,Cattle,2,National Restocker Yearling Steer Indicator,c/kg lwt,4233.0,366.213280463
2024-11-24,Cattle,2,National Restocker Yearling Steer Indicator,c/kg lwt,4233.0,366.213280463
2024-11-25,Cattle,2,National Restocker Yearling Steer Indicator,c/kg lwt,4355.0,364.1645961424
2024-11-26,Cattle,2,National Restocker Yearling Steer Indicator,c/kg lwt,3885.0,367.4257957272
2024-11-27,Cattle,2,National Restocker Yearling Steer Indicator,c/kg lwt,4222.0,366.5446755092
2024-11-28,Cattle,2,National Restocker Yearling Steer Indicator,c/kg lwt,5383.0,373.5145123537
2024-11-29,Cattle,2,National Restocker Yearling Steer Indicator,c/kg lwt,5407.0,373.0291511004
2024-11-30,Cattle,2,National Restocker Yearling Steer Indicator,c/kg lwt,5407.0,373.0291511004
2024-12-01,Cattle,2,National Restocker Yearling Steer Indicator,c/kg lwt,5407.0,373.0291511004
2024-12-02,Cattle,2,National Restocker Yearling Steer Indicator,c/kg lwt,5765.0,373.8778178664
2024-12-03,Cattle,2,National Restocker Yearling Steer Indicator,c/kg lwt,5892.0,384.2932487271
2024-12-04,Cattle,2,National Restocker Yearling Steer Indicator,c/kg lwt,6059.0,383.9793729988
2024-12-05,Cattle,2,National Restocker Yearling Steer Indicator,c/kg lwt,4911.0,381.3305683364
2024-12-06,Cattle,2,National Restocker Yearling Steer Indicator,c/kg lwt,4887.0,381.9059588909
2024-12-07,Cattle,2,National Restocker Yearling Steer Indicator,c/kg lwt,4887.0,381.9059588909
2024-12-08,Cattle,2,National Restocker Yearling Steer Indicator,c/kg lwt,4887.0,381.9059588909
2024-12-09,Cattle,2,National Restocker Yearling Steer Indicator,c/kg lwt,5013.0,382.3222463794
2024-12-10,Cattle,2,National Restocker Yearling Steer Indicator,c/kg lwt,5212.0,380.4950545088
2024-12-11,Cattle,2,National Restocker Yearling Steer Indicator,c/kg lwt,4730.0,389.0633863848
2024-12-12,Cattle,2,National Restocker Yearling Steer Indicator,c/kg lwt,4686.0,389.8773831626
2024-12-13,Cattle,2,National Restocker Yearling Steer Indicator,c/kg lwt,4686.0,389.8773831626
2024-12-14,Cattle,2,National Restocker Yearling Steer Indicator,c/kg lwt,4686.0,389.8773831626
2024-12-15,Cattle,2,National Restocker Yearling Steer Indicator,c/kg lwt,4686.0,389.8773831626
2024-12-16,Cattle,2,National Restocker Yearling Steer Indicator,c/kg lwt,4028.0,393.9022883565
2024-12-17,Cattle,2,National Restocker Yearling Steer Indicator,c/kg lwt,3044.0,384.1946145861
2024-12-18,Cattle,2,National Restocker Yearling Steer Indicator,c/kg lwt,1453.0,394.9362744666
2024-12-19,Cattle,2,National Restocker Yearling Steer Indicator,c/kg lwt,1268.0,395.1493744479
2024-12-20,Cattle,2,National Restocker Yearling Steer Indicator,c/kg lwt,1268.0,395.1493744479
2024-12-21,Cattle,2,National Restocker Yearling Steer Indicator,c/kg lwt,1268.0,395.1493744479
2024-12-22,Cattle,2,National Restocker Yearling Steer Indicator,c/kg lwt,1268.0,395.1493744479
2024-12-23,Cattle,2,National Restocker Yearling Steer Indicator,c/kg lwt,969.0,406.3585209494
2024-12-24,Cattle,2,National Restocker Yearling Steer Indicator,c/kg lwt,12.0,321.4166666667
2024-12-25,Cattle,2,National Restocker Yearling Steer Indicator,c/kg lwt,7.0,325.0
2024-10-01,Cattle,3,National Feeder Steer Indicator,c/kg lwt,10888.0,352.3540980529
2024-10-02,Cattle,3,National Feeder Steer Indicator,c/kg lwt,9126.0,353.6684653408
2024-10-03,Cattle,3,National Feeder Steer Indicator,c/kg lwt,7506.0,353.4662156541
2024-10-04,Cattle,3,National Feeder Steer Indicator,c/kg lwt,7506.0,353.4662156541
2024-10-05,Cattle,3,National Feeder Steer Indicator,c/kg lwt,7506.0,353.4662156541
2024-10-06,Cattle,3,National Feeder Steer Indicator,c/kg lwt,7506.0,353.4662156541
2024-10-07,Cattle,3,National Feeder Steer Indicator,c/kg lwt,5365.0,348.6492851258
2024-10-08,Cattle,3,National Feeder Steer Indicator,c/kg lwt,6028.0,345.8206732415
2024-10-09,Cattle,3,National Feeder Steer Indicator,c/kg lwt,6002.0,350.6254284572
2024-10-10,Cattle,3,National Feeder Steer Indicator,c/kg lwt,5723.0,349.1790706972
2024-10-11,Cattle,3,National Feeder Steer Indicator,c/kg lwt,5723.0,349.1790706972
2024-10-12,Cattle,3,National Feeder Steer Indicator,c/kg lwt,5723.0,349.1790706972
2024-10-13,Cattle,3,National Feeder Steer Indicator,c/kg lwt,5723.0,349.1790706972
2024-10-14,Cattle,3,National Feeder Steer Indicator,c/kg lwt,7421.0,347.7602508557
2024-10-15,Cattle,3,National Feeder Steer Indicator,c/kg lwt,6405.0,348.7007051678
2024-10-16,Cattle,3,National Feeder Steer Indicator,c/kg lwt,5932.0,346.8252884693
2024-10-17,Cattle,3,National Feeder Steer Indicator,c/kg lwt,5780.0,343.612389481
2024-10-18,Cattle,3,National Feeder Steer Indicator,c/kg lwt,6207.0,338.6276157886
2024-10-19,Cattle,3,National Feeder Steer Indicator,c/kg lwt,6207.0,338.6276157886
2024-10-20,Cattle,3,National Feeder Steer Indicator,c/kg lwt,6207.0,338.6276157886
2024-10-21,Cattle,3,National Feeder Steer Indicator,c/kg lwt,5711.0,336.5273351777
2024-10-22,Cattle,3,National Feeder Steer Indicator,c/kg lwt,6542.0,334.2084091868
2024-10-23,Cattle,3,National Feeder Steer Indicator,c/kg lwt,7195.0,332.4550958443
2024-10-24,Cattle,3,National Feeder Steer Indicator,c/kg lwt,8029.0,335.4839226056
2024-10-25,Cattle,3,National Feeder Steer Indicator,c/kg lwt,7602.0,339.0973973428
2024-10-26,Cattle,3,National Feeder Steer Indicator,c/kg lwt,7602.0,339.0973973428
2024-10-27,Cattle,3,National Feeder Steer Indicator,c/kg lwt,7602.0,339.0973973428
2024-10-28,Cattle,3,National Feeder Steer Indicator,c/kg lwt,8204.0,339.6995873476
2024-10-29,Cattle,3,National Feeder Steer Indicator,c/kg lwt,8771.0,342.7983836849
2024-10-30,Cattle,3,National Feeder Steer Indicator,c/kg lwt,8590.0,343.2852179511
2024-10-31,Cattle,3,National Feeder Steer Indicator,c/kg lwt,8568.0,341.1685838585
2024-11-01,Cattle,3,National Feeder Steer Indicator,c/kg lwt,8568.0,341.1685838585
2024-11-02,Cattle,3,National Feeder Steer Indicator,c/kg lwt,8568.0,341.1685838585
2024-11-03,Cattle,3,National Feeder Steer Indicator,c/kg lwt,8568.0,341.1685838585
2024-11-04,Cattle,3,National Feeder Steer Indicator,c/kg lwt,8474.0,340.7733569153
2024-11-05,Cattle,3,National Feeder Steer Indicator,c/kg lwt,8100.0,337.6607924444
2024-11-06,Cattle,3,National Feeder Steer Indicator,c/kg lwt,8155.0,337.8953060576
2024-11-07,Cattle,3,National Feeder Steer Indicator,c/kg lwt,7584.0,336.0367637922
2024-11-08,Cattle,3,National Feeder Steer Indicator,c/kg lwt,7584.0,336.0367637922
2024-11-09,Cattle,3,National Feeder Steer Indicator,c/kg lwt,7584.0,336.0367637922
2024-11-10,Cattle,3,National Feeder Steer Indicator,c/kg lwt,7584.0,336.0367637922
2024-11-11,Cattle,3,National Feeder Steer Indicator,c/kg lwt,7992.0,336.039891967
2024-11-12,Cattle,3,National Feeder Steer Indicator,c/kg lwt,7281.0,337.8405462574
2024-11-13,Cattle,3,National Feeder Steer Indicator,c/kg lwt,7657.0,340.957896944
2024-11-14,Cattle,3,National Feeder Steer Indicator,c/kg lwt,7804.0,343.4831646463
2024-11-15,Cattle,3,National Feeder Steer Indicator,c/kg lwt,7804.0,343.4831646463
2024-11-16,Cattle,3,National Feeder Steer Indicator,c/kg lwt,7804.0,343.4831646463
2024-11-17,Cattle,3,National Feeder Steer Indicator,c/kg lwt,7804.0,343.4831646463
2024-11-18,Cattle,3,National Feeder Steer Indicator,c/kg lwt,7681.0,343.6533806666
2024-11-19,Cattle,3,National Feeder Steer Indicator,c/kg lwt,8305.0,344.9477683564
2024-11-20,Cattle,3,National Feeder Steer Indicator,c/kg lwt,8297.0,344.0873105942
2024-11-21,Cattle,3,National Feeder Steer Indicator,c/kg lwt,8511.0,343.6032682411
2024-11-22,Cattle,3,National Feeder Steer Indicator,c/kg lwt,8511.0,343.6032682411
2024-11-23,Cattle,3,National Feeder Steer Indicator,c/kg lwt,8511.0,343.6032682411
2024-11-24,Cattle,3,National Feeder Steer Indicator,c/kg lwt,8511.0,343.6032682411
2024-11-25,Cattle,3,National Feeder Steer Indicator,c/kg lwt,8386.0,341.7582179824
2024-11-26,Cattle,3,National Feeder Steer Indicator,c/kg lwt,8813.0,343.6410326223
2024-11-27,Cattle,3,National Feeder Steer Indicator,c/kg lwt,9462.0,344.74990762
2024-11-28,Cattle,3,National Feeder Steer Indicator,c/kg lwt,9176.0,348.6073044791
2024-11-29,Cattle,3,National Feeder Steer Indicator,c/kg lwt,9277.0,347.9823893392
2024-11-30,Cattle,3,National Feeder Steer Indicator,c/kg lwt,9277.0,347.9823893392
2024-12-01,Cattle,3,National Feeder Steer Indicator,c/kg lwt,9277.0,347.9823893392
2024-12-02,Cattle,3,National Feeder Steer Indicator,c/kg lwt,8941.0,351.8312969355
2024-12-03,Cattle,3,National Feeder Steer Indicator,c/kg lwt,7800.0,353.2962843974
2024-12-04,Cattle,3,National Feeder Steer Indicator,c/kg lwt,7599.0,354.4882505066
2024-12-05,Cattle,3,National Feeder Steer Indicator,c/kg lwt,7493.0,355.76767858
2024-12-06,Cattle,3,National Feeder Steer Indicator,c/kg lwt,7434.0,356.1150411084
2024-12-07,Cattle,3,National Feeder Steer Indicator,c/kg lwt,7434.0,356.1150411084
2024-12-08,Cattle,3,National Feeder Steer Indicator,c/kg lwt,7434.0,356.1150411084
2024-12-09,Cattle,3,National Feeder Steer Indicator,c/kg lwt,8730.0,360.124652417
2024-12-10,Cattle,3,National Feeder Steer Indicator,c/kg lwt,9907.0,362.9392772989
2024-12-11,Cattle,3,National Feeder Steer Indicator,c/kg lwt,9468.0,362.8951637199
2024-12-12,Cattle,3,National Feeder Steer Indicator,c/kg lwt,9046.0,363.3938990051
2024-12-13,Cattle,3,National Feeder Steer Indicator,c/kg lwt,9132.0,362.6372328515
2024-12-14,Cattle,3,National Feeder Steer Indicator,c/kg lwt,9132.0,362.6372328515
2024-12-15,Cattle,3,National Feeder Steer Indicator,c/kg lwt,9132.0,362.6372328515
2024-12-16,Cattle,3,National Feeder Steer Indicator,c/kg lwt,7574.0,360.0770016372
2024-12-17,Cattle,3,National Feeder Steer Indicator,c/kg lwt,5143.0,352.1045694342
2024-12-18,Cattle,3,National Feeder Steer Indicator,c/kg lwt,3392.0,353.4477596108
2024-12-19,Cattle,3,National Feeder Steer Indicator,c/kg lwt,2348.0,342.992334029
2024-12-20,Cattle,3,National Feeder Steer Indicator,c/kg lwt,2220.0,346.846846982
2024-12-21,Cattle,3,National Feeder Steer Indicator,c/kg lwt,2220.0,346.846846982
2024-12-22,Cattle,3,National Feeder Steer Indicator,c/kg lwt,2220.0,346.846846982
2024-12-23,Cattle,3,National Feeder Steer Indicator,c/kg lwt,818.0,351.3068463325
2024-12-24,Cattle,3,National Feeder Steer Indicator,c/kg lwt,67.0,305.3582089552
2024-12-25,Cattle,3,National Feeder Steer Indicator,c/kg lwt,17.0,314.5882352941
2024-10-01,Cattle,4,National Heavy Steer Indicator,c/kg lwt,2067.0,340.3042119497
2024-10-02,Cattle,4,National Heavy Steer Indicator,c/kg lwt,2760.0,327.5445673913
2024-10-03,Cattle,4,National Heavy Steer Indicator,c/kg lwt,2759.0,325.7821696267
2024-10-04,Cattle,4,National Heavy Steer Indicator,c/kg lwt,2759.0,325.7821696267
2024-10-05,Cattle,4,National Heavy Steer Indicator,c/kg lwt,2759.0,325.7821696267
2024-10-06,Cattle,4,National Heavy Steer Indicator,c/kg lwt,2759.0,325.7821696267
2024-10-07,Cattle,4,National Heavy Steer Indicator,c/kg lwt,2610.0,325.1551747126
2024-10-08,Cattle,4,National Heavy Steer Indicator,c/kg lwt,2627.0,326.0609834412
2024-10-09,Cattle,4,National Heavy Steer Indicator,c/kg lwt,1700.0,339.5867070588
2024-10-10,Cattle,4,National Heavy Steer Indicator,c/kg lwt,1573.0,341.0358563255
2024-10-11,Cattle,4,National Heavy Steer Indicator,c/kg lwt,1573.0,341.0358563255
2024-10-12,Cattle,4,National Heavy Steer Indicator,c/kg lwt,1573.0,341.0358563255
2024-10-13,Cattle,4,National Heavy Steer Indicator,c/kg lwt,1573.0,341.0358563255
2024-10-14,Cattle,4,National Heavy Steer Indicator,c/kg lwt,1916.0,340.4605438413
2024-10-15,Cattle,4,National Heavy Steer Indicator,c/kg lwt,1914.0,337.4615482236
2024-10-16,Cattle,4,National Heavy Steer Indicator,c/kg lwt,2004.0,332.6247525948
2024-10-17,Cattle,4,National Heavy Steer Indicator,c/kg lwt,2074.0,327.2010627772
2024-10-18,Cattle,4,National Heavy Steer Indicator,c/kg lwt,2112.0,326.9337141098
2024-10-19,Cattle,4,National Heavy Steer Indicator,c/kg lwt,2112.0,326.9337141098
2024-10-20,Cattle,4,National Heavy Steer Indicator,c/kg lwt,2112.0,326.9337141098
2024-10-21,Cattle,4,National Heavy Steer Indicator,c/kg lwt,2121.0,326.8689317303
2024-10-22,Cattle,4,National Heavy Steer Indicator,c/kg lwt,2114.0,323.9681186377
2024-10-23,Cattle,4,National Heavy Steer Indicator,c/kg lwt,2268.0,324.3261922399
2024-10-24,Cattle,4,National Heavy Steer Indicator,c/kg lwt,2268.0,325.4359805996
2024-10-25,Cattle,4,National Heavy Steer Indicator,c/kg lwt,2230.0,325.6591049327
2024-10-26,Cattle,4,National Heavy Steer Indicator,c/kg lwt,2230.0,325.6591049327
2024-10-27,Cattle,4,National Heavy Steer Indicator,c/kg lwt,2230.0,325.6591049327
2024-10-28,Cattle,4,National Heavy Steer Indicator,c/kg lwt,2204.0,324.3538130672
2024-10-29,Cattle,4,National Heavy Steer Indicator,c/kg lwt,2341.0,324.4422916275
2024-10-30,Cattle,4,National Heavy Steer Indicator,c/kg lwt,2117.0,326.8858781294
2024-10-31,Cattle,4,National Heavy Steer Indicator,c/kg lwt,2126.0,327.216558984
2024-11-01,Cattle,4,National Heavy Steer Indicator,c/kg lwt,2126.0,327.216558984
2024-11-02,Cattle,4,National Heavy Steer Indicator,c/kg lwt,2126.0,327.216558984
2024-11-03,Cattle,4,National Heavy Steer Indicator,c/kg lwt,2126.0,327.216558984
2024-11-04,Cattle,4,National Heavy Steer Indicator,c/kg lwt,2276.0,326.38418471
2024-11-05,Cattle,4,National Heavy Steer Indicator,c/kg lwt,2053.0,326.0738452996
2024-11-06,Cattle,4,National Heavy Steer Indicator,c/kg lwt,2585.0,326.4912985687
2024-11-07,Cattle,4,National Heavy Steer Indicator,c/kg lwt,2510.0,326.3107595219
2024-11-08,Cattle,4,National Heavy Steer Indicator,c/kg lwt,2510.0,326.3107595219
2024-11-09,Cattle,4,National Heavy Steer Indicator,c/kg lwt,2510.0,326.3107595219
2024-11-10,Cattle,4,National Heavy Steer Indicator,c/kg lwt,2510.0,326.3107595219
2024-11-11,Cattle,4,National Heavy Steer Indicator,c/kg lwt,2514.0,328.6507583134
2024-11-12,Cattle,4,National Heavy Steer Indicator,c/kg lwt,2717.0,330.9771830328
2024-11-13,Cattle,4,National Heavy Steer Indicator,c/kg lwt,2588.0,335.3122125193
2024-11-14,Cattle,4,National Heavy Steer Indicator,c/kg lwt,2666.0,334.2453135784
2024-11-15,Cattle,4,National Heavy Steer Indicator,c/kg lwt,2666.0,334.2453135784
2024-11-16,Cattle,4,National Heavy Steer Indicator,c/kg lwt,2666.0,334.2453135784
2024-11-17,Cattle,4,National Heavy Steer Indicator,c/kg lwt,2666.0,334.2453135784
2024-11-18,Cattle,4,National Heavy Steer Indicator,c/kg lwt,2610.0,332.5160942529
2024-11-19,Cattle,4,National Heavy Steer Indicator,c/kg lwt,3330.0,326.7756773874
2024-11-20,Cattle,4,National Heavy Steer Indicator,c/kg lwt,3100.0,322.0790328387
2024-11-21,Cattle,4,National Heavy Steer Indicator,c/kg lwt,3221.0,322.8475634275
2024-11-22,Cattle,4,National Heavy Steer Indicator,c/kg lwt,3221.0,322.8475634275
2024-11-23,Cattle,4,National Heavy Steer Indicator,c/kg lwt,3221.0,322.8475634275
2024-11-24,Cattle,4,National Heavy Steer Indicator,c/kg lwt,3221.0,322.8475634275
2024-11-25,Cattle,4,National Heavy Steer Indicator,c/kg lwt,3438.0,321.3379877254
2024-11-26,Cattle,4,National Heavy Steer Indicator,c/kg lwt,2840.0,322.1814090845
2024-11-27,Cattle,4,National Heavy Steer Indicator,c/kg lwt,2994.0,322.2229798597
2024-11-28,Cattle,4,National Heavy Steer Indicator,c/kg lwt,2705.0,322.4249913863
2024-11-29,Cattle,4,National Heavy Steer Indicator,c/kg lwt,2748.0,321.2232902838
2024-11-30,Cattle,4,National Heavy Steer Indicator,c/kg lwt,2748.0,321.2232902838
2024-12-01,Cattle,4,National Heavy Steer Indicator,c/kg lwt,2748.0,321.2232902838
2024-12-02,Cattle,4,National Heavy Steer Indicator,c/kg lwt,2281.0,323.2725128014
2024-12-03,Cattle,4,National Heavy Steer Indicator,c/kg lwt,2245.0,326.5978627171
2024-12-04,Cattle,4,National Heavy Steer Indicator,c/kg lwt,2170.0,330.4866367742
2024-12-05,Cattle,4,National Heavy Steer Indicator,c/kg lwt,2194.0,331.939380948
2024-12-06,Cattle,4,National Heavy Steer Indicator,c/kg lwt,2173.0,332.8775894156
2024-12-07,Cattle,4,National Heavy Steer Indicator,c/kg lwt,2173.0,332.8775894156
2024-12-08,Cattle,4,National Heavy Steer Indicator,c/kg lwt,2173.0,332.8775894156
2024-12-09,Cattle,4,National Heavy Steer Indicator,c/kg lwt,2663.0,333.5279766429
2024-12-10,Cattle,4,National Heavy Steer Indicator,c/kg lwt,2757.0,331.6557131665
2024-12-11,Cattle,4,National Heavy Steer Indicator,c/kg lwt,2498.0,329.4145718175
2024-12-12,Cattle,4,National Heavy Steer Indicator,c/kg lwt,2385.0,328.9964781551
2024-12-13,Cattle,4,National Heavy Steer Indicator,c/kg lwt,2402.0,328.5364697752
2024-12-14,Cattle,4,National Heavy Steer Indicator,c/kg lwt,2402.0,328.5364697752
2024-12-15,Cattle,4,National Heavy Steer Indicator,c/kg lwt,2402.0,328.5364697752
2024-12-16,Cattle,4,National Heavy Steer Indicator,c/kg lwt,2048.0,326.7854494141
2024-12-17,Cattle,4,National Heavy Steer Indicator,c/kg lwt,1194.0,322.0
2024-12-18,Cattle,4,National Heavy Steer Indicator,c/kg lwt,782.0,321.8823529412
2024-12-19,Cattle,4,National Heavy Steer Indicator,c/kg lwt,722.0,320.6980609418
2024-12-20,Cattle,4,National Heavy Steer Indicator,c/kg lwt,683.0,324.196193265
2024-12-21,Cattle,4,National Heavy Steer Indicator,c/kg lwt,683.0,324.196193265
2024-12-22,Cattle,4,National Heavy Steer Indicator,c/kg lwt,683.0,324.196193265
2024-12-23,Cattle,4,National Heavy Steer Indicator,c/kg lwt,249.0,320.562248996
2024-12-24,Cattle,4,National Heavy Steer Indicator,c/kg lwt,67.0,324.2388059701
2024-12-25,Cattle,4,National Heavy Steer Indicator,c/kg lwt,5.0,230.0
2024-10-01,Cattle,5,National Heavy Dairy Cow Indicator,c/kg lwt,921.0,251.7947882736
2024-10-02,Cattle,5,National Heavy Dairy Cow Indicator,c/kg lwt,874.0,249.5263157895
2024-10-03,Cattle,5,National Heavy Dairy Cow Indicator,c/kg lwt,886.0,248.381489842
2024-10-04,Cattle,5,National Heavy Dairy Cow Indicator,c/kg lwt,886.0,248.381489842
2024-10-05,Cattle,5,National Heavy Dairy Cow Indicator,c/kg lwt,886.0,248.381489842
2024-10-06,Cattle,5,National Heavy Dairy Cow Indicator,c/kg lwt,886.0,248.381489842
2024-10-07,Cattle,5,National Heavy Dairy Cow Indicator,c/kg lwt,807.0,249.0793060719
2024-10-08,Cattle,5,National Heavy Dairy Cow Indicator,c/kg lwt,1111.0,255.1116111611
2024-10-09,Cattle,5,National Heavy Dairy Cow Indicator,c/kg lwt,1151.0,255.6034752389
2024-10-10,Cattle,5,National Heavy Dairy Cow Indicator,c/kg lwt,1139.0,256.5580333626
2024-10-11,Cattle,5,National Heavy Dairy Cow Indicator,c/kg lwt,1139.0,256.5580333626
2024-10-12,Cattle,5,National Heavy Dairy Cow Indicator,c/kg lwt,1139.0,256.5580333626
2024-10-13,Cattle,5,National Heavy Dairy Cow Indicator,c/kg lwt,1139.0,256.5580333626
2024-10-14,Cattle,5,National Heavy Dairy Cow Indicator,c/kg lwt,1072.0,253.1003731343
2024-10-15,Cattle,5,National Heavy Dairy Cow Indicator,c/kg lwt,893.0,237.4347144457
2024-10-16,Cattle,5,National Heavy Dairy Cow Indicator,c/kg lwt,858.0,233.9715617716
2024-10-17,Cattle,5,National Heavy Dairy Cow Indicator,c/kg lwt,858.0,233.9715617716
2024-10-18,Cattle,5,National Heavy Dairy Cow Indicator,c/kg lwt,858.0,233.9715617716
2024-10-19,Cattle,5,National Heavy Dairy Cow Indicator,c/kg lwt,858.0,233.9715617716
2024-10-20,Cattle,5,National Heavy Dairy Cow Indicator,c/kg lwt,858.0,233.9715617716
2024-10-21,Cattle,5,National Heavy Dairy Cow Indicator,c/kg lwt,821.0,232.8302070646
2024-10-22,Cattle,5,National Heavy Dairy Cow Indicator,c/kg lwt,745.0,229.6818791946
2024-10-23,Cattle,5,National Heavy Dairy Cow Indicator,c/kg lwt,792.0,231.9856060606
2024-10-24,Cattle,5,National Heavy Dairy Cow Indicator,c/kg lwt,792.0,231.9856060606
2024-10-25,Cattle,5,National Heavy Dairy Cow Indicator,c/kg lwt,792.0,231.9856060606
2024-10-26,Cattle,5,National Heavy Dairy Cow Indicator,c/kg lwt,792.0,231.9856060606
2024-10-27,Cattle,5,National Heavy Dairy Cow Indicator,c/kg lwt,792.0,231.9856060606
2024-10-28,Cattle,5,National Heavy Dairy Cow Indicator,c/kg lwt,701.0,230.570042796
2024-10-29,Cattle,5,National Heavy Dairy Cow Indicator,c/kg lwt,565.0,236.6594690265
2024-10-30,Cattle,5,National Heavy Dairy Cow Indicator,c/kg lwt,552.0,233.356884058
2024-10-31,Cattle,5,National Heavy Dairy Cow Indicator,c/kg lwt,552.0,233.356884058
2024-11-01,Cattle,5,National Heavy Dairy Cow Indicator,c/kg lwt,552.0,233.356884058
2024-11-02,Cattle,5,National Heavy Dairy Cow Indicator,c/kg lwt,552.0,233.356884058
2024-11-03,Cattle,5,National Heavy Dairy Cow Indicator,c/kg lwt,552.0,233.356884058
2024-11-04,Cattle,5,National Heavy Dairy Cow Indicator,c/kg lwt,609.0,236.210180624
2024-11-05,Cattle,5,National Heavy Dairy Cow Indicator,c/kg lwt,388.0,228.9278350515
2024-11-06,Cattle,5,National Heavy Dairy Cow Indicator,c/kg lwt,368.0,236.4663043478
2024-11-07,Cattle,5,National Heavy Dairy Cow Indicator,c/kg lwt,368.0,236.4663043478
2024-11-08,Cattle,5,National Heavy Dairy Cow Indicator,c/kg lwt,368.0,236.4663043478
2024-11-09,Cattle,5,National Heavy Dairy Cow Indicator,c/kg lwt,368.0,236.4663043478
2024-11-10,Cattle,5,National Heavy Dairy Cow Indicator,c/kg lwt,368.0,236.4663043478
2024-11-11,Cattle,5,National Heavy Dairy Cow Indicator,c/kg lwt,441.0,241.3891156463
2024-11-12,Cattle,5,National Heavy Dairy Cow Indicator,c/kg lwt,780.0,231.0112820513
2024-11-13,Cattle,5,National Heavy Dairy Cow Indicator,c/kg lwt,811.0,229.7390874229
2024-11-14,Cattle,5,National Heavy Dairy Cow Indicator,c/kg lwt,811.0,229.7390874229
2024-11-15,Cattle,5,National Heavy Dairy Cow Indicator,c/kg lwt,811.0,229.7390874229
2024-11-16,Cattle,5,National Heavy Dairy Cow Indicator,c/kg lwt,811.0,229.7390874229
2024-11-17,Cattle,5,National Heavy Dairy Cow Indicator,c/kg lwt,811.0,229.7390874229
2024-11-18,Cattle,5,National Heavy Dairy Cow Indicator,c/kg lwt,809.0,225.0932013597
2024-11-19,Cattle,5,National Heavy Dairy Cow Indicator,c/kg lwt,902.0,221.7430154102
2024-11-20,Cattle,5,National Heavy Dairy Cow Indicator,c/kg lwt,888.0,220.1743244369
2024-11-21,Cattle,5,National Heavy Dairy Cow Indicator,c/kg lwt,888.0,220.1743244369
2024-11-22,Cattle,5,National Heavy Dairy Cow Indicator,c/kg lwt,888.0,220.1743244369
2024-11-23,Cattle,5,National Heavy Dairy Cow Indicator,c/kg lwt,888.0,220.1743244369
2024-11-24,Cattle,5,National Heavy Dairy Cow Indicator,c/kg lwt,888.0,220.1743244369
2024-11-25,Cattle,5,National Heavy Dairy Cow Indicator,c/kg lwt,912.0,211.7859650219
2024-11-26,Cattle,5,National Heavy Dairy Cow Indicator,c/kg lwt,727.0,210.7411280605
2024-11-27,Cattle,5,National Heavy Dairy Cow Indicator,c/kg lwt,685.0,210.4408759124
2024-11-28,Cattle,5,National Heavy Dairy Cow Indicator,c/kg lwt,685.0,210.4408759124
2024-11-29,Cattle,5,National Heavy Dairy Cow Indicator,c/kg lwt,685.0,210.4408759124
2024-11-30,Cattle,5,National Heavy Dairy Cow Indicator,c/kg lwt,685.0,210.4408759124
2024-12-01,Cattle,5,National Heavy Dairy Cow Indicator,c/kg lwt,685.0,210.4408759124
2024-12-02,Cattle,5,National Heavy Dairy Cow Indicator,c/kg lwt,600.0,221.1383333333
2024-12-03,Cattle,5,National Heavy Dairy Cow Indicator,c/kg lwt,654.0,238.8027522936
2024-12-04,Cattle,5,National Heavy Dairy Cow Indicator,c/kg lwt,735.0,233.9945578231
2024-12-05,Cattle,5,National Heavy Dairy Cow Indicator,c/kg lwt,739.0,234.1082543978
2024-12-06,Cattle,5,National Heavy Dairy Cow Indicator,c/kg lwt,739.0,234.1082543978
2024-12-07,Cattle,5,National Heavy Dairy Cow Indicator,c/kg lwt,739.0,234.1082543978
2024-12-08,Cattle,5,National Heavy Dairy Cow Indicator,c/kg lwt,739.0,234.1082543978
2024-12-09,Cattle,5,National Heavy Dairy Cow Indicator,c/kg lwt,951.0,236.6309148265
2024-12-10,Cattle,5,National Heavy Dairy Cow Indicator,c/kg lwt,1145.0,238.2165938865
2024-12-11,Cattle,5,National Heavy Dairy Cow Indicator,c/kg lwt,1069.0,241.144059869
2024-12-12,Cattle,5,National Heavy Dairy Cow Indicator,c/kg lwt,1065.0,241.0920187793
2024-12-13,Cattle,5,National Heavy Dairy Cow Indicator,c/kg lwt,1065.0,241.0920187793
2024-12-14,Cattle,5,National Heavy Dairy Cow Indicator,c/kg lwt,1065.0,241.0920187793
2024-12-15,Cattle,5,National Heavy Dairy Cow Indicator,c/kg lwt,1065.0,241.0920187793
2024-12-16,Cattle,5,National Heavy Dairy Cow Indicator,c/kg lwt,1061.0,236.9830348728
2024-12-17,Cattle,5,National Heavy Dairy Cow Indicator,c/kg lwt,717.0,229.7740585774
2024-12-18,Cattle,5,National Heavy Dairy Cow Indicator,c/kg lwt,651.0,233.3870967742
2024-12-19,Cattle,5,National Heavy Dairy Cow Indicator,c/kg lwt,651.0,233.3870967742
2024-12-20,Cattle,5,National Heavy Dairy Cow Indicator,c/kg lwt,651.0,233.3870967742
2024-12-21,Cattle,5,National Heavy Dairy Cow Indicator,c/kg lwt,651.0,233.3870967742
2024-12-22,Cattle,5,National Heavy Dairy Cow Indicator,c/kg lwt,651.0,233.3870967742
2024-12-23,Cattle,5,National Heavy Dairy Cow Indicator,c/kg lwt,274.0,237.8503649635
2024-12-24,Cattle,5,National Heavy Dairy Cow Indicator,c/kg lwt,20.0,246.2
2024-10-01,Sheep,6,National Light Lamb Indicator,c/kg cwt,26496.0,622.1039313934
2024-10-02,Sheep,6,National Light Lamb Indicator,c/kg cwt,26356.0,643.2756613826
2024-10-03,Sheep,6,National Light Lamb Indicator,c/kg cwt,28417.0,645.5659555266
2024-10-04,Sheep,6,National Light Lamb Indicator,c/kg cwt,28964.0,646.3744322262
2024-10-05,Sheep,6,National Light Lamb Indicator,c/kg cwt,28964.0,646.3744322262
2024-10-06,Sheep,6,National Light Lamb Indicator,c/kg cwt,28964.0,646.3744322262
2024-10-07,Sheep,6,National Light Lamb Indicator,c/kg cwt,23678.0,643.9581996157
2024-10-08,Sheep,6,National Light Lamb Indicator,c/kg cwt,27905.0,633.2875752625
2024-10-09,Sheep,6,National Light Lamb Indicator,c/kg cwt,27242.0,627.6534868732
2024-10-10,Sheep,6,National Light Lamb Indicator,c/kg cwt,26474.0,640.8988953313
2024-10-11,Sheep,6,National Light Lamb Indicator,c/kg cwt,26150.0,639.2463731511
2024-10-12,Sheep,6,National Light Lamb Indicator,c/kg cwt,26150.0,639.2463731511
2024-10-13,Sheep,6,National Light Lamb Indicator,c/kg cwt,26150.0,639.2463731511
2024-10-14,Sheep,6,National Light Lamb Indicator,c/kg cwt,30196.0,637.4688379454
2024-10-15,Sheep,6,National Light Lamb Indicator,c/kg cwt,27133.0,632.5462441418
2024-10-16,Sheep,6,National Light Lamb Indicator,c/kg cwt,27990.0,631.4126819185
2024-10-17,Sheep,6,National Light Lamb Indicator,c/kg cwt,27790.0,627.8741529615
2024-10-18,Sheep,6,National Light Lamb Indicator,c/kg cwt,28227.0,633.0778954937
2024-10-19,Sheep,6,National Light Lamb Indicator,c/kg cwt,28227.0,633.0778954937
2024-10-20,Sheep,6,National Light Lamb Indicator,c/kg cwt,28227.0,633.0778954937
2024-10-21,Sheep,6,National Light Lamb Indicator,c/kg cwt,27861.0,654.2596458634
2024-10-22,Sheep,6,National Light Lamb Indicator,c/kg cwt,31188.0,685.6781275779
2024-10-23,Sheep,6,National Light Lamb Indicator,c/kg cwt,33094.0,697.2727838672
2024-10-24,Sheep,6,National Light Lamb Indicator,c/kg cwt,36392.0,720.178216064
2024-10-25,Sheep,6,National Light Lamb Indicator,c/kg cwt,35659.0,718.9475670406
2024-10-26,Sheep,6,National Light Lamb Indicator,c/kg cwt,35659.0,718.9475670406
2024-10-27,Sheep,6,National Light Lamb Indicator,c/kg cwt,35659.0,718.9475670406
2024-10-28,Sheep,6,National Light Lamb Indicator,c/kg cwt,35889.0,708.8926480704
2024-10-29,Sheep,6,National Light Lamb Indicator,c/kg cwt,34475.0,715.8386142973
2024-10-30,Sheep,6,National Light Lamb Indicator,c/kg cwt,38086.0,716.2653685711
2024-10-31,Sheep,6,National Light Lamb Indicator,c/kg cwt,36470.0,710.5619940088
2024-11-01,Sheep,6,National Light Lamb Indicator,c/kg cwt,38075.0,712.5651752042
2024-11-02,Sheep,6,National Light Lamb Indicator,c/kg cwt,38075.0,712.5651752042
2024-11-03,Sheep,6,National Light Lamb Indicator,c/kg cwt,38075.0,712.5651752042
2024-11-04,Sheep,6,National Light Lamb Indicator,c/kg cwt,41167.0,704.9334419268
2024-11-05,Sheep,6,National Light Lamb Indicator,c/kg cwt,42111.0,707.3980808577
2024-11-06,Sheep,6,National Light Lamb Indicator,c/kg cwt,40850.0,694.7796427417
2024-11-07,Sheep,6,National Light Lamb Indicator,c/kg cwt,43495.0,681.345367502
2024-11-08,Sheep,6,National Light Lamb Indicator,c/kg cwt,41790.0,677.9505032257
2024-11-09,Sheep,6,National Light Lamb Indicator,c/kg cwt,41790.0,677.9505032257
2024-11-10,Sheep,6,National Light Lamb Indicator,c/kg cwt,41790.0,677.9505032257
2024-11-11,Sheep,6,National Light Lamb Indicator,c/kg cwt,38403.0,678.4717941619
2024-11-12,Sheep,6,National Light Lamb Indicator,c/kg cwt,38916.0,660.4589540086
2024-11-13,Sheep,6,National Light Lamb Indicator,c/kg cwt,40401.0,668.1944295265
2024-11-14,Sheep,6,National Light Lamb Indicator,c/kg cwt,38824.0,672.9104404415
2024-11-15,Sheep,6,National Light Lamb Indicator,c/kg cwt,40115.0,674.3631275184
2024-11-16,Sheep,6,National Light Lamb Indicator,c/kg cwt,40115.0,674.3631275184
2024-11-17,Sheep,6,National Light Lamb Indicator,c/kg cwt,40115.0,674.3631275184
2024-11-18,Sheep,6,National Light Lamb Indicator,c/kg cwt,40586.0,678.8748916917
2024-11-19,Sheep,6,National Light Lamb Indicator,c/kg cwt,45131.0,697.8379487869
2024-11-20,Sheep,6,National Light Lamb Indicator,c/kg cwt,45882.0,714.4223322436
2024-11-21,Sheep,6,National Light Lamb Indicator,c/kg cwt,44842.0,710.3736065474
2024-11-22,Sheep,6,National Light Lamb Indicator,c/kg cwt,44583.0,709.9641907027
2024-11-23,Sheep,6,National Light Lamb Indicator,c/kg cwt,44583.0,709.9641907027
2024-11-24,Sheep,6,National Light Lamb Indicator,c/kg cwt,44583.0,709.9641907027
2024-11-25,Sheep,6,National Light Lamb Indicator,c/kg cwt,46525.0,714.9841808469
2024-11-26,Sheep,6,National Light Lamb Indicator,c/kg cwt,39228.0,721.9771169573
2024-11-27,Sheep,6,National Light Lamb Indicator,c/kg cwt,43906.0,721.3126813123
2024-11-28,Sheep,6,National Light Lamb Indicator,c/kg cwt,41077.0,729.3178459698
2024-11-29,Sheep,6,National Light Lamb Indicator,c/kg cwt,40045.0,730.0144085129
2024-11-30,Sheep,6,National Light Lamb Indicator,c/kg cwt,40045.0,730.0144085129
2024-12-01,Sheep,6,National Light Lamb Indicator,c/kg cwt,40045.0,730.0144085129
2024-12-02,Sheep,6,National Light Lamb Indicator,c/kg cwt,40441.0,727.930998007
2024-12-03,Sheep,6,National Light Lamb Indicator,c/kg cwt,43847.0,730.5110234908
2024-12-04,Sheep,6,National Light Lamb Indicator,c/kg cwt,40757.0,726.8679963884
2024-12-05,Sheep,6,National Light Lamb Indicator,c/kg cwt,41157.0,727.9501238744
2024-12-06,Sheep,6,National Light Lamb Indicator,c/kg cwt,43234.0,727.8944263473
2024-12-07,Sheep,6,National Light Lamb Indicator,c/kg cwt,43234.0,727.8944263473
2024-12-08,Sheep,6,National Light Lamb Indicator,c/kg cwt,43234.0,727.8944263473
2024-12-09,Sheep,6,National Light Lamb Indicator,c/kg cwt,45597.0,734.4429207229
2024-12-10,Sheep,6,National Light Lamb Indicator,c/kg cwt,43508.0,740.7621897099
2024-12-11,Sheep,6,National Light Lamb Indicator,c/kg cwt,49637.0,766.7724270806
2024-12-12,Sheep,6,National Light Lamb Indicator,c/kg cwt,60180.0,794.1193175872
2024-12-13,Sheep,6,National Light Lamb Indicator,c/kg cwt,59049.0,794.1876937391
2024-12-14,Sheep,6,National Light Lamb Indicator,c/kg cwt,59049.0,794.1876937391
2024-12-15,Sheep,6,National Light Lamb Indicator,c/kg cwt,59049.0,794.1876937391
2024-12-16,Sheep,6,National Light Lamb Indicator,c/kg cwt,57972.0,801.948267474
2024-12-17,Sheep,6,National Light Lamb Indicator,c/kg cwt,56785.0,812.1400372616
2024-12-18,Sheep,6,National Light Lamb Indicator,c/kg cwt,54950.0,825.1631795651
2024-12-19,Sheep,6,National Light Lamb Indicator,c/kg cwt,41697.0,804.775799458
2024-12-20,Sheep,6,National Light Lamb Indicator,c/kg cwt,40751.0,808.3557099065
2024-12-21,Sheep,6,National Light Lamb Indicator,c/kg cwt,40751.0,808.3557099065
2024-12-22,Sheep,6,National Light Lamb Indicator,c/kg cwt,40751.0,808.3557099065
2024-12-23,Sheep,6,National Light Lamb Indicator,c/kg cwt,30782.0,819.4765860113
2024-12-24,Sheep,6,National Light Lamb Indicator,c/kg cwt,19637.0,827.9554250751
2024-12-25,Sheep,6,National Light Lamb Indicator,c/kg cwt,1498.0,918.8290269693
2024-10-01,Sheep,7,National Trade Lamb Indicator,c/kg cwt,34415.0,772.6324608572
2024-10-02,Sheep,7,National Trade Lamb Indicator,c/kg cwt,34975.0,776.5083401716
2024-10-03,Sheep,7,National Trade Lamb Indicator,c/kg cwt,37387.0,785.6675112339
2024-10-04,Sheep,7,National Trade Lamb Indicator,c/kg cwt,36043.0,789.9211499459
2024-10-05,Sheep,7,National Trade Lamb Indicator,c/kg cwt,36043.0,789.9211499459
2024-10-06,Sheep,7,National Trade Lamb Indicator,c/kg cwt,36043.0,789.9211499459
2024-10-07,Sheep,7,National Trade Lamb Indicator,c/kg cwt,31523.0,787.0130006852
2024-10-08,Sheep,7,National Trade Lamb Indicator,c/kg cwt,35365.0,777.6814036873
2024-10-09,Sheep,7,National Trade Lamb Indicator,c/kg cwt,35866.0,781.5882969581
2024-10-10,Sheep,7,National Trade Lamb Indicator,c/kg cwt,36289.0,794.3120625038
2024-10-11,Sheep,7,National Trade Lamb Indicator,c/kg cwt,36714.0,793.0381446805
2024-10-12,Sheep,7,National Trade Lamb Indicator,c/kg cwt,36714.0,793.0381446805
2024-10-13,Sheep,7,National Trade Lamb Indicator,c/kg cwt,36714.0,793.0381446805
2024-10-14,Sheep,7,National Trade Lamb Indicator,c/kg cwt,45489.0,793.4450651498
2024-10-15,Sheep,7,National Trade Lamb Indicator,c/kg cwt,43903.0,798.8688602783
2024-10-16,Sheep,7,National Trade Lamb Indicator,c/kg cwt,44734.0,795.7881606608
2024-10-17,Sheep,7,National Trade Lamb Indicator,c/kg cwt,43474.0,796.9865504278
2024-10-18,Sheep,7,National Trade Lamb Indicator,c/kg cwt,43946.0,798.852142038
2024-10-19,Sheep,7,National Trade Lamb Indicator,c/kg cwt,43946.0,798.852142038
2024-10-20,Sheep,7,National Trade Lamb Indicator,c/kg cwt,43946.0,798.852142038
2024-10-21,Sheep,7,National Trade Lamb Indicator,c/kg cwt,44040.0,805.4160135831
2024-10-22,Sheep,7,National Trade Lamb Indicator,c/kg cwt,45138.0,816.9895092428
2024-10-23,Sheep,7,National Trade Lamb Indicator,c/kg cwt,46953.0,823.5261421187
2024-10-24,Sheep,7,National Trade Lamb Indicator,c/kg cwt,50394.0,829.4655890404
2024-10-25,Sheep,7,National Trade Lamb Indicator,c/kg cwt,48809.0,830.4207373865
2024-10-26,Sheep,7,National Trade Lamb Indicator,c/kg cwt,48809.0,830.4207373865
2024-10-27,Sheep,7,National Trade Lamb Indicator,c/kg cwt,48809.0,830.4207373865
2024-10-28,Sheep,7,National Trade Lamb Indicator,c/kg cwt,47867.0,822.022576466
2024-10-29,Sheep,7,National Trade Lamb Indicator,c/kg cwt,50227.0,814.8542519521
2024-10-30,Sheep,7,National Trade Lamb Indicator,c/kg cwt,52918.0,810.5913888318
2024-10-31,Sheep,7,National Trade Lamb Indicator,c/kg cwt,54088.0,808.2974464891
2024-11-01,Sheep,7,National Trade Lamb Indicator,c/kg cwt,54821.0,807.6226298973
2024-11-02,Sheep,7,National Trade Lamb Indicator,c/kg cwt,54821.0,807.6226298973
2024-11-03,Sheep,7,National Trade Lamb Indicator,c/kg cwt,54821.0,807.6226298973
2024-11-04,Sheep,7,National Trade Lamb Indicator,c/kg cwt,51883.0,809.580234759
2024-11-05,Sheep,7,National Trade Lamb Indicator,c/kg cwt,50982.0,812.2913747656
2024-11-06,Sheep,7,National Trade Lamb Indicator,c/kg cwt,51463.0,809.2298337602
2024-11-07,Sheep,7,National Trade Lamb Indicator,c/kg cwt,51918.0,796.222125234
2024-11-08,Sheep,7,National Trade Lamb Indicator,c/kg cwt,50723.0,795.9206258916
2024-11-09,Sheep,7,National Trade Lamb Indicator,c/kg cwt,50723.0,795.9206258916
2024-11-10,Sheep,7,National Trade Lamb Indicator,c/kg cwt,50723.0,795.9206258916
2024-11-11,Sheep,7,National Trade Lamb Indicator,c/kg cwt,50346.0,790.8416457335
2024-11-12,Sheep,7,National Trade Lamb Indicator,c/kg cwt,49809.0,782.6348401373
2024-11-13,Sheep,7,National Trade Lamb Indicator,c/kg cwt,51104.0,780.526605027
2024-11-14,Sheep,7,National Trade Lamb Indicator,c/kg cwt,48060.0,782.9883330171
2024-11-15,Sheep,7,National Trade Lamb Indicator,c/kg cwt,49115.0,783.1187000102
2024-11-16,Sheep,7,National Trade Lamb Indicator,c/kg cwt,49115.0,783.1187000102
2024-11-17,Sheep,7,National Trade Lamb Indicator,c/kg cwt,49115.0,783.1187000102
2024-11-18,Sheep,7,National Trade Lamb Indicator,c/kg cwt,47624.0,792.0179759302
2024-11-19,Sheep,7,National Trade Lamb Indicator,c/kg cwt,45557.0,801.7813502996
2024-11-20,Sheep,7,National Trade Lamb Indicator,c/kg cwt,47173.0,810.7094169525
2024-11-21,Sheep,7,National Trade Lamb Indicator,c/kg cwt,46766.0,813.057974629
2024-11-22,Sheep,7,National Trade Lamb Indicator,c/kg cwt,45570.0,813.7899017424
2024-11-23,Sheep,7,National Trade Lamb Indicator,c/kg cwt,45570.0,813.7899017424
2024-11-24,Sheep,7,National Trade Lamb Indicator,c/kg cwt,45570.0,813.7899017424
2024-11-25,Sheep,7,National Trade Lamb Indicator,c/kg cwt,44195.0,817.7920463921
2024-11-26,Sheep,7,National Trade Lamb Indicator,c/kg cwt,43714.0,823.6969217642
2024-11-27,Sheep,7,National Trade Lamb Indicator,c/kg cwt,54605.0,818.9870685432
2024-11-28,Sheep,7,National Trade Lamb Indicator,c/kg cwt,51687.0,817.748163693
2024-11-29,Sheep,7,National Trade Lamb Indicator,c/kg cwt,51640.0,817.7835378563
2024-11-30,Sheep,7,National Trade Lamb Indicator,c/kg cwt,51640.0,817.7835378563
2024-12-01,Sheep,7,National Trade Lamb Indicator,c/kg cwt,51640.0,817.7835378563
2024-12-02,Sheep,7,National Trade Lamb Indicator,c/kg cwt,55018.0,819.1026966829
2024-12-03,Sheep,7,National Trade Lamb Indicator,c/kg cwt,57401.0,823.2340656487
2024-12-04,Sheep,7,National Trade Lamb Indicator,c/kg cwt,62506.0,847.0719766246
2024-12-05,Sheep,7,National Trade Lamb Indicator,c/kg cwt,63417.0,857.7020665153
2024-12-06,Sheep,7,National Trade Lamb Indicator,c/kg cwt,63963.0,857.9202029611
2024-12-07,Sheep,7,National Trade Lamb Indicator,c/kg cwt,63963.0,857.9202029611
2024-12-08,Sheep,7,National Trade Lamb Indicator,c/kg cwt,63963.0,857.9202029611
2024-12-09,Sheep,7,National Trade Lamb Indicator,c/kg cwt,69752.0,862.0203636727
2024-12-10,Sheep,7,National Trade Lamb Indicator,c/kg cwt,68150.0,865.0095769685
2024-12-11,Sheep,7,National Trade Lamb Indicator,c/kg cwt,71287.0,875.9524628277
2024-12-12,Sheep,7,National Trade Lamb Indicator,c/kg cwt,74302.0,879.3954683467
2024-12-13,Sheep,7,National Trade Lamb Indicator,c/kg cwt,74300.0,879.118610463
2024-12-14,Sheep,7,National Trade Lamb Indicator,c/kg cwt,74300.0,879.118610463
2024-12-15,Sheep,7,National Trade Lamb Indicator,c/kg cwt,74300.0,879.118610463
2024-12-16,Sheep,7,National Trade Lamb Indicator,c/kg cwt,75123.0,881.41731546
2024-12-17,Sheep,7,National Trade Lamb Indicator,c/kg cwt,74083.0,885.8327931293
2024-12-18,Sheep,7,National Trade Lamb Indicator,c/kg cwt,56335.0,902.9706921736
2024-12-19,Sheep,7,National Trade Lamb Indicator,c/kg cwt,53852.0,907.0690984253
2024-12-20,Sheep,7,National Trade Lamb Indicator,c/kg cwt,53308.0,907.6978395419
2024-12-21,Sheep,7,National Trade Lamb Indicator,c/kg cwt,53308.0,907.6978395419
2024-12-22,Sheep,7,National Trade Lamb Indicator,c/kg cwt,53308.0,907.6978395419
2024-12-23,Sheep,7,National Trade Lamb Indicator,c/kg cwt,36945.0,925.6545391474
2024-12-24,Sheep,7,National Trade Lamb Indicator,c/kg cwt,24906.0,939.4587688268
2024-12-25,Sheep,7,National Trade Lamb Indicator,c/kg cwt,9115.0,946.3834726934
2024-10-01,Sheep,8,National Heavy Lamb Indicator,c/kg cwt,14021.0,772.1018841523
2024-10-02,Sheep,8,National Heavy Lamb Indicator,c/kg cwt,14095.0,773.5362806598
2024-10-03,Sheep,8,National Heavy Lamb Indicator,c/kg cwt,13591.0,791.7302497609
2024-10-04,Sheep,8,National Heavy Lamb Indicator,c/kg cwt,13065.0,794.4083946116
2024-10-05,Sheep,8,National Heavy Lamb Indicator,c/kg cwt,13065.0,794.4083946116
2024-10-06,Sheep,8,National Heavy Lamb Indicator,c/kg cwt,13065.0,794.4083946116
2024-10-07,Sheep,8,National Heavy Lamb Indicator,c/kg cwt,13166.0,796.8209522026
2024-10-08,Sheep,8,National Heavy Lamb Indicator,c/kg cwt,14704.0,794.3973812568
2024-10-09,Sheep,8,National Heavy Lamb Indicator,c/kg cwt,14811.0,797.4845499291
2024-10-10,Sheep,8,National Heavy Lamb Indicator,c/kg cwt,15105.0,820.8104679974
2024-10-11,Sheep,8,National Heavy Lamb Indicator,c/kg cwt,16318.0,819.9583148731
2024-10-12,Sheep,8,National Heavy Lamb Indicator,c/kg cwt,16318.0,819.9583148731
2024-10-13,Sheep,8,National Heavy Lamb Indicator,c/kg cwt,16318.0,819.9583148731
2024-10-14,Sheep,8,National Heavy Lamb Indicator,c/kg cwt,16708.0,815.4918785851
2024-10-15,Sheep,8,National Heavy Lamb Indicator,c/kg cwt,14953.0,820.9031274995
2024-10-16,Sheep,8,National Heavy Lamb Indicator,c/kg cwt,15338.0,819.7268416417
2024-10-17,Sheep,8,National Heavy Lamb Indicator,c/kg cwt,12586.0,811.036067448
2024-10-18,Sheep,8,National Heavy Lamb Indicator,c/kg cwt,11468.0,811.6670339205
2024-10-19,Sheep,8,National Heavy Lamb Indicator,c/kg cwt,11468.0,811.6670339205
2024-10-20,Sheep,8,National Heavy Lamb Indicator,c/kg cwt,11468.0,811.6670339205
2024-10-21,Sheep,8,National Heavy Lamb Indicator,c/kg cwt,12250.0,826.7077117551
2024-10-22,Sheep,8,National Heavy Lamb Indicator,c/kg cwt,14178.0,836.1843756524
2024-10-23,Sheep,8,National Heavy Lamb Indicator,c/kg cwt,14282.0,837.7799415768
2024-10-24,Sheep,8,National Heavy Lamb Indicator,c/kg cwt,16786.0,859.084617181
2024-10-25,Sheep,8,National Heavy Lamb Indicator,c/kg cwt,16745.0,858.3522576889
2024-10-26,Sheep,8,National Heavy Lamb Indicator,c/kg cwt,16745.0,858.3522576889
2024-10-27,Sheep,8,National Heavy Lamb Indicator,c/kg cwt,16745.0,858.3522576889
2024-10-28,Sheep,8,National Heavy Lamb Indicator,c/kg cwt,15442.0,853.9474252169
2024-10-29,Sheep,8,National Heavy Lamb Indicator,c/kg cwt,15772.0,855.5123750317
2024-10-30,Sheep,8,National Heavy Lamb Indicator,c/kg cwt,16210.0,857.1284829118
2024-10-31,Sheep,8,National Heavy Lamb Indicator,c/kg cwt,14793.0,844.2158244981
2024-11-01,Sheep,8,National Heavy Lamb Indicator,c/kg cwt,14573.0,844.6719527139
2024-11-02,Sheep,8,National Heavy Lamb Indicator,c/kg cwt,14573.0,844.6719527139
2024-11-03,Sheep,8,National Heavy Lamb Indicator,c/kg cwt,14573.0,844.6719527139
2024-11-04,Sheep,8,National Heavy Lamb Indicator,c/kg cwt,14372.0,843.1486817492
2024-11-05,Sheep,8,National Heavy Lamb Indicator,c/kg cwt,13893.0,831.4745364644
2024-11-06,Sheep,8,National Heavy Lamb Indicator,c/kg cwt,13362.0,829.3524960335
2024-11-07,Sheep,8,National Heavy Lamb Indicator,c/kg cwt,12250.0,817.4174493714
2024-11-08,Sheep,8,National Heavy Lamb Indicator,c/kg cwt,12078.0,816.8871012419
2024-11-09,Sheep,8,National Heavy Lamb Indicator,c/kg cwt,12078.0,816.8871012419
2024-11-10,Sheep,8,National Heavy Lamb Indicator,c/kg cwt,12078.0,816.8871012419
2024-11-11,Sheep,8,National Heavy Lamb Indicator,c/kg cwt,11680.0,826.0430918065
2024-11-12,Sheep,8,National Heavy Lamb Indicator,c/kg cwt,11224.0,840.0234672488
2024-11-13,Sheep,8,National Heavy Lamb Indicator,c/kg cwt,11957.0,836.6107045078
2024-11-14,Sheep,8,National Heavy Lamb Indicator,c/kg cwt,12196.0,841.7596481715
2024-11-15,Sheep,8,National Heavy Lamb Indicator,c/kg cwt,12426.0,841.5853968856
2024-11-16,Sheep,8,National Heavy Lamb Indicator,c/kg cwt,12426.0,841.5853968856
2024-11-17,Sheep,8,National Heavy Lamb Indicator,c/kg cwt,12426.0,841.5853968856
2024-11-18,Sheep,8,National Heavy Lamb Indicator,c/kg cwt,11182.0,843.5135721427
2024-11-19,Sheep,8,National Heavy Lamb Indicator,c/kg cwt,10814.0,850.2857528667
2024-11-20,Sheep,8,National Heavy Lamb Indicator,c/kg cwt,11819.0,852.8032813774
2024-11-21,Sheep,8,National Heavy Lamb Indicator,c/kg cwt,10708.0,858.1446565092
2024-11-22,Sheep,8,National Heavy Lamb Indicator,c/kg cwt,10220.0,860.5935345499
2024-11-23,Sheep,8,National Heavy Lamb Indicator,c/kg cwt,10220.0,860.5935345499
2024-11-24,Sheep,8,National Heavy Lamb Indicator,c/kg cwt,10220.0,860.5935345499
2024-11-25,Sheep,8,National Heavy Lamb Indicator,c/kg cwt,10089.0,863.128217078
2024-11-26,Sheep,8,National Heavy Lamb Indicator,c/kg cwt,8701.0,869.2694924147
2024-11-27,Sheep,8,National Heavy Lamb Indicator,c/kg cwt,7429.0,879.7300402208
2024-11-28,Sheep,8,National Heavy Lamb Indicator,c/kg cwt,7757.0,873.1817330927
2024-11-29,Sheep,8,National Heavy Lamb Indicator,c/kg cwt,7757.0,873.1817330927
2024-11-30,Sheep,8,National Heavy Lamb Indicator,c/kg cwt,7757.0,873.1817330927
2024-12-01,Sheep,8,National Heavy Lamb Indicator,c/kg cwt,7757.0,873.1817330927
2024-12-02,Sheep,8,National Heavy Lamb Indicator,c/kg cwt,8426.0,882.3178435201
2024-12-03,Sheep,8,National Heavy Lamb Indicator,c/kg cwt,9599.0,891.3130186582
2024-12-04,Sheep,8,National Heavy Lamb Indicator,c/kg cwt,10152.0,896.0721909377
2024-12-05,Sheep,8,National Heavy Lamb Indicator,c/kg cwt,9392.0,909.1506422168
2024-12-06,Sheep,8,National Heavy Lamb Indicator,c/kg cwt,9876.0,908.4339269239
2024-12-07,Sheep,8,National Heavy Lamb Indicator,c/kg cwt,9876.0,908.4339269239
2024-12-08,Sheep,8,National Heavy Lamb Indicator,c/kg cwt,9876.0,908.4339269239
2024-12-09,Sheep,8,National Heavy Lamb Indicator,c/kg cwt,11055.0,911.7113489009
2024-12-10,Sheep,8,National Heavy Lamb Indicator,c/kg cwt,12377.0,909.7061834128
2024-12-11,Sheep,8,National Heavy Lamb Indicator,c/kg cwt,12983.0,913.7542776477
2024-12-12,Sheep,8,National Heavy Lamb Indicator,c/kg cwt,13510.0,919.5611887269
2024-12-13,Sheep,8,National Heavy Lamb Indicator,c/kg cwt,13186.0,920.8155221371
2024-12-14,Sheep,8,National Heavy Lamb Indicator,c/kg cwt,13186.0,920.8155221371
2024-12-15,Sheep,8,National Heavy Lamb Indicator,c/kg cwt,13186.0,920.8155221371
2024-12-16,Sheep,8,National Heavy Lamb Indicator,c/kg cwt,11996.0,921.4686537096
2024-12-17,Sheep,8,National Heavy Lamb Indicator,c/kg cwt,11261.0,931.8258425184
2024-12-18,Sheep,8,National Heavy Lamb Indicator,c/kg cwt,10223.0,943.2294858652
2024-12-19,Sheep,8,National Heavy Lamb Indicator,c/kg cwt,12365.0,954.390128702
2024-12-20,Sheep,8,National Heavy Lamb Indicator,c/kg cwt,12205.0,954.4843503154
2024-12-21,Sheep,8,National Heavy Lamb Indicator,c/kg cwt,12205.0,954.4843503154
2024-12-22,Sheep,8,National Heavy Lamb Indicator,c/kg cwt,12205.0,954.4843503154
2024-12-23,Sheep,8,National Heavy Lamb Indicator,c/kg cwt,9883.0,963.5403107457
2024-12-24,Sheep,8,National Heavy Lamb Indicator,c/kg cwt,6064.0,976.1770215534
2024-12-25,Sheep,8,National Heavy Lamb Indicator,c/kg cwt,4012.0,994.6260418495
2024-10-01,Sheep,9,National Merino Lamb Indicator,c/kg cwt,19073.0,617.2131160803
2024-10-02,Sheep,9,National Merino Lamb Indicator,c/kg cwt,19406.0,620.7532656653
2024-10-03,Sheep,9,National Merino Lamb Indicator,c/kg cwt,22395.0,627.1524614021
2024-10-04,Sheep,9,National Merino Lamb Indicator,c/kg cwt,22717.0,627.7341152705
2024-10-05,Sheep,9,National Merino Lamb Indicator,c/kg cwt,22717.0,627.7341152705
2024-10-06,Sheep,9,National Merino Lamb Indicator,c/kg cwt,22717.0,627.7341152705
2024-10-07,Sheep,9,National Merino Lamb Indicator,c/kg cwt,15976.0,618.3794714634
2024-10-08,Sheep,9,National Merino Lamb Indicator,c/kg cwt,17993.0,591.2311604902
2024-10-09,Sheep,9,National Merino Lamb Indicator,c/kg cwt,18703.0,577.4154759236
2024-10-10,Sheep,9,National Merino Lamb Indicator,c/kg cwt,15733.0,574.8928386131
2024-10-11,Sheep,9,National Merino Lamb Indicator,c/kg cwt,15541.0,574.4310223538
2024-10-12,Sheep,9,National Merino Lamb Indicator,c/kg cwt,15541.0,574.4310223538
2024-10-13,Sheep,9,National Merino Lamb Indicator,c/kg cwt,15541.0,574.4310223538
2024-10-14,Sheep,9,National Merino Lamb Indicator,c/kg cwt,19020.0,576.8984208675
2024-10-15,Sheep,9,National Merino Lamb Indicator,c/kg cwt,16948.0,562.8036879042
2024-10-16,Sheep,9,National Merino Lamb Indicator,c/kg cwt,17582.0,566.5524481686
2024-10-17,Sheep,9,National Merino Lamb Indicator,c/kg cwt,15609.0,543.9281261388
2024-10-18,Sheep,9,National Merino Lamb Indicator,c/kg cwt,15766.0,545.5726195865
2024-10-19,Sheep,9,National Merino Lamb Indicator,c/kg cwt,15766.0,545.5726195865
2024-10-20,Sheep,9,National Merino Lamb Indicator,c/kg cwt,15766.0,545.5726195865
2024-10-21,Sheep,9,National Merino Lamb Indicator,c/kg cwt,14990.0,552.5254232688
2024-10-22,Sheep,9,National Merino Lamb Indicator,c/kg cwt,14672.0,586.2342772628
2024-10-23,Sheep,9,National Merino Lamb Indicator,c/kg cwt,14735.0,596.0444412691
2024-10-24,Sheep,9,National Merino Lamb Indicator,c/kg cwt,16552.0,607.7893477102
2024-10-25,Sheep,9,National Merino Lamb Indicator,c/kg cwt,16181.0,606.5233484457
2024-10-26,Sheep,9,National Merino Lamb Indicator,c/kg cwt,16181.0,606.5233484457
2024-10-27,Sheep,9,National Merino Lamb Indicator,c/kg cwt,16181.0,606.5233484457
2024-10-28,Sheep,9,National Merino Lamb Indicator,c/kg cwt,16666.0,602.2708875735
2024-10-29,Sheep,9,National Merino Lamb Indicator,c/kg cwt,14749.0,599.7611574615
2024-10-30,Sheep,9,National Merino Lamb Indicator,c/kg cwt,14748.0,607.0665771766
2024-10-31,Sheep,9,National Merino Lamb Indicator,c/kg cwt,12479.0,606.1728948874
2024-11-01,Sheep,9,National Merino Lamb Indicator,c/kg cwt,12510.0,605.4892396563
2024-11-02,Sheep,9,National Merino Lamb Indicator,c/kg cwt,12510.0,605.4892396563
2024-11-03,Sheep,9,National Merino Lamb Indicator,c/kg cwt,12510.0,605.4892396563
2024-11-04,Sheep,9,National Merino Lamb Indicator,c/kg cwt,14072.0,610.8721603752
2024-11-05,Sheep,9,National Merino Lamb Indicator,c/kg cwt,13570.0,597.1112420044
2024-11-06,Sheep,9,National Merino Lamb Indicator,c/kg cwt,13383.0,583.9972040873
2024-11-07,Sheep,9,National Merino Lamb Indicator,c/kg cwt,14043.0,568.3058381827
2024-11-08,Sheep,9,National Merino Lamb Indicator,c/kg cwt,13862.0,567.2719327009
2024-11-09,Sheep,9,National Merino Lamb Indicator,c/kg cwt,13862.0,567.2719327009
2024-11-10,Sheep,9,National Merino Lamb Indicator,c/kg cwt,13862.0,567.2719327009
2024-11-11,Sheep,9,National Merino Lamb Indicator,c/kg cwt,10697.0,553.5997092175
2024-11-12,Sheep,9,National Merino Lamb Indicator,c/kg cwt,9459.0,553.4588453219
2024-11-13,Sheep,9,National Merino Lamb Indicator,c/kg cwt,9031.0,540.6977281696
2024-11-14,Sheep,9,National Merino Lamb Indicator,c/kg cwt,9383.0,570.0106719066
2024-11-15,Sheep,9,National Merino Lamb Indicator,c/kg cwt,9692.0,570.4061007222
2024-11-16,Sheep,9,National Merino Lamb Indicator,c/kg cwt,9692.0,570.4061007222
2024-11-17,Sheep,9,National Merino Lamb Indicator,c/kg cwt,9692.0,570.4061007222
2024-11-18,Sheep,9,National Merino Lamb Indicator,c/kg cwt,10236.0,570.0818404357
2024-11-19,Sheep,9,National Merino Lamb Indicator,c/kg cwt,11665.0,554.8765647835
2024-11-20,Sheep,9,National Merino Lamb Indicator,c/kg cwt,11149.0,585.7003499238
2024-11-21,Sheep,9,National Merino Lamb Indicator,c/kg cwt,11004.0,564.0925365413
2024-11-22,Sheep,9,National Merino Lamb Indicator,c/kg cwt,10873.0,562.7623132714
2024-11-23,Sheep,9,National Merino Lamb Indicator,c/kg cwt,10873.0,562.7623132714
2024-11-24,Sheep,9,National Merino Lamb Indicator,c/kg cwt,10873.0,562.7623132714
2024-11-25,Sheep,9,National Merino Lamb Indicator,c/kg cwt,11313.0,567.3628731813
2024-11-26,Sheep,9,National Merino Lamb Indicator,c/kg cwt,9408.0,598.2034627657
2024-11-27,Sheep,9,National Merino Lamb Indicator,c/kg cwt,8939.0,608.2123326994
2024-11-28,Sheep,9,National Merino Lamb Indicator,c/kg cwt,8114.0,632.1032525265
2024-11-29,Sheep,9,National Merino Lamb Indicator,c/kg cwt,7936.0,634.7378575101
2024-11-30,Sheep,9,National Merino Lamb Indicator,c/kg cwt,7936.0,634.7378575101
2024-12-01,Sheep,9,National Merino Lamb Indicator,c/kg cwt,7936.0,634.7378575101
2024-12-02,Sheep,9,National Merino Lamb Indicator,c/kg cwt,7596.0,628.3453351896
2024-12-03,Sheep,9,National Merino Lamb Indicator,c/kg cwt,8275.0,644.2601664894
2024-12-04,Sheep,9,National Merino Lamb Indicator,c/kg cwt,8569.0,636.9366752947
2024-12-05,Sheep,9,National Merino Lamb Indicator,c/kg cwt,8068.0,640.1780927739
2024-12-06,Sheep,9,National Merino Lamb Indicator,c/kg cwt,8573.0,637.8338487694
2024-12-07,Sheep,9,National Merino Lamb Indicator,c/kg cwt,8573.0,637.8338487694
2024-12-08,Sheep,9,National Merino Lamb Indicator,c/kg cwt,8573.0,637.8338487694
2024-12-09,Sheep,9,National Merino Lamb Indicator,c/kg cwt,7235.0,651.4352450173
2024-12-10,Sheep,9,National Merino Lamb Indicator,c/kg cwt,6396.0,661.0566760944
2024-12-11,Sheep,9,National Merino Lamb Indicator,c/kg cwt,5651.0,662.0609517254
2024-12-12,Sheep,9,National Merino Lamb Indicator,c/kg cwt,6433.0,666.33682896
2024-12-13,Sheep,9,National Merino Lamb Indicator,c/kg cwt,6323.0,666.9792822078
2024-12-14,Sheep,9,National Merino Lamb Indicator,c/kg cwt,6323.0,666.9792822078
2024-12-15,Sheep,9,National Merino Lamb Indicator,c/kg cwt,6323.0,666.9792822078
2024-12-16,Sheep,9,National Merino Lamb Indicator,c/kg cwt,6492.0,674.923621719
2024-12-17,Sheep,9,National Merino Lamb Indicator,c/kg cwt,7664.0,683.3891124478
2024-12-18,Sheep,9,National Merino Lamb Indicator,c/kg cwt,7441.0,699.053595041
2024-12-19,Sheep,9,National Merino Lamb Indicator,c/kg cwt,5821.0,693.2072763958
2024-12-20,Sheep,9,National Merino Lamb Indicator,c/kg cwt,5426.0,700.5531961297
2024-12-21,Sheep,9,National Merino Lamb Indicator,c/kg cwt,5426.0,700.5531961297
2024-12-22,Sheep,9,National Merino Lamb Indicator,c/kg cwt,5426.0,700.5531961297
2024-12-23,Sheep,9,National Merino Lamb Indicator,c/kg cwt,3899.0,708.778909823
2024-12-24,Sheep,9,National Merino Lamb Indicator,c/kg cwt,809.0,664.2438051916
2024-10-01,Sheep,10,National Restocker Lamb Indicator,c/kg cwt,24475.0,642.4286618836
2024-10-02,Sheep,10,National Restocker Lamb Indicator,c/kg cwt,21333.0,660.5182796466
2024-10-03,Sheep,10,National Restocker Lamb Indicator,c/kg cwt,20354.0,683.4146355065
2024-10-04,Sheep,10,National Restocker Lamb Indicator,c/kg cwt,20625.0,684.6594597188
2024-10-05,Sheep,10,National Restocker Lamb Indicator,c/kg cwt,20625.0,684.6594597188
2024-10-06,Sheep,10,National Restocker Lamb Indicator,c/kg cwt,20625.0,684.6594597188
2024-10-07,Sheep,10,National Restocker Lamb Indicator,c/kg cwt,20090.0,683.2255683873
2024-10-08,Sheep,10,National Restocker Lamb Indicator,c/kg cwt,24122.0,679.8718867673
2024-10-09,Sheep,10,National Restocker Lamb Indicator,c/kg cwt,27878.0,670.9479255219
2024-10-10,Sheep,10,National Restocker Lamb Indicator,c/kg cwt,28532.0,672.6026262372
2024-10-11,Sheep,10,National Restocker Lamb Indicator,c/kg cwt,29559.0,674.9825434216
2024-10-12,Sheep,10,National Restocker Lamb Indicator,c/kg cwt,29559.0,674.9825434216
2024-10-13,Sheep,10,National Restocker Lamb Indicator,c/kg cwt,29559.0,674.9825434216
2024-10-14,Sheep,10,National Restocker Lamb Indicator,c/kg cwt,31185.0,676.5320593394
2024-10-15,Sheep,10,National Restocker Lamb Indicator,c/kg cwt,33960.0,656.7920089223
2024-10-16,Sheep,10,National Restocker Lamb Indicator,c/kg cwt,33724.0,666.8152300943
2024-10-17,Sheep,10,National Restocker Lamb Indicator,c/kg cwt,30946.0,644.4506736315
2024-10-18,Sheep,10,National Restocker Lamb Indicator,c/kg cwt,30712.0,636.6079944387
2024-10-19,Sheep,10,National Restocker Lamb Indicator,c/kg cwt,30712.0,636.6079944387
2024-10-20,Sheep,10,National Restocker Lamb Indicator,c/kg cwt,30712.0,636.6079944387
2024-10-21,Sheep,10,National Restocker Lamb Indicator,c/kg cwt,30787.0,629.0383297528
2024-10-22,Sheep,10,National Restocker Lamb Indicator,c/kg cwt,30806.0,674.447611303
2024-10-23,Sheep,10,National Restocker Lamb Indicator,c/kg cwt,31344.0,684.4127691041
2024-10-24,Sheep,10,National Restocker Lamb Indicator,c/kg cwt,34569.0,709.2513176112
2024-10-25,Sheep,10,National Restocker Lamb Indicator,c/kg cwt,33867.0,715.645341663
2024-10-26,Sheep,10,National Restocker Lamb Indicator,c/kg cwt,33867.0,715.645341663
2024-10-27,Sheep,10,National Restocker Lamb Indicator,c/kg cwt,33867.0,715.645341663
2024-10-28,Sheep,10,National Restocker Lamb Indicator,c/kg cwt,36159.0,717.7832732847
2024-10-29,Sheep,10,National Restocker Lamb Indicator,c/kg cwt,40890.0,721.2619048985
2024-10-30,Sheep,10,National Restocker Lamb Indicator,c/kg cwt,46001.0,731.5291268538
2024-10-31,Sheep,10,National Restocker Lamb Indicator,c/kg cwt,50392.0,740.6327843646
2024-11-01,Sheep,10,National Restocker Lamb Indicator,c/kg cwt,50438.0,739.3906649431
2024-11-02,Sheep,10,National Restocker Lamb Indicator,c/kg cwt,50438.0,739.3906649431
2024-11-03,Sheep,10,National Restocker Lamb Indicator,c/kg cwt,50438.0,739.3906649431
2024-11-04,Sheep,10,National Restocker Lamb Indicator,c/kg cwt,47967.0,741.2538171222
2024-11-05,Sheep,10,National Restocker Lamb Indicator,c/kg cwt,54159.0,741.3540891966
2024-11-06,Sheep,10,National Restocker Lamb Indicator,c/kg cwt,58140.0,705.4247250533
2024-11-07,Sheep,10,National Restocker Lamb Indicator,c/kg cwt,60259.0,700.3864159661
2024-11-08,Sheep,10,National Restocker Lamb Indicator,c/kg cwt,60472.0,697.9674295542
2024-11-09,Sheep,10,National Restocker Lamb Indicator,c/kg cwt,60472.0,697.9674295542
2024-11-10,Sheep,10,National Restocker Lamb Indicator,c/kg cwt,60472.0,697.9674295542
2024-11-11,Sheep,10,National Restocker Lamb Indicator,c/kg cwt,63544.0,691.6173826687
2024-11-12,Sheep,10,National Restocker Lamb Indicator,c/kg cwt,69034.0,646.0436968827
2024-11-13,Sheep,10,National Restocker Lamb Indicator,c/kg cwt,75890.0,656.1947592766
2024-11-14,Sheep,10,National Restocker Lamb Indicator,c/kg cwt,76882.0,662.0265887204
2024-11-15,Sheep,10,National Restocker Lamb Indicator,c/kg cwt,76579.0,662.7892693127
2024-11-16,Sheep,10,National Restocker Lamb Indicator,c/kg cwt,76579.0,662.7892693127
2024-11-17,Sheep,10,National Restocker Lamb Indicator,c/kg cwt,76579.0,662.7892693127
2024-11-18,Sheep,10,National Restocker Lamb Indicator,c/kg cwt,76004.0,670.5151654689
2024-11-19,Sheep,10,National Restocker Lamb Indicator,c/kg cwt,68233.0,709.6879665118
2024-11-20,Sheep,10,National Restocker Lamb Indicator,c/kg cwt,67306.0,722.0741958458
2024-11-21,Sheep,10,National Restocker Lamb Indicator,c/kg cwt,62369.0,710.6659827398
2024-11-22,Sheep,10,National Restocker Lamb Indicator,c/kg cwt,62898.0,709.789363223
2024-11-23,Sheep,10,National Restocker Lamb Indicator,c/kg cwt,62898.0,709.789363223
2024-11-24,Sheep,10,National Restocker Lamb Indicator,c/kg cwt,62898.0,709.789363223
2024-11-25,Sheep,10,National Restocker Lamb Indicator,c/kg cwt,60650.0,705.3221926612
2024-11-26,Sheep,10,National Restocker Lamb Indicator,c/kg cwt,52711.0,698.5326439681
2024-11-27,Sheep,10,National Restocker Lamb Indicator,c/kg cwt,63960.0,703.1982459193
2024-11-28,Sheep,10,National Restocker Lamb Indicator,c/kg cwt,65594.0,697.5021020124
2024-11-29,Sheep,10,National Restocker Lamb Indicator,c/kg cwt,64709.0,699.6738796427
2024-11-30,Sheep,10,National Restocker Lamb Indicator,c/kg cwt,64709.0,699.6738796427
2024-12-01,Sheep,10,National Restocker Lamb Indicator,c/kg cwt,64709.0,699.6738796427
2024-12-02,Sheep,10,National Restocker Lamb Indicator,c/kg cwt,66461.0,700.0154411264
2024-12-03,Sheep,10,National Restocker Lamb Indicator,c/kg cwt,67874.0,700.2143977576
2024-12-04,Sheep,10,National Restocker Lamb Indicator,c/kg cwt,57129.0,707.9624751982
2024-12-05,Sheep,10,National Restocker Lamb Indicator,c/kg cwt,53635.0,726.3519330419
2024-12-06,Sheep,10,National Restocker Lamb Indicator,c/kg cwt,53894.0,725.2283181115
2024-12-07,Sheep,10,National Restocker Lamb Indicator,c/kg cwt,53894.0,725.2283181115
2024-12-08,Sheep,10,National Restocker Lamb Indicator,c/kg cwt,53894.0,725.2283181115
2024-12-09,Sheep,10,National Restocker Lamb Indicator,c/kg cwt,56292.0,721.9614386805
2024-12-10,Sheep,10,National Restocker Lamb Indicator,c/kg cwt,59790.0,727.9879504817
2024-12-11,Sheep,10,National Restocker Lamb Indicator,c/kg cwt,55727.0,733.5740490086
2024-12-12,Sheep,10,National Restocker Lamb Indicator,c/kg cwt,59591.0,736.5241361179
2024-12-13,Sheep,10,National Restocker Lamb Indicator,c/kg cwt,59510.0,737.1044021173
2024-12-14,Sheep,10,National Restocker Lamb Indicator,c/kg cwt,59510.0,737.1044021173
2024-12-15,Sheep,10,National Restocker Lamb Indicator,c/kg cwt,59510.0,737.1044021173
2024-12-16,Sheep,10,National Restocker Lamb Indicator,c/kg cwt,60771.0,743.5523884764
2024-12-17,Sheep,10,National Restocker Lamb Indicator,c/kg cwt,63419.0,756.3413080008
2024-12-18,Sheep,10,National Restocker Lamb Indicator,c/kg cwt,56616.0,751.6248260421
2024-12-19,Sheep,10,National Restocker Lamb Indicator,c/kg cwt,54999.0,761.6084976818
2024-12-20,Sheep,10,National Restocker Lamb Indicator,c/kg cwt,54821.0,762.2127203407
2024-12-21,Sheep,10,National Restocker Lamb Indicator,c/kg cwt,54821.0,762.2127203407
2024-12-22,Sheep,10,National Restocker Lamb Indicator,c/kg cwt,54821.0,762.2127203407
2024-12-23,Sheep,10,National Restocker Lamb Indicator,c/kg cwt,43514.0,775.6734597831
2024-12-24,Sheep,10,National Restocker Lamb Indicator,c/kg cwt,21317.0,796.8336071352
2024-12-25,Sheep,10,National Restocker Lamb Indicator,c/kg cwt,8888.0,925.0636220072
2024-10-01,Sheep,11,National Mutton Indicator,c/kg cwt,70884.0,290.9152300392
2024-10-02,Sheep,11,National Mutton Indicator,c/kg cwt,71047.0,292.3156551846
2024-10-03,Sheep,11,National Mutton Indicator,c/kg cwt,70365.0,285.8458833426
2024-10-04,Sheep,11,National Mutton Indicator,c/kg cwt,71065.0,285.5545533638
2024-10-05,Sheep,11,National Mutton Indicator,c/kg cwt,71065.0,285.5545533638
2024-10-06,Sheep,11,National Mutton Indicator,c/kg cwt,71065.0,285.5545533638
2024-10-07,Sheep,11,National Mutton Indicator,c/kg cwt,64137.0,279.0373331041
2024-10-08,Sheep,11,National Mutton Indicator,c/kg cwt,64134.0,273.8619351701
2024-10-09,Sheep,11,National Mutton Indicator,c/kg cwt,66129.0,261.8732313251
2024-10-10,Sheep,11,National Mutton Indicator,c/kg cwt,61678.0,268.7120729271
2024-10-11,Sheep,11,National Mutton Indicator,c/kg cwt,61482.0,269.6903268648
2024-10-12,Sheep,11,National Mutton Indicator,c/kg cwt,61482.0,269.6903268648
2024-10-13,Sheep,11,National Mutton Indicator,c/kg cwt,61482.0,269.6903268648
2024-10-14,Sheep,11,National Mutton Indicator,c/kg cwt,62897.0,270.7873775856
2024-10-15,Sheep,11,National Mutton Indicator,c/kg cwt,58941.0,269.0733621367
2024-10-16,Sheep,11,National Mutton Indicator,c/kg cwt,59351.0,280.2197161733
2024-10-17,Sheep,11,National Mutton Indicator,c/kg cwt,58506.0,278.4106902848
2024-10-18,Sheep,11,National Mutton Indicator,c/kg cwt,56897.0,276.727692903
2024-10-19,Sheep,11,National Mutton Indicator,c/kg cwt,56897.0,276.727692903
2024-10-20,Sheep,11,National Mutton Indicator,c/kg cwt,56897.0,276.727692903
2024-10-21,Sheep,11,National Mutton Indicator,c/kg cwt,60896.0,281.5700453987
2024-10-22,Sheep,11,National Mutton Indicator,c/kg cwt,69028.0,291.875280789
2024-10-23,Sheep,11,National Mutton Indicator,c/kg cwt,70330.0,295.1944591881
2024-10-24,Sheep,11,National Mutton Indicator,c/kg cwt,80358.0,298.8912753939
2024-10-25,Sheep,11,National Mutton Indicator,c/kg cwt,79216.0,298.9273265451
2024-10-26,Sheep,11,National Mutton Indicator,c/kg cwt,79216.0,298.9273265451
2024-10-27,Sheep,11,National Mutton Indicator,c/kg cwt,79216.0,298.9273265451
2024-10-28,Sheep,11,National Mutton Indicator,c/kg cwt,78953.0,304.3654033729
2024-10-29,Sheep,11,National Mutton Indicator,c/kg cwt,81996.0,313.2946954705
2024-10-30,Sheep,11,National Mutton Indicator,c/kg cwt,85268.0,321.1513932906
2024-10-31,Sheep,11,National Mutton Indicator,c/kg cwt,82603.0,319.8603581383
2024-11-01,Sheep,11,National Mutton Indicator,c/kg cwt,84813.0,321.1892322922
2024-11-02,Sheep,11,National Mutton Indicator,c/kg cwt,84813.0,321.1892322922
2024-11-03,Sheep,11,National Mutton Indicator,c/kg cwt,84813.0,321.1892322922
2024-11-04,Sheep,11,National Mutton Indicator,c/kg cwt,87155.0,318.8171203958
2024-11-05,Sheep,11,National Mutton Indicator,c/kg cwt,84920.0,318.3486141557
2024-11-06,Sheep,11,National Mutton Indicator,c/kg cwt,84601.0,312.297399214
2024-11-07,Sheep,11,National Mutton Indicator,c/kg cwt,86131.0,313.1550509097
2024-11-08,Sheep,11,National Mutton Indicator,c/kg cwt,84385.0,311.9521574225
2024-11-09,Sheep,11,National Mutton Indicator,c/kg cwt,84385.0,311.9521574225
2024-11-10,Sheep,11,National Mutton Indicator,c/kg cwt,84385.0,311.9521574225
2024-11-11,Sheep,11,National Mutton Indicator,c/kg cwt,85522.0,312.5510608311
2024-11-12,Sheep,11,National Mutton Indicator,c/kg cwt,86651.0,315.1894572827
2024-11-13,Sheep,11,National Mutton Indicator,c/kg cwt,89776.0,318.6851048476
2024-11-14,Sheep,11,National Mutton Indicator,c/kg cwt,89580.0,323.5650831692
2024-11-15,Sheep,11,National Mutton Indicator,c/kg cwt,90842.0,323.6100921864
2024-11-16,Sheep,11,National Mutton Indicator,c/kg cwt,90842.0,323.6100921864
2024-11-17,Sheep,11,National Mutton Indicator,c/kg cwt,90842.0,323.6100921864
2024-11-18,Sheep,11,National Mutton Indicator,c/kg cwt,90078.0,329.5738804836
2024-11-19,Sheep,11,National Mutton Indicator,c/kg cwt,90282.0,340.2675119249
2024-11-20,Sheep,11,National Mutton Indicator,c/kg cwt,78841.0,350.4775928375
2024-11-21,Sheep,11,National Mutton Indicator,c/kg cwt,72986.0,362.7059804127
2024-11-22,Sheep,11,National Mutton Indicator,c/kg cwt,85896.0,364.2618078432
2024-11-23,Sheep,11,National Mutton Indicator,c/kg cwt,85896.0,364.2618078432
2024-11-24,Sheep,11,National Mutton Indicator,c/kg cwt,85896.0,364.2618078432
2024-11-25,Sheep,11,National Mutton Indicator,c/kg cwt,84623.0,369.3593250818
2024-11-26,Sheep,11,National Mutton Indicator,c/kg cwt,82276.0,376.5723942754
2024-11-27,Sheep,11,National Mutton Indicator,c/kg cwt,90943.0,376.0478310469
2024-11-28,Sheep,11,National Mutton Indicator,c/kg cwt,94244.0,367.431447394
2024-11-29,Sheep,11,National Mutton Indicator,c/kg cwt,93384.0,365.5880985169
2024-11-30,Sheep,11,National Mutton Indicator,c/kg cwt,93384.0,365.5880985169
2024-12-01,Sheep,11,National Mutton Indicator,c/kg cwt,93384.0,365.5880985169
2024-12-02,Sheep,11,National Mutton Indicator,c/kg cwt,89775.0,365.4762811462
2024-12-03,Sheep,11,National Mutton Indicator,c/kg cwt,95164.0,368.0142786316
2024-12-04,Sheep,11,National Mutton Indicator,c/kg cwt,92803.0,373.2936556803
2024-12-05,Sheep,11,National Mutton Indicator,c/kg cwt,93375.0,379.8310704889
2024-12-06,Sheep,11,National Mutton Indicator,c/kg cwt,95170.0,388.2246604739
2024-12-07,Sheep,11,National Mutton Indicator,c/kg cwt,95170.0,388.2246604739
2024-12-08,Sheep,11,National Mutton Indicator,c/kg cwt,95170.0,388.2246604739
2024-12-09,Sheep,11,National Mutton Indicator,c/kg cwt,98974.0,391.3967085285
2024-12-10,Sheep,11,National Mutton Indicator,c/kg cwt,100215.0,394.1414481555
2024-12-11,Sheep,11,National Mutton Indicator,c/kg cwt,101828.0,390.9378471069
2024-12-12,Sheep,11,National Mutton Indicator,c/kg cwt,102709.0,396.067281875
2024-12-13,Sheep,11,National Mutton Indicator,c/kg cwt,105129.0,394.5688743639
2024-12-14,Sheep,11,National Mutton Indicator,c/kg cwt,105129.0,394.5688743639
2024-12-15,Sheep,11,National Mutton Indicator,c/kg cwt,105129.0,394.5688743639
2024-12-16,Sheep,11,National Mutton Indicator,c/kg cwt,105812.0,395.5464103504
2024-12-17,Sheep,11,National Mutton Indicator,c/kg cwt,96998.0,396.0091036228
2024-12-18,Sheep,11,National Mutton Indicator,c/kg cwt,87635.0,392.6401952451
2024-12-19,Sheep,11,National Mutton Indicator,c/kg cwt,80853.0,384.1023155566
2024-12-20,Sheep,11,National Mutton Indicator,c/kg cwt,62512.0,379.8124307845
2024-12-21,Sheep,11,National Mutton Indicator,c/kg cwt,62512.0,379.8124307845
2024-12-22,Sheep,11,National Mutton Indicator,c/kg cwt,62512.0,379.8124307845
2024-12-23,Sheep,11,National Mutton Indicator,c/kg cwt,45897.0,367.9288197834
2024-12-24,Sheep,11,National Mutton Indicator,c/kg cwt,21356.0,330.7932684726
2024-12-25,Sheep,11,National Mutton Indicator,c/kg cwt,10075.0,351.4596565658
2024-10-01,Cattle,12,National Restocker Yearling Heifer Indicator,c/kg lwt,4733.0,268.9348431439
2024-10-02,Cattle,12,National Restocker Yearling Heifer Indicator,c/kg lwt,4840.0,268.8037630165
2024-10-03,Cattle,12,National Restocker Yearling Heifer Indicator,c/kg lwt,3757.0,272.1802536598
2024-10-04,Cattle,12,National Restocker Yearling Heifer Indicator,c/kg lwt,3757.0,272.1802536598
2024-10-05,Cattle,12,National Restocker Yearling Heifer Indicator,c/kg lwt,3757.0,272.1802536598
2024-10-06,Cattle,12,National Restocker Yearling Heifer Indicator,c/kg lwt,3757.0,272.1802536598
2024-10-07,Cattle,12,National Restocker Yearling Heifer Indicator,c/kg lwt,3400.0,270.0241802941
2024-10-08,Cattle,12,National Restocker Yearling Heifer Indicator,c/kg lwt,3598.0,267.8644272374
2024-10-09,Cattle,12,National Restocker Yearling Heifer Indicator,c/kg lwt,3399.0,267.7615797293
2024-10-10,Cattle,12,National Restocker Yearling Heifer Indicator,c/kg lwt,3299.0,266.7661744468
2024-10-11,Cattle,12,National Restocker Yearling Heifer Indicator,c/kg lwt,3299.0,266.7661744468
2024-10-12,Cattle,12,National Restocker Yearling Heifer Indicator,c/kg lwt,3299.0,266.7661744468
2024-10-13,Cattle,12,National Restocker Yearling Heifer Indicator,c/kg lwt,3299.0,266.7661744468
2024-10-14,Cattle,12,National Restocker Yearling Heifer Indicator,c/kg lwt,3734.0,268.0360496786
2024-10-15,Cattle,12,National Restocker Yearling Heifer Indicator,c/kg lwt,2565.0,270.617468538
2024-10-16,Cattle,12,National Restocker Yearling Heifer Indicator,c/kg lwt,2462.0,272.1536988627
2024-10-17,Cattle,12,National Restocker Yearling Heifer Indicator,c/kg lwt,2884.0,262.2924433426
2024-10-18,Cattle,12,National Restocker Yearling Heifer Indicator,c/kg lwt,3048.0,260.9017082021
2024-10-19,Cattle,12,National Restocker Yearling Heifer Indicator,c/kg lwt,3048.0,260.9017082021
2024-10-20,Cattle,12,National Restocker Yearling Heifer Indicator,c/kg lwt,3048.0,260.9017082021
2024-10-21,Cattle,12,National Restocker Yearling Heifer Indicator,c/kg lwt,2819.0,260.1154333452
2024-10-22,Cattle,12,National Restocker Yearling Heifer Indicator,c/kg lwt,2911.0,262.2722810718
2024-10-23,Cattle,12,National Restocker Yearling Heifer Indicator,c/kg lwt,3188.0,255.0699526035
2024-10-24,Cattle,12,National Restocker Yearling Heifer Indicator,c/kg lwt,2872.0,263.7795991992
2024-10-25,Cattle,12,National Restocker Yearling Heifer Indicator,c/kg lwt,2708.0,265.4350106721
2024-10-26,Cattle,12,National Restocker Yearling Heifer Indicator,c/kg lwt,2708.0,265.4350106721
2024-10-27,Cattle,12,National Restocker Yearling Heifer Indicator,c/kg lwt,2708.0,265.4350106721
2024-10-28,Cattle,12,National Restocker Yearling Heifer Indicator,c/kg lwt,2679.0,265.4173232176
2024-10-29,Cattle,12,National Restocker Yearling Heifer Indicator,c/kg lwt,2698.0,272.1515229059
2024-10-30,Cattle,12,National Restocker Yearling Heifer Indicator,c/kg lwt,2618.0,284.0899963331
2024-10-31,Cattle,12,National Restocker Yearling Heifer Indicator,c/kg lwt,4418.0,275.257451426
2024-11-01,Cattle,12,National Restocker Yearling Heifer Indicator,c/kg lwt,4418.0,275.257451426
2024-11-02,Cattle,12,National Restocker Yearling Heifer Indicator,c/kg lwt,4418.0,275.257451426
2024-11-03,Cattle,12,National Restocker Yearling Heifer Indicator,c/kg lwt,4418.0,275.257451426
2024-11-04,Cattle,12,National Restocker Yearling Heifer Indicator,c/kg lwt,4549.0,275.7444318312
2024-11-05,Cattle,12,National Restocker Yearling Heifer Indicator,c/kg lwt,4610.0,266.2649054447
2024-11-06,Cattle,12,National Restocker Yearling Heifer Indicator,c/kg lwt,4733.0,266.8256104585
2024-11-07,Cattle,12,National Restocker Yearling Heifer Indicator,c/kg lwt,2865.0,268.322793822
2024-11-08,Cattle,12,National Restocker Yearling Heifer Indicator,c/kg lwt,2865.0,268.322793822
2024-11-09,Cattle,12,National Restocker Yearling Heifer Indicator,c/kg lwt,2865.0,268.322793822
2024-11-10,Cattle,12,National Restocker Yearling Heifer Indicator,c/kg lwt,2865.0,268.322793822
2024-11-11,Cattle,12,National Restocker Yearling Heifer Indicator,c/kg lwt,2878.0,264.8338444406
2024-11-12,Cattle,12,National Restocker Yearling Heifer Indicator,c/kg lwt,2939.0,272.2660116706
2024-11-13,Cattle,12,National Restocker Yearling Heifer Indicator,c/kg lwt,2800.0,269.9846451429
2024-11-14,Cattle,12,National Restocker Yearling Heifer Indicator,c/kg lwt,2726.0,270.3301564197
2024-11-15,Cattle,12,National Restocker Yearling Heifer Indicator,c/kg lwt,2726.0,270.3301564197
2024-11-16,Cattle,12,National Restocker Yearling Heifer Indicator,c/kg lwt,2726.0,270.3301564197
2024-11-17,Cattle,12,National Restocker Yearling Heifer Indicator,c/kg lwt,2726.0,270.3301564197
2024-11-18,Cattle,12,National Restocker Yearling Heifer Indicator,c/kg lwt,2593.0,273.8711941381
2024-11-19,Cattle,12,National Restocker Yearling Heifer Indicator,c/kg lwt,2997.0,278.0024720721
2024-11-20,Cattle,12,National Restocker Yearling Heifer Indicator,c/kg lwt,3066.0,281.7077007502
2024-11-21,Cattle,12,National Restocker Yearling Heifer Indicator,c/kg lwt,3132.0,283.5676278736
2024-11-22,Cattle,12,National Restocker Yearling Heifer Indicator,c/kg lwt,3132.0,283.5676278736
2024-11-23,Cattle,12,National Restocker Yearling Heifer Indicator,c/kg lwt,3132.0,283.5676278736
2024-11-24,Cattle,12,National Restocker Yearling Heifer Indicator,c/kg lwt,3132.0,283.5676278736
2024-11-25,Cattle,12,National Restocker Yearling Heifer Indicator,c/kg lwt,3131.0,279.7374035452
2024-11-26,Cattle,12,National Restocker Yearling Heifer Indicator,c/kg lwt,2267.0,282.384830172
2024-11-27,Cattle,12,National Restocker Yearling Heifer Indicator,c/kg lwt,2209.0,282.4479907198
2024-11-28,Cattle,12,National Restocker Yearling Heifer Indicator,c/kg lwt,3143.0,290.125870665
2024-11-29,Cattle,12,National Restocker Yearling Heifer Indicator,c/kg lwt,3150.0,289.9478131746
2024-11-30,Cattle,12,National Restocker Yearling Heifer Indicator,c/kg lwt,3150.0,289.9478131746
2024-12-01,Cattle,12,National Restocker Yearling Heifer Indicator,c/kg lwt,3150.0,289.9478131746
2024-12-02,Cattle,12,National Restocker Yearling Heifer Indicator,c/kg lwt,3701.0,295.0628509862
2024-12-03,Cattle,12,National Restocker Yearling Heifer Indicator,c/kg lwt,3378.0,298.1982847247
2024-12-04,Cattle,12,National Restocker Yearling Heifer Indicator,c/kg lwt,3621.0,300.9009681856
2024-12-05,Cattle,12,National Restocker Yearling Heifer Indicator,c/kg lwt,2669.0,298.9653075309
2024-12-06,Cattle,12,National Restocker Yearling Heifer Indicator,c/kg lwt,2662.0,299.199250864
2024-12-07,Cattle,12,National Restocker Yearling Heifer Indicator,c/kg lwt,2662.0,299.199250864
2024-12-08,Cattle,12,National Restocker Yearling Heifer Indicator,c/kg lwt,2662.0,299.199250864
2024-12-09,Cattle,12,National Restocker Yearling Heifer Indicator,c/kg lwt,2229.0,300.4358034096
2024-12-10,Cattle,12,National Restocker Yearling Heifer Indicator,c/kg lwt,2576.0,305.7350972438
2024-12-11,Cattle,12,National Restocker Yearling Heifer Indicator,c/kg lwt,2262.0,309.6891274978
2024-12-12,Cattle,12,National Restocker Yearling Heifer Indicator,c/kg lwt,2150.0,309.1529332093
2024-12-13,Cattle,12,National Restocker Yearling Heifer Indicator,c/kg lwt,2150.0,309.1529332093
2024-12-14,Cattle,12,National Restocker Yearling Heifer Indicator,c/kg lwt,2150.0,309.1529332093
2024-12-15,Cattle,12,National Restocker Yearling Heifer Indicator,c/kg lwt,2150.0,309.1529332093
2024-12-16,Cattle,12,National Restocker Yearling Heifer Indicator,c/kg lwt,2182.0,309.3555483043
2024-12-17,Cattle,12,National Restocker Yearling Heifer Indicator,c/kg lwt,1888.0,314.7939653602
2024-12-18,Cattle,12,National Restocker Yearling Heifer Indicator,c/kg lwt,1246.0,321.2295398074
2024-12-19,Cattle,12,National Restocker Yearling Heifer Indicator,c/kg lwt,1193.0,321.2917071249
2024-12-20,Cattle,12,National Restocker Yearling Heifer Indicator,c/kg lwt,1193.0,321.2917071249
2024-12-21,Cattle,12,National Restocker Yearling Heifer Indicator,c/kg lwt,1193.0,321.2917071249
2024-12-22,Cattle,12,National Restocker Yearling Heifer Indicator,c/kg lwt,1193.0,321.2917071249
2024-12-23,Cattle,12,National Restocker Yearling Heifer Indicator,c/kg lwt,853.0,324.5943805393
2024-12-24,Cattle,12,National Restocker Yearling Heifer Indicator,c/kg lwt,26.0,206.3461538462
2024-12-25,Cattle,12,National Restocker Yearling Heifer Indicator,c/kg lwt,25.0,202.6
2024-10-01,Cattle,13,National Processor Cow Indicator,c/kg lwt,9323.0,279.2907657943
2024-10-02,Cattle,13,National Processor Cow Indicator,c/kg lwt,8823.0,278.3405088632
2024-10-03,Cattle,13,National Processor Cow Indicator,c/kg lwt,8771.0,276.7448762627
2024-10-04,Cattle,13,National Processor Cow Indicator,c/kg lwt,8771.0,276.7448762627
2024-10-05,Cattle,13,National Processor Cow Indicator,c/kg lwt,8771.0,276.7448762627
2024-10-06,Cattle,13,National Processor Cow Indicator,c/kg lwt,8771.0,276.7448762627
2024-10-07,Cattle,13,National Processor Cow Indicator,c/kg lwt,7876.0,274.3362505967
2024-10-08,Cattle,13,National Processor Cow Indicator,c/kg lwt,7481.0,273.4923280444
2024-10-09,Cattle,13,National Processor Cow Indicator,c/kg lwt,7468.0,273.1915379084
2024-10-10,Cattle,13,National Processor Cow Indicator,c/kg lwt,7107.0,272.6757288729
2024-10-11,Cattle,13,National Processor Cow Indicator,c/kg lwt,7107.0,272.6757288729
2024-10-12,Cattle,13,National Processor Cow Indicator,c/kg lwt,7107.0,272.6757288729
2024-10-13,Cattle,13,National Processor Cow Indicator,c/kg lwt,7107.0,272.6757288729
2024-10-14,Cattle,13,National Processor Cow Indicator,c/kg lwt,8292.0,273.5707193801
2024-10-15,Cattle,13,National Processor Cow Indicator,c/kg lwt,8128.0,269.2984998524
2024-10-16,Cattle,13,National Processor Cow Indicator,c/kg lwt,7719.0,267.7075536728
2024-10-17,Cattle,13,National Processor Cow Indicator,c/kg lwt,7778.0,263.1799443044
2024-10-18,Cattle,13,National Processor Cow Indicator,c/kg lwt,7883.0,262.9821903844
2024-10-19,Cattle,13,National Processor Cow Indicator,c/kg lwt,7883.0,262.9821903844
2024-10-20,Cattle,13,National Processor Cow Indicator,c/kg lwt,7883.0,262.9821903844
2024-10-21,Cattle,13,National Processor Cow Indicator,c/kg lwt,7581.0,261.8280710724
2024-10-22,Cattle,13,National Processor Cow Indicator,c/kg lwt,7301.0,262.1943851938
2024-10-23,Cattle,13,National Processor Cow Indicator,c/kg lwt,7531.0,263.0276465144
2024-10-24,Cattle,13,National Processor Cow Indicator,c/kg lwt,7272.0,265.3461504263
2024-10-25,Cattle,13,National Processor Cow Indicator,c/kg lwt,7167.0,265.5953963862
2024-10-26,Cattle,13,National Processor Cow Indicator,c/kg lwt,7167.0,265.5953963862
2024-10-27,Cattle,13,National Processor Cow Indicator,c/kg lwt,7167.0,265.5953963862
2024-10-28,Cattle,13,National Processor Cow Indicator,c/kg lwt,7780.0,264.4918002442
2024-10-29,Cattle,13,National Processor Cow Indicator,c/kg lwt,7119.0,265.6838327715
2024-10-30,Cattle,13,National Processor Cow Indicator,c/kg lwt,6799.0,266.2080901309
2024-10-31,Cattle,13,National Processor Cow Indicator,c/kg lwt,7037.0,268.5693910615
2024-11-01,Cattle,13,National Processor Cow Indicator,c/kg lwt,7037.0,268.5693910615
2024-11-02,Cattle,13,National Processor Cow Indicator,c/kg lwt,7037.0,268.5693910615
2024-11-03,Cattle,13,National Processor Cow Indicator,c/kg lwt,7037.0,268.5693910615
2024-11-04,Cattle,13,National Processor Cow Indicator,c/kg lwt,6733.0,271.2618156691
2024-11-05,Cattle,13,National Processor Cow Indicator,c/kg lwt,7136.0,273.1646588565
2024-11-06,Cattle,13,National Processor Cow Indicator,c/kg lwt,7720.0,272.524197772
2024-11-07,Cattle,13,National Processor Cow Indicator,c/kg lwt,7366.0,270.6675002308
2024-11-08,Cattle,13,National Processor Cow Indicator,c/kg lwt,7366.0,270.6675002308
2024-11-09,Cattle,13,National Processor Cow Indicator,c/kg lwt,7366.0,270.6675002308
2024-11-10,Cattle,13,National Processor Cow Indicator,c/kg lwt,7366.0,270.6675002308
2024-11-11,Cattle,13,National Processor Cow Indicator,c/kg lwt,7806.0,270.8037159493
2024-11-12,Cattle,13,National Processor Cow Indicator,c/kg lwt,9219.0,270.6121928843
2024-11-13,Cattle,13,National Processor Cow Indicator,c/kg lwt,9354.0,271.9322863695
2024-11-14,Cattle,13,National Processor Cow Indicator,c/kg lwt,10011.0,270.4396770253
2024-11-15,Cattle,13,National Processor Cow Indicator,c/kg lwt,10011.0,270.4396770253
2024-11-16,Cattle,13,National Processor Cow Indicator,c/kg lwt,10011.0,270.4396770253
2024-11-17,Cattle,13,National Processor Cow Indicator,c/kg lwt,10011.0,270.4396770253
2024-11-18,Cattle,13,National Processor Cow Indicator,c/kg lwt,10350.0,267.8829571691
2024-11-19,Cattle,13,National Processor Cow Indicator,c/kg lwt,9359.0,265.29026677
2024-11-20,Cattle,13,National Processor Cow Indicator,c/kg lwt,8790.0,263.8354272241
2024-11-21,Cattle,13,National Processor Cow Indicator,c/kg lwt,8224.0,265.2983469601
2024-11-22,Cattle,13,National Processor Cow Indicator,c/kg lwt,8224.0,265.2983469601
2024-11-23,Cattle,13,National Processor Cow Indicator,c/kg lwt,8224.0,265.2983469601
2024-11-24,Cattle,13,National Processor Cow Indicator,c/kg lwt,8224.0,265.2983469601
2024-11-25,Cattle,13,National Processor Cow Indicator,c/kg lwt,7571.0,263.0303269581
2024-11-26,Cattle,13,National Processor Cow Indicator,c/kg lwt,7126.0,261.6017687763
2024-11-27,Cattle,13,National Processor Cow Indicator,c/kg lwt,7720.0,261.5703376554
2024-11-28,Cattle,13,National Processor Cow Indicator,c/kg lwt,7378.0,261.0333161561
2024-11-29,Cattle,13,National Processor Cow Indicator,c/kg lwt,7636.0,258.754296307
2024-11-30,Cattle,13,National Processor Cow Indicator,c/kg lwt,7636.0,258.754296307
2024-12-01,Cattle,13,National Processor Cow Indicator,c/kg lwt,7636.0,258.754296307
2024-12-02,Cattle,13,National Processor Cow Indicator,c/kg lwt,7756.0,260.334039015
2024-12-03,Cattle,13,National Processor Cow Indicator,c/kg lwt,7320.0,263.470137459
2024-12-04,Cattle,13,National Processor Cow Indicator,c/kg lwt,7643.0,264.9858178333
2024-12-05,Cattle,13,National Processor Cow Indicator,c/kg lwt,7526.0,266.8986188812
2024-12-06,Cattle,13,National Processor Cow Indicator,c/kg lwt,7514.0,267.0597558824
2024-12-07,Cattle,13,National Processor Cow Indicator,c/kg lwt,7514.0,267.0597558824
2024-12-08,Cattle,13,National Processor Cow Indicator,c/kg lwt,7514.0,267.0597558824
2024-12-09,Cattle,13,National Processor Cow Indicator,c/kg lwt,7313.0,271.2872973745
2024-12-10,Cattle,13,National Processor Cow Indicator,c/kg lwt,8506.0,274.0102758523
2024-12-11,Cattle,13,National Processor Cow Indicator,c/kg lwt,7776.0,274.9759519547
2024-12-12,Cattle,13,National Processor Cow Indicator,c/kg lwt,7731.0,274.8377444574
2024-12-13,Cattle,13,National Processor Cow Indicator,c/kg lwt,7934.0,272.6818253592
2024-12-14,Cattle,13,National Processor Cow Indicator,c/kg lwt,7934.0,272.6818253592
2024-12-15,Cattle,13,National Processor Cow Indicator,c/kg lwt,7934.0,272.6818253592
2024-12-16,Cattle,13,National Processor Cow Indicator,c/kg lwt,7929.0,271.9686722664
2024-12-17,Cattle,13,National Processor Cow Indicator,c/kg lwt,5678.0,267.7490666432
2024-12-18,Cattle,13,National Processor Cow Indicator,c/kg lwt,4052.0,268.101480849
2024-12-19,Cattle,13,National Processor Cow Indicator,c/kg lwt,3549.0,266.5686673429
2024-12-20,Cattle,13,National Processor Cow Indicator,c/kg lwt,3100.0,277.2300646452
2024-12-21,Cattle,13,National Processor Cow Indicator,c/kg lwt,3100.0,277.2300646452
2024-12-22,Cattle,13,National Processor Cow Indicator,c/kg lwt,3100.0,277.2300646452
2024-12-23,Cattle,13,National Processor Cow Indicator,c/kg lwt,1513.0,279.3563783212
2024-12-24,Cattle,13,National Processor Cow Indicator,c/kg lwt,280.0,274.825
2024-12-25,Cattle,13,National Processor Cow Indicator,c/kg lwt,2.0,260.0
2024-10-01,Cattle,14,National Young Cattle Indicator,c/kg lwt,23000.0,342.1431660087
2024-10-02,Cattle,14,National Young Cattle Indicator,c/kg lwt,23152.0,338.4529051961
2024-10-03,Cattle,14,National Young Cattle Indicator,c/kg lwt,20139.0,341.8604275833
2024-10-04,Cattle,14,National Young Cattle Indicator,c/kg lwt,17731.0,328.2623349557
2024-10-05,Cattle,14,National Young Cattle Indicator,c/kg lwt,17670.0,328.8186808772
2024-10-06,Cattle,14,National Young Cattle Indicator,c/kg lwt,17421.0,328.2162890247
2024-10-07,Cattle,14,National Young Cattle Indicator,c/kg lwt,16202.0,326.9046180163
2024-10-08,Cattle,14,National Young Cattle Indicator,c/kg lwt,15645.0,322.9242647236
2024-10-09,Cattle,14,National Young Cattle Indicator,c/kg lwt,15057.0,327.0680928007
2024-10-10,Cattle,14,National Young Cattle Indicator,c/kg lwt,15028.0,326.0565227109
2024-10-11,Cattle,14,National Young Cattle Indicator,c/kg lwt,15410.0,327.57543305
2024-10-12,Cattle,14,National Young Cattle Indicator,c/kg lwt,15309.0,327.9326333072
2024-10-13,Cattle,14,National Young Cattle Indicator,c/kg lwt,15309.0,327.9326333072
2024-10-14,Cattle,14,National Young Cattle Indicator,c/kg lwt,17061.0,328.3422315984
2024-10-15,Cattle,14,National Young Cattle Indicator,c/kg lwt,15921.0,333.4876558194
2024-10-16,Cattle,14,National Young Cattle Indicator,c/kg lwt,15250.0,331.8454750689
2024-10-17,Cattle,14,National Young Cattle Indicator,c/kg lwt,15950.0,329.2143006144
2024-10-18,Cattle,14,National Young Cattle Indicator,c/kg lwt,18156.0,323.6772705882
2024-10-19,Cattle,14,National Young Cattle Indicator,c/kg lwt,18112.0,323.3371932862
2024-10-20,Cattle,14,National Young Cattle Indicator,c/kg lwt,18154.0,323.4722488047
2024-10-21,Cattle,14,National Young Cattle Indicator,c/kg lwt,16827.0,324.5504656088
2024-10-22,Cattle,14,National Young Cattle Indicator,c/kg lwt,16979.0,326.6124980329
2024-10-23,Cattle,14,National Young Cattle Indicator,c/kg lwt,17890.0,325.2711127557
2024-10-24,Cattle,14,National Young Cattle Indicator,c/kg lwt,16877.0,327.818353807
2024-10-25,Cattle,14,National Young Cattle Indicator,c/kg lwt,17148.0,333.4468688593
2024-10-26,Cattle,14,National Young Cattle Indicator,c/kg lwt,17146.0,333.4210636417
2024-10-27,Cattle,14,National Young Cattle Indicator,c/kg lwt,17240.0,332.8701622506
2024-10-28,Cattle,14,National Young Cattle Indicator,c/kg lwt,17473.0,332.3877306244
2024-10-29,Cattle,14,National Young Cattle Indicator,c/kg lwt,17029.0,330.6044489753
2024-10-30,Cattle,14,National Young Cattle Indicator,c/kg lwt,17879.0,331.0693992617
2024-10-31,Cattle,14,National Young Cattle Indicator,c/kg lwt,21178.0,328.3578367173
2024-11-01,Cattle,14,National Young Cattle Indicator,c/kg lwt,20073.0,330.5426835052
2024-11-02,Cattle,14,National Young Cattle Indicator,c/kg lwt,20060.0,330.5716643071
2024-11-03,Cattle,14,National Young Cattle Indicator,c/kg lwt,19924.0,330.9271022887
2024-11-04,Cattle,14,National Young Cattle Indicator,c/kg lwt,20482.0,330.6322032028
2024-11-05,Cattle,14,National Young Cattle Indicator,c/kg lwt,21494.0,328.3442039918
2024-11-06,Cattle,14,National Young Cattle Indicator,c/kg lwt,21136.0,329.6477527867
2024-11-07,Cattle,14,National Young Cattle Indicator,c/kg lwt,17903.0,331.2793027035
2024-11-08,Cattle,14,National Young Cattle Indicator,c/kg lwt,17495.0,329.4437082767
2024-11-09,Cattle,14,National Young Cattle Indicator,c/kg lwt,17517.0,329.1399095907
2024-11-10,Cattle,14,National Young Cattle Indicator,c/kg lwt,17517.0,329.1399095907
2024-11-11,Cattle,14,National Young Cattle Indicator,c/kg lwt,17318.0,328.5395765273
2024-11-12,Cattle,14,National Young Cattle Indicator,c/kg lwt,16277.0,330.2133961049
2024-11-13,Cattle,14,National Young Cattle Indicator,c/kg lwt,15639.0,330.1843618134
2024-11-14,Cattle,14,National Young Cattle Indicator,c/kg lwt,15920.0,331.8115674874
2024-11-15,Cattle,14,National Young Cattle Indicator,c/kg lwt,18276.0,331.6816712847
2024-11-16,Cattle,14,National Young Cattle Indicator,c/kg lwt,18272.0,331.8232182793
2024-11-17,Cattle,14,National Young Cattle Indicator,c/kg lwt,18272.0,331.8232182793
2024-11-18,Cattle,14,National Young Cattle Indicator,c/kg lwt,18166.0,332.2472902345
2024-11-19,Cattle,14,National Young Cattle Indicator,c/kg lwt,19392.0,333.6291641966
2024-11-20,Cattle,14,National Young Cattle Indicator,c/kg lwt,19744.0,334.6449429396
2024-11-21,Cattle,14,National Young Cattle Indicator,c/kg lwt,19645.0,335.0849454518
2024-11-22,Cattle,14,National Young Cattle Indicator,c/kg lwt,18319.0,338.4799052022
2024-11-23,Cattle,14,National Young Cattle Indicator,c/kg lwt,18328.0,338.4783611632
2024-11-24,Cattle,14,National Young Cattle Indicator,c/kg lwt,18328.0,338.4783611632
2024-11-25,Cattle,14,National Young Cattle Indicator,c/kg lwt,18132.0,337.7501060777
2024-11-26,Cattle,14,National Young Cattle Indicator,c/kg lwt,16197.0,341.5843648639
2024-11-27,Cattle,14,National Young Cattle Indicator,c/kg lwt,17025.0,341.8299678297
2024-11-28,Cattle,14,National Young Cattle Indicator,c/kg lwt,19220.0,341.4286499636
2024-11-29,Cattle,14,National Young Cattle Indicator,c/kg lwt,19599.0,342.02581521
2024-11-30,Cattle,14,National Young Cattle Indicator,c/kg lwt,19707.0,341.6432771249
2024-12-01,Cattle,14,National Young Cattle Indicator,c/kg lwt,19745.0,341.5899469385
2024-12-02,Cattle,14,National Young Cattle Indicator,c/kg lwt,22404.0,340.9573452196
2024-12-03,Cattle,14,National Young Cattle Indicator,c/kg lwt,22630.0,345.5664595758
2024-12-04,Cattle,14,National Young Cattle Indicator,c/kg lwt,22575.0,347.9268580199
2024-12-05,Cattle,14,National Young Cattle Indicator,c/kg lwt,20802.0,346.5467190607
2024-12-06,Cattle,14,National Young Cattle Indicator,c/kg lwt,24458.0,354.2604223526
2024-12-07,Cattle,14,National Young Cattle Indicator,c/kg lwt,24501.0,354.3606060936
2024-12-08,Cattle,14,National Young Cattle Indicator,c/kg lwt,24514.0,354.426763478
2024-12-09,Cattle,14,National Young Cattle Indicator,c/kg lwt,23185.0,356.8282501574
2024-12-10,Cattle,14,National Young Cattle Indicator,c/kg lwt,24259.0,353.1532061214
2024-12-11,Cattle,14,National Young Cattle Indicator,c/kg lwt,23743.0,355.3992897528
2024-12-12,Cattle,14,National Young Cattle Indicator,c/kg lwt,23710.0,356.8860951708
2024-12-13,Cattle,14,National Young Cattle Indicator,c/kg lwt,21278.0,354.9343987452
2024-12-14,Cattle,14,National Young Cattle Indicator,c/kg lwt,21040.0,355.3984917538
2024-12-15,Cattle,14,National Young Cattle Indicator,c/kg lwt,21017.0,355.4646351287
2024-12-16,Cattle,14,National Young Cattle Indicator,c/kg lwt,19831.0,356.1405570319
2024-12-17,Cattle,14,National Young Cattle Indicator,c/kg lwt,17208.0,358.318272536
2024-12-18,Cattle,14,National Young Cattle Indicator,c/kg lwt,13474.0,360.6012196675
2024-12-19,Cattle,14,National Young Cattle Indicator,c/kg lwt,12322.0,363.6411600227
2024-12-20,Cattle,14,National Young Cattle Indicator,c/kg lwt,6288.0,353.5585740776
2024-12-21,Cattle,14,National Young Cattle Indicator,c/kg lwt,6288.0,353.5585740776
2024-12-22,Cattle,14,National Young Cattle Indicator,c/kg lwt,6260.0,353.323072492
2024-12-23,Cattle,14,National Young Cattle Indicator,c/kg lwt,5154.0,359.0686988359
2024-12-24,Cattle,14,National Young Cattle Indicator,c/kg lwt,3129.0,355.5907190796
2024-12-25,Cattle,14,National Young Cattle Indicator,c/kg lwt,3060.0,356.030248366
2024-12-26,Cattle,14,National Young Cattle Indicator,c/kg lwt,2759.0,361.4572526278
2024-12-27,Cattle,14,National Young Cattle Indicator,c/kg lwt,10.0,410.92
2024-12-28,Cattle,14,National Young Cattle Indicator,c/kg lwt,10.0,410.92
2024-12-29,Cattle,14,National Young Cattle Indicator,c/kg lwt,10.0,410.92
2024-12-30,Cattle,14,National Young Cattle Indicator,c/kg lwt,10.0,410.92
2024-12-31,Cattle,14,National Young Cattle Indicator,c/kg lwt,10.0,410.92
2024-10-01,Cattle,15,Online Young Cattle Indicator,c/kg lwt,6963.0,382.2395059601
2024-10-02,Cattle,15,Online Young Cattle Indicator,c/kg lwt,6954.0,381.7746505608
2024-10-03,Cattle,15,Online Young Cattle Indicator,c/kg lwt,6821.0,382.9074695792
2024-10-04,Cattle,15,Online Young Cattle Indicator,c/kg lwt,4222.0,347.5165585031
2024-10-05,Cattle,15,Online Young Cattle Indicator,c/kg lwt,4100.0,350.7648121951
2024-10-06,Cattle,15,Online Young Cattle Indicator,c/kg lwt,4100.0,350.7648121951
2024-10-07,Cattle,15,Online Young Cattle Indicator,c/kg lwt,4029.0,348.5006974435
2024-10-08,Cattle,15,Online Young Cattle Indicator,c/kg lwt,3928.0,349.4899490835
2024-10-09,Cattle,15,Online Young Cattle Indicator,c/kg lwt,4113.0,350.1718672502
2024-10-10,Cattle,15,Online Young Cattle Indicator,c/kg lwt,4097.0,350.2177300464
2024-10-11,Cattle,15,Online Young Cattle Indicator,c/kg lwt,4982.0,354.2894560418
2024-10-12,Cattle,15,Online Young Cattle Indicator,c/kg lwt,4980.0,355.4403333333
2024-10-13,Cattle,15,Online Young Cattle Indicator,c/kg lwt,4980.0,355.4403333333
2024-10-14,Cattle,15,Online Young Cattle Indicator,c/kg lwt,5869.0,350.9472925541
2024-10-15,Cattle,15,Online Young Cattle Indicator,c/kg lwt,6102.0,350.9937053425
2024-10-16,Cattle,15,Online Young Cattle Indicator,c/kg lwt,5868.0,351.0377471029
2024-10-17,Cattle,15,Online Young Cattle Indicator,c/kg lwt,5748.0,350.5830027836
2024-10-18,Cattle,15,Online Young Cattle Indicator,c/kg lwt,6623.0,339.9257360713
2024-10-19,Cattle,15,Online Young Cattle Indicator,c/kg lwt,6504.0,338.97349631
2024-10-20,Cattle,15,Online Young Cattle Indicator,c/kg lwt,6518.0,339.0866185947
2024-10-21,Cattle,15,Online Young Cattle Indicator,c/kg lwt,5578.0,341.3863696665
2024-10-22,Cattle,15,Online Young Cattle Indicator,c/kg lwt,5388.0,340.7432349666
2024-10-23,Cattle,15,Online Young Cattle Indicator,c/kg lwt,5388.0,340.7432349666
2024-10-24,Cattle,15,Online Young Cattle Indicator,c/kg lwt,5410.0,340.4507763401
2024-10-25,Cattle,15,Online Young Cattle Indicator,c/kg lwt,6809.0,346.0009898664
2024-10-26,Cattle,15,Online Young Cattle Indicator,c/kg lwt,6882.0,345.9829468178
2024-10-27,Cattle,15,Online Young Cattle Indicator,c/kg lwt,7004.0,344.5813363792
2024-10-28,Cattle,15,Online Young Cattle Indicator,c/kg lwt,7109.0,344.7636939091
2024-10-29,Cattle,15,Online Young Cattle Indicator,c/kg lwt,7070.0,345.0361881188
2024-10-30,Cattle,15,Online Young Cattle Indicator,c/kg lwt,7340.0,344.4866444142
2024-10-31,Cattle,15,Online Young Cattle Indicator,c/kg lwt,7318.0,344.7141049467
2024-11-01,Cattle,15,Online Young Cattle Indicator,c/kg lwt,5250.0,358.5923942857
2024-11-02,Cattle,15,Online Young Cattle Indicator,c/kg lwt,5177.0,358.7939289164
2024-11-03,Cattle,15,Online Young Cattle Indicator,c/kg lwt,5041.0,360.9601606824
2024-11-04,Cattle,15,Online Young Cattle Indicator,c/kg lwt,5118.0,358.9383313794
2024-11-05,Cattle,15,Online Young Cattle Indicator,c/kg lwt,5366.0,358.1710268356
2024-11-06,Cattle,15,Online Young Cattle Indicator,c/kg lwt,5191.0,358.8833307648
2024-11-07,Cattle,15,Online Young Cattle Indicator,c/kg lwt,5209.0,358.6092244193
2024-11-08,Cattle,15,Online Young Cattle Indicator,c/kg lwt,5609.0,352.9394241398
2024-11-09,Cattle,15,Online Young Cattle Indicator,c/kg lwt,5691.0,351.9559919171
2024-11-10,Cattle,15,Online Young Cattle Indicator,c/kg lwt,5691.0,351.9559919171
2024-11-11,Cattle,15,Online Young Cattle Indicator,c/kg lwt,5677.0,353.4129170336
2024-11-12,Cattle,15,Online Young Cattle Indicator,c/kg lwt,5471.0,353.6607530616
2024-11-13,Cattle,15,Online Young Cattle Indicator,c/kg lwt,5376.0,354.3032403274
2024-11-14,Cattle,15,Online Young Cattle Indicator,c/kg lwt,5358.0,354.5543374393
2024-11-15,Cattle,15,Online Young Cattle Indicator,c/kg lwt,6818.0,346.3373555295
2024-11-16,Cattle,15,Online Young Cattle Indicator,c/kg lwt,6803.0,346.8513449949
2024-11-17,Cattle,15,Online Young Cattle Indicator,c/kg lwt,6803.0,346.8513449949
2024-11-18,Cattle,15,Online Young Cattle Indicator,c/kg lwt,6739.0,346.2647306722
2024-11-19,Cattle,15,Online Young Cattle Indicator,c/kg lwt,6752.0,345.6882153436
2024-11-20,Cattle,15,Online Young Cattle Indicator,c/kg lwt,6752.0,345.6882153436
2024-11-21,Cattle,15,Online Young Cattle Indicator,c/kg lwt,6752.0,345.6882153436
2024-11-22,Cattle,15,Online Young Cattle Indicator,c/kg lwt,6164.0,358.5195473718
2024-11-23,Cattle,15,Online Young Cattle Indicator,c/kg lwt,6106.0,358.7794005896
2024-11-24,Cattle,15,Online Young Cattle Indicator,c/kg lwt,6106.0,358.7794005896
2024-11-25,Cattle,15,Online Young Cattle Indicator,c/kg lwt,6068.0,358.5402933421
2024-11-26,Cattle,15,Online Young Cattle Indicator,c/kg lwt,6024.0,359.0478652058
2024-11-27,Cattle,15,Online Young Cattle Indicator,c/kg lwt,6040.0,358.9555264901
2024-11-28,Cattle,15,Online Young Cattle Indicator,c/kg lwt,6137.0,359.2225566238
2024-11-29,Cattle,15,Online Young Cattle Indicator,c/kg lwt,6643.0,359.9755321391
2024-11-30,Cattle,15,Online Young Cattle Indicator,c/kg lwt,6803.0,358.3931192121
2024-12-01,Cattle,15,Online Young Cattle Indicator,c/kg lwt,6827.0,358.1652365607
2024-12-02,Cattle,15,Online Young Cattle Indicator,c/kg lwt,8158.0,354.3744667811
2024-12-03,Cattle,15,Online Young Cattle Indicator,c/kg lwt,8210.0,353.1681583435
2024-12-04,Cattle,15,Online Young Cattle Indicator,c/kg lwt,8212.0,353.2504651729
2024-12-05,Cattle,15,Online Young Cattle Indicator,c/kg lwt,8115.0,352.9803290203
2024-12-06,Cattle,15,Online Young Cattle Indicator,c/kg lwt,11048.0,366.4401049964
2024-12-07,Cattle,15,Online Young Cattle Indicator,c/kg lwt,11021.0,366.7811732148
2024-12-08,Cattle,15,Online Young Cattle Indicator,c/kg lwt,10997.0,366.9409502592
2024-12-09,Cattle,15,Online Young Cattle Indicator,c/kg lwt,9771.0,371.2982519701
2024-12-10,Cattle,15,Online Young Cattle Indicator,c/kg lwt,9740.0,372.2894722793
2024-12-11,Cattle,15,Online Young Cattle Indicator,c/kg lwt,9722.0,372.3030425838
2024-12-12,Cattle,15,Online Young Cattle Indicator,c/kg lwt,9808.0,371.3663274878
2024-12-13,Cattle,15,Online Young Cattle Indicator,c/kg lwt,7735.0,369.4024692954
2024-12-14,Cattle,15,Online Young Cattle Indicator,c/kg lwt,7593.0,370.630011853
2024-12-15,Cattle,15,Online Young Cattle Indicator,c/kg lwt,7621.0,370.7607348117
2024-12-16,Cattle,15,Online Young Cattle Indicator,c/kg lwt,7564.0,371.7460325225
2024-12-17,Cattle,15,Online Young Cattle Indicator,c/kg lwt,7570.0,371.4743527081
2024-12-18,Cattle,15,Online Young Cattle Indicator,c/kg lwt,7570.0,371.4743527081
2024-12-19,Cattle,15,Online Young Cattle Indicator,c/kg lwt,7484.0,372.6924225013
2024-12-20,Cattle,15,Online Young Cattle Indicator,c/kg lwt,2466.0,360.8149959448
2024-12-21,Cattle,15,Online Young Cattle Indicator,c/kg lwt,2466.0,360.8149959448
2024-12-22,Cattle,15,Online Young Cattle Indicator,c/kg lwt,2438.0,360.2936423298
2024-12-23,Cattle,15,Online Young Cattle Indicator,c/kg lwt,2324.0,359.96
2024-12-24,Cattle,15,Online Young Cattle Indicator,c/kg lwt,2269.0,362.2302952843
2024-12-25,Cattle,15,Online Young Cattle Indicator,c/kg lwt,2269.0,362.2302952843
2024-12-26,Cattle,15,Online Young Cattle Indicator,c/kg lwt,2269.0,362.2302952843
2024-10-01,Sheep,16,Online Lamb Indicator,$/head,55373.0,116.5673703791
2024-10-02,Sheep,16,Online Lamb Indicator,$/head,58739.0,116.8463712355
2024-10-03,Sheep,16,Online Lamb Indicator,$/head,63055.0,114.2705574498
2024-10-04,Sheep,16,Online Lamb Indicator,$/head,62865.0,113.5827567009
2024-10-05,Sheep,16,Online Lamb Indicator,$/head,62865.0,113.5827567009
2024-10-06,Sheep,16,Online Lamb Indicator,$/head,62865.0,113.5827567009
2024-10-07,Sheep,16,Online Lamb Indicator,$/head,62700.0,113.3816586922
2024-10-08,Sheep,16,Online Lamb Indicator,$/head,39064.0,111.2864018022
2024-10-09,Sheep,16,Online Lamb Indicator,$/head,35789.0,109.9602671212
2024-10-10,Sheep,16,Online Lamb Indicator,$/head,51826.0,95.2261799097
2024-10-11,Sheep,16,Online Lamb Indicator,$/head,53441.0,95.7996107857
2024-10-12,Sheep,16,Online Lamb Indicator,$/head,53441.0,95.7996107857
2024-10-13,Sheep,16,Online Lamb Indicator,$/head,53441.0,95.7996107857
2024-10-14,Sheep,16,Online Lamb Indicator,$/head,53711.0,95.8709947683
2024-10-15,Sheep,16,Online Lamb Indicator,$/head,58888.0,97.8895190871
2024-10-16,Sheep,16,Online Lamb Indicator,$/head,63043.0,95.974779119
2024-10-17,Sheep,16,Online Lamb Indicator,$/head,42830.0,110.5083586271
2024-10-18,Sheep,16,Online Lamb Indicator,$/head,41910.0,110.8473633978
2024-10-19,Sheep,16,Online Lamb Indicator,$/head,41910.0,110.8473633978
2024-10-20,Sheep,16,Online Lamb Indicator,$/head,43050.0,110.2953077816
2024-10-21,Sheep,16,Online Lamb Indicator,$/head,42780.0,110.2971715755
2024-10-22,Sheep,16,Online Lamb Indicator,$/head,48973.0,111.9968758295
2024-10-23,Sheep,16,Online Lamb Indicator,$/head,46412.0,115.829591485
2024-10-24,Sheep,16,Online Lamb Indicator,$/head,47796.0,117.6875261528
2024-10-25,Sheep,16,Online Lamb Indicator,$/head,46746.0,117.8388097377
2024-10-26,Sheep,16,Online Lamb Indicator,$/head,46746.0,117.8388097377
2024-10-27,Sheep,16,Online Lamb Indicator,$/head,45606.0,118.5346884182
2024-10-28,Sheep,16,Online Lamb Indicator,$/head,45606.0,118.5346884182
2024-10-29,Sheep,16,Online Lamb Indicator,$/head,39079.0,120.4676527035
2024-10-30,Sheep,16,Online Lamb Indicator,$/head,38866.0,121.8476663408
2024-10-31,Sheep,16,Online Lamb Indicator,$/head,38651.0,118.4007244315
2024-11-01,Sheep,16,Online Lamb Indicator,$/head,39921.0,118.3723954811
2024-11-02,Sheep,16,Online Lamb Indicator,$/head,39921.0,118.3723954811
2024-11-03,Sheep,16,Online Lamb Indicator,$/head,39921.0,118.3723954811
2024-11-04,Sheep,16,Online Lamb Indicator,$/head,41318.0,118.1079529503
2024-11-05,Sheep,16,Online Lamb Indicator,$/head,34561.0,115.7884754492
2024-11-06,Sheep,16,Online Lamb Indicator,$/head,35179.0,115.153486455
2024-11-07,Sheep,16,Online Lamb Indicator,$/head,37620.0,116.1855263158
2024-11-08,Sheep,16,Online Lamb Indicator,$/head,38550.0,116.5229961089
2024-11-09,Sheep,16,Online Lamb Indicator,$/head,38550.0,116.5229961089
2024-11-10,Sheep,16,Online Lamb Indicator,$/head,38550.0,116.5229961089
2024-11-11,Sheep,16,Online Lamb Indicator,$/head,38784.0,117.7582379332
2024-11-12,Sheep,16,Online Lamb Indicator,$/head,51456.0,116.0003303794
2024-11-13,Sheep,16,Online Lamb Indicator,$/head,53569.0,115.6732625212
2024-11-14,Sheep,16,Online Lamb Indicator,$/head,50669.0,115.6228857882
2024-11-15,Sheep,16,Online Lamb Indicator,$/head,48949.0,115.5119818587
2024-11-16,Sheep,16,Online Lamb Indicator,$/head,49369.0,115.8053839454
2024-11-17,Sheep,16,Online Lamb Indicator,$/head,49369.0,115.8053839454
2024-11-18,Sheep,16,Online Lamb Indicator,$/head,49403.0,113.1137177904
2024-11-19,Sheep,16,Online Lamb Indicator,$/head,47575.0,113.5166999475
2024-11-20,Sheep,16,Online Lamb Indicator,$/head,50129.0,114.0541203694
2024-11-21,Sheep,16,Online Lamb Indicator,$/head,50579.0,113.686984717
2024-11-22,Sheep,16,Online Lamb Indicator,$/head,52326.0,113.9171731071
2024-11-23,Sheep,16,Online Lamb Indicator,$/head,52376.0,113.6824117917
2024-11-24,Sheep,16,Online Lamb Indicator,$/head,52376.0,113.6824117917
2024-11-25,Sheep,16,Online Lamb Indicator,$/head,53646.0,115.9321291429
2024-11-26,Sheep,16,Online Lamb Indicator,$/head,56487.0,123.1509727902
2024-11-27,Sheep,16,Online Lamb Indicator,$/head,51982.0,121.8777653803
2024-11-28,Sheep,16,Online Lamb Indicator,$/head,51136.0,122.1939338235
2024-11-29,Sheep,16,Online Lamb Indicator,$/head,62008.0,121.9935169656
2024-11-30,Sheep,16,Online Lamb Indicator,$/head,63158.0,122.0227682954
2024-12-01,Sheep,16,Online Lamb Indicator,$/head,63158.0,122.0227682954
2024-12-02,Sheep,16,Online Lamb Indicator,$/head,61808.0,122.2782164121
2024-12-03,Sheep,16,Online Lamb Indicator,$/head,61158.0,117.7628274306
2024-12-04,Sheep,16,Online Lamb Indicator,$/head,59862.0,119.7081454011
2024-12-05,Sheep,16,Online Lamb Indicator,$/head,63992.0,119.9845293162
2024-12-06,Sheep,16,Online Lamb Indicator,$/head,51463.0,120.184967841
2024-12-07,Sheep,16,Online Lamb Indicator,$/head,49843.0,120.1079188652
2024-12-08,Sheep,16,Online Lamb Indicator,$/head,49843.0,120.1079188652
2024-12-09,Sheep,16,Online Lamb Indicator,$/head,48258.0,119.562373078
2024-12-10,Sheep,16,Online Lamb Indicator,$/head,54288.0,124.4523835838
2024-12-11,Sheep,16,Online Lamb Indicator,$/head,54709.0,124.1834981447
2024-12-12,Sheep,16,Online Lamb Indicator,$/head,50773.0,123.2605912591
2024-12-13,Sheep,16,Online Lamb Indicator,$/head,50851.0,122.8582328764
2024-12-14,Sheep,16,Online Lamb Indicator,$/head,50851.0,122.8582328764
2024-12-15,Sheep,16,Online Lamb Indicator,$/head,50851.0,122.8582328764
2024-12-16,Sheep,16,Online Lamb Indicator,$/head,50851.0,122.8582328764
2024-12-17,Sheep,16,Online Lamb Indicator,$/head,47206.0,129.1613566072
2024-12-18,Sheep,16,Online Lamb Indicator,$/head,49699.0,129.7374393851
2024-12-19,Sheep,16,Online Lamb Indicator,$/head,49483.0,130.4746276499
2024-12-20,Sheep,16,Online Lamb Indicator,$/head,48835.0,130.3854202928
2024-12-21,Sheep,16,Online Lamb Indicator,$/head,48835.0,130.3854202928
2024-12-22,Sheep,16,Online Lamb Indicator,$/head,48835.0,130.3854202928
2024-12-23,Sheep,16,Online Lamb Indicator,$/head,48835.0,130.3854202928
2024-12-24,Sheep,16,Online Lamb Indicator,$/head,5252.0,127.284843869
2024-12-25,Sheep,16,Online Lamb Indicator,$/head,742.0,88.0053908356
2024-10-01,Cattle,17,National Feeder Heifer Indicator,c/kg lwt,7335.0,295.3911946149
2024-10-02,Cattle,17,National Feeder Heifer Indicator,c/kg lwt,6623.0,294.4760097388
2024-10-03,Cattle,17,National Feeder Heifer Indicator,c/kg lwt,5999.0,295.7240560927
2024-10-04,Cattle,17,National Feeder Heifer Indicator,c/kg lwt,5999.0,295.7240560927
2024-10-05,Cattle,17,National Feeder Heifer Indicator,c/kg lwt,5999.0,295.7240560927
2024-10-06,Cattle,17,National Feeder Heifer Indicator,c/kg lwt,5999.0,295.7240560927
2024-10-07,Cattle,17,National Feeder Heifer Indicator,c/kg lwt,4369.0,289.8776865415
2024-10-08,Cattle,17,National Feeder Heifer Indicator,c/kg lwt,4018.0,285.0924361125
2024-10-09,Cattle,17,National Feeder Heifer Indicator,c/kg lwt,3801.0,280.3243372007
2024-10-10,Cattle,17,National Feeder Heifer Indicator,c/kg lwt,3929.0,281.6041755409
2024-10-11,Cattle,17,National Feeder Heifer Indicator,c/kg lwt,3929.0,281.6041755409
2024-10-12,Cattle,17,National Feeder Heifer Indicator,c/kg lwt,3929.0,281.6041755409
2024-10-13,Cattle,17,National Feeder Heifer Indicator,c/kg lwt,3929.0,281.6041755409
2024-10-14,Cattle,17,National Feeder Heifer Indicator,c/kg lwt,5602.0,287.967476919
2024-10-15,Cattle,17,National Feeder Heifer Indicator,c/kg lwt,5691.0,289.9097539097
2024-10-16,Cattle,17,National Feeder Heifer Indicator,c/kg lwt,5448.0,291.2377771109
2024-10-17,Cattle,17,National Feeder Heifer Indicator,c/kg lwt,5093.0,289.6713940114
2024-10-18,Cattle,17,National Feeder Heifer Indicator,c/kg lwt,5160.0,289.6958158333
2024-10-19,Cattle,17,National Feeder Heifer Indicator,c/kg lwt,5160.0,289.6958158333
2024-10-20,Cattle,17,National Feeder Heifer Indicator,c/kg lwt,5160.0,289.6958158333
2024-10-21,Cattle,17,National Feeder Heifer Indicator,c/kg lwt,4311.0,287.3791254233
2024-10-22,Cattle,17,National Feeder Heifer Indicator,c/kg lwt,4337.0,284.9461397049
2024-10-23,Cattle,17,National Feeder Heifer Indicator,c/kg lwt,4859.0,284.3176389792
2024-10-24,Cattle,17,National Feeder Heifer Indicator,c/kg lwt,5204.0,286.423214412
2024-10-25,Cattle,17,National Feeder Heifer Indicator,c/kg lwt,5137.0,286.3563184349
2024-10-26,Cattle,17,National Feeder Heifer Indicator,c/kg lwt,5137.0,286.3563184349
2024-10-27,Cattle,17,National Feeder Heifer Indicator,c/kg lwt,5137.0,286.3563184349
2024-10-28,Cattle,17,National Feeder Heifer Indicator,c/kg lwt,5509.0,285.8214572155
2024-10-29,Cattle,17,National Feeder Heifer Indicator,c/kg lwt,5116.0,289.8537934128
2024-10-30,Cattle,17,National Feeder Heifer Indicator,c/kg lwt,4695.0,293.9463703088
2024-10-31,Cattle,17,National Feeder Heifer Indicator,c/kg lwt,4562.0,292.1152148619
2024-11-01,Cattle,17,National Feeder Heifer Indicator,c/kg lwt,4562.0,292.1152148619
2024-11-02,Cattle,17,National Feeder Heifer Indicator,c/kg lwt,4562.0,292.1152148619
2024-11-03,Cattle,17,National Feeder Heifer Indicator,c/kg lwt,4562.0,292.1152148619
2024-11-04,Cattle,17,National Feeder Heifer Indicator,c/kg lwt,4586.0,291.0886633668
2024-11-05,Cattle,17,National Feeder Heifer Indicator,c/kg lwt,5260.0,288.2957818061
2024-11-06,Cattle,17,National Feeder Heifer Indicator,c/kg lwt,5305.0,288.1764397361
2024-11-07,Cattle,17,National Feeder Heifer Indicator,c/kg lwt,5350.0,288.9688992897
2024-11-08,Cattle,17,National Feeder Heifer Indicator,c/kg lwt,5350.0,288.9688992897
2024-11-09,Cattle,17,National Feeder Heifer Indicator,c/kg lwt,5350.0,288.9688992897
2024-11-10,Cattle,17,National Feeder Heifer Indicator,c/kg lwt,5350.0,288.9688992897
2024-11-11,Cattle,17,National Feeder Heifer Indicator,c/kg lwt,5532.0,289.8860468547
2024-11-12,Cattle,17,National Feeder Heifer Indicator,c/kg lwt,5548.0,296.5853668349
2024-11-13,Cattle,17,National Feeder Heifer Indicator,c/kg lwt,5873.0,296.8454649583
2024-11-14,Cattle,17,National Feeder Heifer Indicator,c/kg lwt,5710.0,298.2345736778
2024-11-15,Cattle,17,National Feeder Heifer Indicator,c/kg lwt,5710.0,298.2345736778
2024-11-16,Cattle,17,National Feeder Heifer Indicator,c/kg lwt,5710.0,298.2345736778
2024-11-17,Cattle,17,National Feeder Heifer Indicator,c/kg lwt,5710.0,298.2345736778
2024-11-18,Cattle,17,National Feeder Heifer Indicator,c/kg lwt,5886.0,293.4649024295
2024-11-19,Cattle,17,National Feeder Heifer Indicator,c/kg lwt,6196.0,290.4977098289
2024-11-20,Cattle,17,National Feeder Heifer Indicator,c/kg lwt,6100.0,291.8001324918
2024-11-21,Cattle,17,National Feeder Heifer Indicator,c/kg lwt,6087.0,292.3221304748
2024-11-22,Cattle,17,National Feeder Heifer Indicator,c/kg lwt,6087.0,292.3221304748
2024-11-23,Cattle,17,National Feeder Heifer Indicator,c/kg lwt,6087.0,292.3221304748
2024-11-24,Cattle,17,National Feeder Heifer Indicator,c/kg lwt,6087.0,292.3221304748
2024-11-25,Cattle,17,National Feeder Heifer Indicator,c/kg lwt,5841.0,291.3776422188
2024-11-26,Cattle,17,National Feeder Heifer Indicator,c/kg lwt,6464.0,295.2737337098
2024-11-27,Cattle,17,National Feeder Heifer Indicator,c/kg lwt,7156.0,298.6147601314
2024-11-28,Cattle,17,National Feeder Heifer Indicator,c/kg lwt,7065.0,299.9647874735
2024-11-29,Cattle,17,National Feeder Heifer Indicator,c/kg lwt,7175.0,299.3035851568
2024-11-30,Cattle,17,National Feeder Heifer Indicator,c/kg lwt,7175.0,299.3035851568
2024-12-01,Cattle,17,National Feeder Heifer Indicator,c/kg lwt,7175.0,299.3035851568
2024-12-02,Cattle,17,National Feeder Heifer Indicator,c/kg lwt,6603.0,306.3492690444
2024-12-03,Cattle,17,National Feeder Heifer Indicator,c/kg lwt,5305.0,308.1885040905
2024-12-04,Cattle,17,National Feeder Heifer Indicator,c/kg lwt,5278.0,306.2356595491
2024-12-05,Cattle,17,National Feeder Heifer Indicator,c/kg lwt,5185.0,307.4844380135
2024-12-06,Cattle,17,National Feeder Heifer Indicator,c/kg lwt,5157.0,306.9530368625
2024-12-07,Cattle,17,National Feeder Heifer Indicator,c/kg lwt,5157.0,306.9530368625
2024-12-08,Cattle,17,National Feeder Heifer Indicator,c/kg lwt,5157.0,306.9530368625
2024-12-09,Cattle,17,National Feeder Heifer Indicator,c/kg lwt,6310.0,310.5254851189
2024-12-10,Cattle,17,National Feeder Heifer Indicator,c/kg lwt,6866.0,312.1683972182
2024-12-11,Cattle,17,National Feeder Heifer Indicator,c/kg lwt,7521.0,317.5502731685
2024-12-12,Cattle,17,National Feeder Heifer Indicator,c/kg lwt,7790.0,318.5466758023
2024-12-13,Cattle,17,National Feeder Heifer Indicator,c/kg lwt,7835.0,318.7587242502
2024-12-14,Cattle,17,National Feeder Heifer Indicator,c/kg lwt,7835.0,318.7587242502
2024-12-15,Cattle,17,National Feeder Heifer Indicator,c/kg lwt,7835.0,318.7587242502
2024-12-16,Cattle,17,National Feeder Heifer Indicator,c/kg lwt,6675.0,316.4363452434
2024-12-17,Cattle,17,National Feeder Heifer Indicator,c/kg lwt,5131.0,315.8980705515
2024-12-18,Cattle,17,National Feeder Heifer Indicator,c/kg lwt,2507.0,311.1779018748
2024-12-19,Cattle,17,National Feeder Heifer Indicator,c/kg lwt,1635.0,303.1033639144
2024-12-20,Cattle,17,National Feeder Heifer Indicator,c/kg lwt,1508.0,306.8143236074
2024-12-21,Cattle,17,National Feeder Heifer Indicator,c/kg lwt,1508.0,306.8143236074
2024-12-22,Cattle,17,National Feeder Heifer Indicator,c/kg lwt,1508.0,306.8143236074
2024-12-23,Cattle,17,National Feeder Heifer Indicator,c/kg lwt,571.0,315.9579684764
2024-12-24,Cattle,17,National Feeder Heifer Indicator,c/kg lwt,84.0,283.7976190476
2024-12-25,Cattle,17,National Feeder Heifer Indicator,c/kg lwt,41.0,288.4146341463
2024-10-01,Sheep,18,Online Sheep Indicator,$/head,12292.0,129.638057273
2024-10-02,Sheep,18,Online Sheep Indicator,$/head,13131.0,128.3863376742
2024-10-03,Sheep,18,Online Sheep Indicator,$/head,13521.0,129.4561053177
2024-10-04,Sheep,18,Online Sheep Indicator,$/head,13521.0,129.4561053177
2024-10-05,Sheep,18,Online Sheep Indicator,$/head,13521.0,129.4561053177
2024-10-06,Sheep,18,Online Sheep Indicator,$/head,13521.0,129.4561053177
2024-10-07,Sheep,18,Online Sheep Indicator,$/head,14310.0,129.3545073375
2024-10-08,Sheep,18,Online Sheep Indicator,$/head,9805.0,143.0129525752
2024-10-09,Sheep,18,Online Sheep Indicator,$/head,10485.0,136.622985217
2024-10-10,Sheep,18,Online Sheep Indicator,$/head,10073.0,131.352824382
2024-10-11,Sheep,18,Online Sheep Indicator,$/head,10073.0,131.352824382
2024-10-12,Sheep,18,Online Sheep Indicator,$/head,10073.0,131.352824382
2024-10-13,Sheep,18,Online Sheep Indicator,$/head,10073.0,131.352824382
2024-10-14,Sheep,18,Online Sheep Indicator,$/head,9284.0,131.6706161137
2024-10-15,Sheep,18,Online Sheep Indicator,$/head,11819.0,109.9878162281
2024-10-16,Sheep,18,Online Sheep Indicator,$/head,14189.0,123.7746846148
2024-10-17,Sheep,18,Online Sheep Indicator,$/head,14401.0,126.6741198528
2024-10-18,Sheep,18,Online Sheep Indicator,$/head,15213.0,128.3937421942
2024-10-19,Sheep,18,Online Sheep Indicator,$/head,15213.0,128.3937421942
2024-10-20,Sheep,18,Online Sheep Indicator,$/head,15213.0,128.3937421942
2024-10-21,Sheep,18,Online Sheep Indicator,$/head,15583.0,126.7104536995
2024-10-22,Sheep,18,Online Sheep Indicator,$/head,15841.0,130.9366832902
2024-10-23,Sheep,18,Online Sheep Indicator,$/head,13122.0,121.8238073464
2024-10-24,Sheep,18,Online Sheep Indicator,$/head,16199.0,126.5929378357
2024-10-25,Sheep,18,Online Sheep Indicator,$/head,15628.0,125.7805861275
2024-10-26,Sheep,18,Online Sheep Indicator,$/head,15628.0,125.7805861275
2024-10-27,Sheep,18,Online Sheep Indicator,$/head,15628.0,125.7805861275
2024-10-28,Sheep,18,Online Sheep Indicator,$/head,15258.0,127.4363612531
2024-10-29,Sheep,18,Online Sheep Indicator,$/head,5776.0,129.853531856
2024-10-30,Sheep,18,Online Sheep Indicator,$/head,16779.0,129.2611001848
2024-10-31,Sheep,18,Online Sheep Indicator,$/head,14011.0,122.5228035115
2024-11-01,Sheep,18,Online Sheep Indicator,$/head,13981.0,121.3170016451
2024-11-02,Sheep,18,Online Sheep Indicator,$/head,13981.0,121.3170016451
2024-11-03,Sheep,18,Online Sheep Indicator,$/head,13981.0,121.3170016451
2024-11-04,Sheep,18,Online Sheep Indicator,$/head,14109.0,121.2687646183
2024-11-05,Sheep,18,Online Sheep Indicator,$/head,27219.0,112.4673206216
2024-11-06,Sheep,18,Online Sheep Indicator,$/head,15840.0,101.6021464646
2024-11-07,Sheep,18,Online Sheep Indicator,$/head,16935.0,106.5187186301
2024-11-08,Sheep,18,Online Sheep Indicator,$/head,19315.0,116.239839503
2024-11-09,Sheep,18,Online Sheep Indicator,$/head,19315.0,116.239839503
2024-11-10,Sheep,18,Online Sheep Indicator,$/head,19315.0,116.239839503
2024-11-11,Sheep,18,Online Sheep Indicator,$/head,19673.0,117.2062471408
2024-11-12,Sheep,18,Online Sheep Indicator,$/head,13137.0,140.8256451245
2024-11-13,Sheep,18,Online Sheep Indicator,$/head,14944.0,134.5574478051
2024-11-14,Sheep,18,Online Sheep Indicator,$/head,13043.0,133.2414321858
2024-11-15,Sheep,18,Online Sheep Indicator,$/head,10452.0,121.8029085343
2024-11-16,Sheep,18,Online Sheep Indicator,$/head,10452.0,121.8029085343
2024-11-17,Sheep,18,Online Sheep Indicator,$/head,10452.0,121.8029085343
2024-11-18,Sheep,18,Online Sheep Indicator,$/head,10386.0,119.7583285192
2024-11-19,Sheep,18,Online Sheep Indicator,$/head,13241.0,137.7928404199
2024-11-20,Sheep,18,Online Sheep Indicator,$/head,11364.0,153.4757127772
2024-11-21,Sheep,18,Online Sheep Indicator,$/head,13675.0,143.0148446069
2024-11-22,Sheep,18,Online Sheep Indicator,$/head,13675.0,143.0148446069
2024-11-23,Sheep,18,Online Sheep Indicator,$/head,13675.0,143.0148446069
2024-11-24,Sheep,18,Online Sheep Indicator,$/head,14031.0,143.5853467322
2024-11-25,Sheep,18,Online Sheep Indicator,$/head,13611.0,144.6217030343
2024-11-26,Sheep,18,Online Sheep Indicator,$/head,13346.0,136.3038363555
2024-11-27,Sheep,18,Online Sheep Indicator,$/head,12686.0,134.6597036103
2024-11-28,Sheep,18,Online Sheep Indicator,$/head,10748.0,142.0139095646
2024-11-29,Sheep,18,Online Sheep Indicator,$/head,10942.0,140.9853317492
2024-11-30,Sheep,18,Online Sheep Indicator,$/head,10942.0,140.9853317492
2024-12-01,Sheep,18,Online Sheep Indicator,$/head,10586.0,140.1609200831
2024-12-02,Sheep,18,Online Sheep Indicator,$/head,11444.0,141.382689619
2024-12-03,Sheep,18,Online Sheep Indicator,$/head,14125.0,140.9961415929
2024-12-04,Sheep,18,Online Sheep Indicator,$/head,14451.0,141.8684174106
2024-12-05,Sheep,18,Online Sheep Indicator,$/head,17270.0,147.6094962362
2024-12-06,Sheep,18,Online Sheep Indicator,$/head,17076.0,148.3321620989
2024-12-07,Sheep,18,Online Sheep Indicator,$/head,17076.0,148.3321620989
2024-12-08,Sheep,18,Online Sheep Indicator,$/head,17076.0,148.3321620989
2024-12-09,Sheep,18,Online Sheep Indicator,$/head,16218.0,147.9023307436
2024-12-10,Sheep,18,Online Sheep Indicator,$/head,19200.0,139.4754427083
2024-12-11,Sheep,18,Online Sheep Indicator,$/head,19687.0,138.0684461828
2024-12-12,Sheep,18,Online Sheep Indicator,$/head,17845.0,130.3628747548
2024-12-13,Sheep,18,Online Sheep Indicator,$/head,17845.0,130.3628747548
2024-12-14,Sheep,18,Online Sheep Indicator,$/head,17845.0,130.3628747548
2024-12-15,Sheep,18,Online Sheep Indicator,$/head,17845.0,130.3628747548
2024-12-16,Sheep,18,Online Sheep Indicator,$/head,17845.0,130.3628747548
2024-12-17,Sheep,18,Online Sheep Indicator,$/head,13259.0,157.2321442039
2024-12-18,Sheep,18,Online Sheep Indicator,$/head,12011.0,161.6406627258
2024-12-19,Sheep,18,Online Sheep Indicator,$/head,10781.0,170.2574900288
2024-12-20,Sheep,18,Online Sheep Indicator,$/head,10781.0,170.2574900288
2024-12-21,Sheep,18,Online Sheep Indicator,$/head,10781.0,170.2574900288
2024-12-22,Sheep,18,Online Sheep Indicator,$/head,10781.0,170.2574900288
2024-12-23,Sheep,18,Online Sheep Indicator,$/head,10781.0,170.2574900288
2024-12-24,Sheep,18,Online Sheep Indicator,$/head,540.0,182.2777777778
2024-12-25,Sheep,18,Online Sheep Indicator,$/head,310.0,181.0
