calendar_date,species_id,indicator_id,indicator_desc,indicator_units,head_count,indicator_value
2025-04-01,Cattle,1,Western Young Cattle Indicator,c/kg cwt,920.0,595.6209516304
2025-04-02,Cattle,1,Western Young Cattle Indicator,c/kg cwt,920.0,595.6209516304
2025-04-03,Cattle,1,Western Young Cattle Indicator,c/kg cwt,866.0,619.0971331409
2025-04-04,Cattle,1,Western Young Cattle Indicator,c/kg cwt,866.0,619.0971331409
2025-04-05,Cattle,1,Western Young Cattle Indicator,c/kg cwt,866.0,619.0971331409
2025-04-06,Cattle,1,Western Young Cattle Indicator,c/kg cwt,866.0,619.0971331409
2025-04-07,Cattle,1,Western Young Cattle Indicator,c/kg cwt,913.0,617.5456989047
2025-04-08,Cattle,1,Western Young Cattle Indicator,c/kg cwt,913.0,617.5456989047
2025-04-09,Cattle,1,Western Young Cattle Indicator,c/kg cwt,913.0,617.5456989047
2025-04-10,Cattle,1,Western Young Cattle Indicator,c/kg cwt,1337.0,676.9862023186
2025-04-11,Cattle,1,Western Young Cattle Indicator,c/kg cwt,1337.0,676.9862023186
2025-04-12,Cattle,1,Western Young Cattle Indicator,c/kg cwt,1337.0,676.9862023186
2025-04-13,Cattle,1,Western Young Cattle Indicator,c/kg cwt,1337.0,676.9862023186
2025-04-14,Cattle,1,Western Young Cattle Indicator,c/kg cwt,1717.0,689.2476659289
2025-04-15,Cattle,1,Western Young Cattle Indicator,c/kg cwt,1717.0,689.2476659289
2025-04-16,Cattle,1,Western Young Cattle Indicator,c/kg cwt,1717.0,689.2476659289
2025-04-17,Cattle,1,Western Young Cattle Indicator,c/kg cwt,676.0,666.4184286982
2025-04-18,Cattle,1,Western Young Cattle Indicator,c/kg cwt,676.0,666.4184286982
2025-04-19,Cattle,1,Western Young Cattle Indicator,c/kg cwt,676.0,666.4184286982
2025-04-20,Cattle,1,Western Young Cattle Indicator,c/kg cwt,676.0,666.4184286982
2025-04-28,Cattle,1,Western Young Cattle Indicator,c/kg cwt,265.0,614.2682592453
2025-04-29,Cattle,1,Western Young Cattle Indicator,c/kg cwt,265.0,614.2682592453
2025-04-30,Cattle,1,Western Young Cattle Indicator,c/kg cwt,265.0,614.2682592453
2025-05-01,Cattle,1,Western Young Cattle Indicator,c/kg cwt,1105.0,702.6753115837
2025-05-02,Cattle,1,Western Young Cattle Indicator,c/kg cwt,1105.0,702.6753115837
2025-05-03,Cattle,1,Western Young Cattle Indicator,c/kg cwt,1105.0,702.6753115837
2025-05-04,Cattle,1,Western Young Cattle Indicator,c/kg cwt,1105.0,702.6753115837
2025-05-05,Cattle,1,Western Young Cattle Indicator,c/kg cwt,1192.0,703.669523406
2025-05-06,Cattle,1,Western Young Cattle Indicator,c/kg cwt,1192.0,703.669523406
2025-05-07,Cattle,1,Western Young Cattle Indicator,c/kg cwt,1192.0,703.669523406
2025-05-08,Cattle,1,Western Young Cattle Indicator,c/kg cwt,1226.0,686.0720404568
2025-05-09,Cattle,1,Western Young Cattle Indicator,c/kg cwt,1226.0,686.0720404568
2025-05-10,Cattle,1,Western Young Cattle Indicator,c/kg cwt,1226.0,686.0720404568
2025-05-11,Cattle,1,Western Young Cattle Indicator,c/kg cwt,1226.0,686.0720404568
2025-05-12,Cattle,1,Western Young Cattle Indicator,c/kg cwt,1064.0,684.321106203
2025-05-13,Cattle,1,Western Young Cattle Indicator,c/kg cwt,1064.0,684.321106203
2025-05-14,Cattle,1,Western Young Cattle Indicator,c/kg cwt,1064.0,684.321106203
2025-05-15,Cattle,1,Western Young Cattle Indicator,c/kg cwt,1018.0,700.4203476424
2025-05-16,Cattle,1,Western Young Cattle Indicator,c/kg cwt,1018.0,700.4203476424
2025-05-17,Cattle,1,Western Young Cattle Indicator,c/kg cwt,1018.0,700.4203476424
2025-05-18,Cattle,1,Western Young Cattle Indicator,c/kg cwt,1018.0,700.4203476424
2025-05-19,Cattle,1,Western Young Cattle Indicator,c/kg cwt,1130.0,689.3759852212
2025-05-20,Cattle,1,Western Young Cattle Indicator,c/kg cwt,1130.0,689.3759852212
2025-05-21,Cattle,1,Western Young Cattle Indicator,c/kg cwt,1130.0,689.3759852212
2025-05-22,Cattle,1,Western Young Cattle Indicator,c/kg cwt,1092.0,662.3125384615
2025-05-23,Cattle,1,Western Young Cattle Indicator,c/kg cwt,1092.0,662.3125384615
2025-05-24,Cattle,1,Western Young Cattle Indicator,c/kg cwt,1092.0,662.3125384615
2025-05-25,Cattle,1,Western Young Cattle Indicator,c/kg cwt,1092.0,662.3125384615
2025-05-26,Cattle,1,Western Young Cattle Indicator,c/kg cwt,1286.0,673.5894674961
2025-05-27,Cattle,1,Western Young Cattle Indicator,c/kg cwt,1286.0,673.5894674961
2025-05-28,Cattle,1,Western Young Cattle Indicator,c/kg cwt,1286.0,673.5894674961
2025-05-29,Cattle,1,Western Young Cattle Indicator,c/kg cwt,996.0,659.2630385542
2025-05-30,Cattle,1,Western Young Cattle Indicator,c/kg cwt,996.0,659.2630385542
2025-05-31,Cattle,1,Western Young Cattle Indicator,c/kg cwt,996.0,659.2630385542
2025-06-01,Cattle,1,Western Young Cattle Indicator,c/kg cwt,996.0,659.2630385542
2025-06-02,Cattle,1,Western Young Cattle Indicator,c/kg cwt,500.0,671.1519942
2025-06-03,Cattle,1,Western Young Cattle Indicator,c/kg cwt,634.0,660.7683400631
2025-06-04,Cattle,1,Western Young Cattle Indicator,c/kg cwt,634.0,660.7683400631
2025-06-05,Cattle,1,Western Young Cattle Indicator,c/kg cwt,559.0,666.3823719141
2025-06-06,Cattle,1,Western Young Cattle Indicator,c/kg cwt,559.0,666.3823719141
2025-06-07,Cattle,1,Western Young Cattle Indicator,c/kg cwt,559.0,666.3823719141
2025-06-08,Cattle,1,Western Young Cattle Indicator,c/kg cwt,559.0,666.3823719141
2025-06-09,Cattle,1,Western Young Cattle Indicator,c/kg cwt,660.0,653.5732606061
2025-06-10,Cattle,1,Western Young Cattle Indicator,c/kg cwt,526.0,661.6106872624
2025-06-11,Cattle,1,Western Young Cattle Indicator,c/kg cwt,526.0,661.6106872624
2025-06-12,Cattle,1,Western Young Cattle Indicator,c/kg cwt,785.0,650.3538694268
2025-06-13,Cattle,1,Western Young Cattle Indicator,c/kg cwt,785.0,650.3538694268
2025-06-14,Cattle,1,Western Young Cattle Indicator,c/kg cwt,785.0,650.3538694268
2025-06-15,Cattle,1,Western Young Cattle Indicator,c/kg cwt,785.0,650.3538694268
2025-06-16,Cattle,1,Western Young Cattle Indicator,c/kg cwt,1051.0,637.2739151284
2025-06-17,Cattle,1,Western Young Cattle Indicator,c/kg cwt,1051.0,637.2739151284
2025-06-18,Cattle,1,Western Young Cattle Indicator,c/kg cwt,1051.0,637.2739151284
2025-06-19,Cattle,1,Western Young Cattle Indicator,c/kg cwt,911.0,621.4977936334
2025-06-20,Cattle,1,Western Young Cattle Indicator,c/kg cwt,911.0,621.4977936334
2025-06-21,Cattle,1,Western Young Cattle Indicator,c/kg cwt,911.0,621.4977936334
2025-06-22,Cattle,1,Western Young Cattle Indicator,c/kg cwt,911.0,621.4977936334
2025-06-23,Cattle,1,Western Young Cattle Indicator,c/kg cwt,782.0,608.0811882353
2025-06-24,Cattle,1,Western Young Cattle Indicator,c/kg cwt,782.0,608.0811882353
2025-06-25,Cattle,1,Western Young Cattle Indicator,c/kg cwt,782.0,608.0811882353
2025-06-26,Cattle,1,Western Young Cattle Indicator,c/kg cwt,549.0,607.3774724954
2025-06-27,Cattle,1,Western Young Cattle Indicator,c/kg cwt,549.0,607.3774724954
2025-06-28,Cattle,1,Western Young Cattle Indicator,c/kg cwt,549.0,607.3774724954
2025-06-29,Cattle,1,Western Young Cattle Indicator,c/kg cwt,549.0,607.3774724954
2025-06-30,Cattle,1,Western Young Cattle Indicator,c/kg cwt,453.0,625.9842450331
2025-07-01,Cattle,1,Western Young Cattle Indicator,c/kg cwt,453.0,625.9842450331
2025-07-02,Cattle,1,Western Young Cattle Indicator,c/kg cwt,453.0,625.9842450331
2025-07-03,Cattle,1,Western Young Cattle Indicator,c/kg cwt,454.0,654.3601035242
2025-07-04,Cattle,1,Western Young Cattle Indicator,c/kg cwt,454.0,654.3601035242
2025-07-05,Cattle,1,Western Young Cattle Indicator,c/kg cwt,454.0,654.3601035242
2025-07-06,Cattle,1,Western Young Cattle Indicator,c/kg cwt,454.0,654.3601035242
2025-07-07,Cattle,1,Western Young Cattle Indicator,c/kg cwt,424.0,681.3759146226
2025-07-08,Cattle,1,Western Young Cattle Indicator,c/kg cwt,424.0,681.3759146226
2025-07-09,Cattle,1,Western Young Cattle Indicator,c/kg cwt,424.0,681.3759146226
2025-07-10,Cattle,1,Western Young Cattle Indicator,c/kg cwt,589.0,703.7509088285
2025-07-11,Cattle,1,Western Young Cattle Indicator,c/kg cwt,589.0,703.7509088285
2025-07-12,Cattle,1,Western Young Cattle Indicator,c/kg cwt,589.0,703.7509088285
2025-07-13,Cattle,1,Western Young Cattle Indicator,c/kg cwt,589.0,703.7509088285
2025-07-14,Cattle,1,Western Young Cattle Indicator,c/kg cwt,560.0,703.7811696429
2025-07-15,Cattle,1,Western Young Cattle Indicator,c/kg cwt,560.0,703.7811696429
2025-07-16,Cattle,1,Western Young Cattle Indicator,c/kg cwt,560.0,703.7811696429
2025-07-17,Cattle,1,Western Young Cattle Indicator,c/kg cwt,485.0,670.6494251546
2025-07-18,Cattle,1,Western Young Cattle Indicator,c/kg cwt,485.0,670.6494251546
2025-07-19,Cattle,1,Western Young Cattle Indicator,c/kg cwt,485.0,670.6494251546
2025-07-20,Cattle,1,Western Young Cattle Indicator,c/kg cwt,485.0,670.6494251546
2025-07-21,Cattle,1,Western Young Cattle Indicator,c/kg cwt,464.0,678.1902163793
2025-07-22,Cattle,1,Western Young Cattle Indicator,c/kg cwt,464.0,678.1902163793
2025-07-23,Cattle,1,Western Young Cattle Indicator,c/kg cwt,464.0,678.1902163793
2025-07-24,Cattle,1,Western Young Cattle Indicator,c/kg cwt,62.0,619.3660145161
2025-07-25,Cattle,1,Western Young Cattle Indicator,c/kg cwt,62.0,619.3660145161
2025-07-26,Cattle,1,Western Young Cattle Indicator,c/kg cwt,62.0,619.3660145161
2025-07-27,Cattle,1,Western Young Cattle Indicator,c/kg cwt,62.0,619.3660145161
2025-07-28,Cattle,1,Western Young Cattle Indicator,c/kg cwt,309.0,627.4880588997
2025-07-29,Cattle,1,Western Young Cattle Indicator,c/kg cwt,309.0,627.4880588997
2025-07-30,Cattle,1,Western Young Cattle Indicator,c/kg cwt,309.0,627.4880588997
2025-07-31,Cattle,1,Western Young Cattle Indicator,c/kg cwt,832.0,703.814918149
2025-08-01,Cattle,1,Western Young Cattle Indicator,c/kg cwt,832.0,703.814918149
2025-08-02,Cattle,1,Western Young Cattle Indicator,c/kg cwt,832.0,703.814918149
2025-08-03,Cattle,1,Western Young Cattle Indicator,c/kg cwt,832.0,703.814918149
2025-08-04,Cattle,1,Western Young Cattle Indicator,c/kg cwt,644.0,727.148017236
2025-08-05,Cattle,1,Western Young Cattle Indicator,c/kg cwt,644.0,727.148017236
2025-08-06,Cattle,1,Western Young Cattle Indicator,c/kg cwt,644.0,727.148017236
2025-08-07,Cattle,1,Western Young Cattle Indicator,c/kg cwt,458.0,757.5055604803
2025-08-08,Cattle,1,Western Young Cattle Indicator,c/kg cwt,458.0,757.5055604803
2025-08-09,Cattle,1,Western Young Cattle Indicator,c/kg cwt,458.0,757.5055604803
2025-08-10,Cattle,1,Western Young Cattle Indicator,c/kg cwt,458.0,757.5055604803
2025-08-11,Cattle,1,Western Young Cattle Indicator,c/kg cwt,562.0,764.7367489324
2025-08-12,Cattle,1,Western Young Cattle Indicator,c/kg cwt,562.0,764.7367489324
2025-08-13,Cattle,1,Western Young Cattle Indicator,c/kg cwt,562.0,764.7367489324
2025-08-14,Cattle,1,Western Young Cattle Indicator,c/kg cwt,776.0,742.4842037371
2025-08-15,Cattle,1,Western Young Cattle Indicator,c/kg cwt,776.0,742.4842037371
2025-08-16,Cattle,1,Western Young Cattle Indicator,c/kg cwt,776.0,742.4842037371
2025-08-17,Cattle,1,Western Young Cattle Indicator,c/kg cwt,776.0,742.4842037371
2025-08-18,Cattle,1,Western Young Cattle Indicator,c/kg cwt,1207.0,763.573431483
2025-08-19,Cattle,1,Western Young Cattle Indicator,c/kg cwt,1207.0,763.573431483
2025-08-20,Cattle,1,Western Young Cattle Indicator,c/kg cwt,1207.0,763.573431483
2025-08-21,Cattle,1,Western Young Cattle Indicator,c/kg cwt,1094.0,778.8766234004
2025-08-22,Cattle,1,Western Young Cattle Indicator,c/kg cwt,1094.0,778.8766234004
2025-08-23,Cattle,1,Western Young Cattle Indicator,c/kg cwt,1094.0,778.8766234004
2025-08-24,Cattle,1,Western Young Cattle Indicator,c/kg cwt,1094.0,778.8766234004
2025-08-25,Cattle,1,Western Young Cattle Indicator,c/kg cwt,542.0,772.6306839483
2025-08-26,Cattle,1,Western Young Cattle Indicator,c/kg cwt,542.0,772.6306839483
2025-08-27,Cattle,1,Western Young Cattle Indicator,c/kg cwt,542.0,772.6306839483
2025-08-28,Cattle,1,Western Young Cattle Indicator,c/kg cwt,583.0,770.9157636364
2025-08-29,Cattle,1,Western Young Cattle Indicator,c/kg cwt,583.0,770.9157636364
2025-08-30,Cattle,1,Western Young Cattle Indicator,c/kg cwt,583.0,770.9157636364
2025-08-31,Cattle,1,Western Young Cattle Indicator,c/kg cwt,583.0,770.9157636364
2025-09-01,Cattle,1,Western Young Cattle Indicator,c/kg cwt,663.0,766.5550334842
2025-09-02,Cattle,1,Western Young Cattle Indicator,c/kg cwt,663.0,766.5550334842
2025-09-03,Cattle,1,Western Young Cattle Indicator,c/kg cwt,663.0,766.5550334842
2025-09-04,Cattle,1,Western Young Cattle Indicator,c/kg cwt,524.0,763.6986122137
2025-09-05,Cattle,1,Western Young Cattle Indicator,c/kg cwt,524.0,763.6986122137
2025-09-06,Cattle,1,Western Young Cattle Indicator,c/kg cwt,524.0,763.6986122137
2025-09-07,Cattle,1,Western Young Cattle Indicator,c/kg cwt,524.0,763.6986122137
2025-09-08,Cattle,1,Western Young Cattle Indicator,c/kg cwt,817.0,774.846572093
2025-09-09,Cattle,1,Western Young Cattle Indicator,c/kg cwt,817.0,774.846572093
2025-09-10,Cattle,1,Western Young Cattle Indicator,c/kg cwt,817.0,774.846572093
2025-09-11,Cattle,1,Western Young Cattle Indicator,c/kg cwt,932.0,789.1936040773
2025-09-12,Cattle,1,Western Young Cattle Indicator,c/kg cwt,932.0,789.1936040773
2025-09-13,Cattle,1,Western Young Cattle Indicator,c/kg cwt,932.0,789.1936040773
2025-09-14,Cattle,1,Western Young Cattle Indicator,c/kg cwt,932.0,789.1936040773
2025-09-15,Cattle,1,Western Young Cattle Indicator,c/kg cwt,696.0,787.8975441092
2025-09-16,Cattle,1,Western Young Cattle Indicator,c/kg cwt,696.0,787.8975441092
2025-09-17,Cattle,1,Western Young Cattle Indicator,c/kg cwt,696.0,787.8975441092
2025-09-18,Cattle,1,Western Young Cattle Indicator,c/kg cwt,899.0,818.2191575083
2025-09-19,Cattle,1,Western Young Cattle Indicator,c/kg cwt,899.0,818.2191575083
2025-09-20,Cattle,1,Western Young Cattle Indicator,c/kg cwt,899.0,818.2191575083
2025-09-21,Cattle,1,Western Young Cattle Indicator,c/kg cwt,899.0,818.2191575083
2025-09-22,Cattle,1,Western Young Cattle Indicator,c/kg cwt,939.0,822.340384558
2025-09-23,Cattle,1,Western Young Cattle Indicator,c/kg cwt,939.0,822.340384558
2025-09-24,Cattle,1,Western Young Cattle Indicator,c/kg cwt,939.0,822.340384558
2025-09-25,Cattle,1,Western Young Cattle Indicator,c/kg cwt,913.0,820.9712986857
2025-09-26,Cattle,1,Western Young Cattle Indicator,c/kg cwt,913.0,820.9712986857
2025-09-27,Cattle,1,Western Young Cattle Indicator,c/kg cwt,913.0,820.9712986857
2025-09-28,Cattle,1,Western Young Cattle Indicator,c/kg cwt,913.0,820.9712986857
2025-09-29,Cattle,1,Western Young Cattle Indicator,c/kg cwt,632.0,849.4595726266
2025-09-30,Cattle,1,Western Young Cattle Indicator,c/kg cwt,1022.0,826.8783068493
2025-10-01,Cattle,1,Western Young Cattle Indicator,c/kg cwt,1022.0,826.8783068493
2025-10-02,Cattle,1,Western Young Cattle Indicator,c/kg cwt,885.0,809.1071327684
2025-10-03,Cattle,1,Western Young Cattle Indicator,c/kg cwt,885.0,809.1071327684
2025-10-04,Cattle,1,Western Young Cattle Indicator,c/kg cwt,885.0,809.1071327684
2025-10-05,Cattle,1,Western Young Cattle Indicator,c/kg cwt,885.0,809.1071327684
2025-10-06,Cattle,1,Western Young Cattle Indicator,c/kg cwt,1270.0,791.1990277953
2025-10-07,Cattle,1,Western Young Cattle Indicator,c/kg cwt,880.0,791.6040745455
2025-10-08,Cattle,1,Western Young Cattle Indicator,c/kg cwt,880.0,791.6040745455
2025-10-09,Cattle,1,Western Young Cattle Indicator,c/kg cwt,725.0,787.348534069
2025-10-10,Cattle,1,Western Young Cattle Indicator,c/kg cwt,725.0,787.348534069
2025-10-11,Cattle,1,Western Young Cattle Indicator,c/kg cwt,725.0,787.348534069
2025-10-12,Cattle,1,Western Young Cattle Indicator,c/kg cwt,725.0,787.348534069
2025-10-13,Cattle,1,Western Young Cattle Indicator,c/kg cwt,539.0,803.6998218924
2025-10-14,Cattle,1,Western Young Cattle Indicator,c/kg cwt,539.0,803.6998218924
2025-10-15,Cattle,1,Western Young Cattle Indicator,c/kg cwt,539.0,803.6998218924
2025-10-16,Cattle,1,Western Young Cattle Indicator,c/kg cwt,1150.0,791.2816792174
2025-10-17,Cattle,1,Western Young Cattle Indicator,c/kg cwt,1150.0,791.2816792174
2025-10-18,Cattle,1,Western Young Cattle Indicator,c/kg cwt,1150.0,791.2816792174
2025-10-19,Cattle,1,Western Young Cattle Indicator,c/kg cwt,1150.0,791.2816792174
2025-10-20,Cattle,1,Western Young Cattle Indicator,c/kg cwt,1397.0,795.0752569792
2025-10-21,Cattle,1,Western Young Cattle Indicator,c/kg cwt,1397.0,795.0752569792
2025-10-22,Cattle,1,Western Young Cattle Indicator,c/kg cwt,1397.0,795.0752569792
2025-10-23,Cattle,1,Western Young Cattle Indicator,c/kg cwt,1192.0,819.1697046141
2025-10-24,Cattle,1,Western Young Cattle Indicator,c/kg cwt,1192.0,819.1697046141
2025-10-25,Cattle,1,Western Young Cattle Indicator,c/kg cwt,1192.0,819.1697046141
2025-10-26,Cattle,1,Western Young Cattle Indicator,c/kg cwt,1192.0,819.1697046141
2025-10-27,Cattle,1,Western Young Cattle Indicator,c/kg cwt,1205.0,793.5777298755
2025-10-28,Cattle,1,Western Young Cattle Indicator,c/kg cwt,1205.0,793.5777298755
2025-10-29,Cattle,1,Western Young Cattle Indicator,c/kg cwt,1205.0,793.5777298755
2025-10-30,Cattle,1,Western Young Cattle Indicator,c/kg cwt,1013.0,758.4446324778
2025-10-31,Cattle,1,Western Young Cattle Indicator,c/kg cwt,1013.0,758.4446324778
2025-11-01,Cattle,1,Western Young Cattle Indicator,c/kg cwt,1013.0,758.4446324778
2025-11-02,Cattle,1,Western Young Cattle Indicator,c/kg cwt,1013.0,758.4446324778
2025-11-03,Cattle,1,Western Young Cattle Indicator,c/kg cwt,970.0,761.9139519588
2025-11-04,Cattle,1,Western Young Cattle Indicator,c/kg cwt,970.0,761.9139519588
2025-11-05,Cattle,1,Western Young Cattle Indicator,c/kg cwt,970.0,761.9139519588
2025-11-06,Cattle,1,Western Young Cattle Indicator,c/kg cwt,985.0,760.2294350254
2025-11-07,Cattle,1,Western Young Cattle Indicator,c/kg cwt,985.0,760.2294350254
2025-11-08,Cattle,1,Western Young Cattle Indicator,c/kg cwt,985.0,760.2294350254
2025-11-09,Cattle,1,Western Young Cattle Indicator,c/kg cwt,985.0,760.2294350254
2025-11-10,Cattle,1,Western Young Cattle Indicator,c/kg cwt,1214.0,774.2653981054
2025-11-11,Cattle,1,Western Young Cattle Indicator,c/kg cwt,1214.0,774.2653981054
2025-11-12,Cattle,1,Western Young Cattle Indicator,c/kg cwt,1214.0,774.2653981054
2025-11-13,Cattle,1,Western Young Cattle Indicator,c/kg cwt,1533.0,782.8050401174
2025-11-14,Cattle,1,Western Young Cattle Indicator,c/kg cwt,1533.0,782.8050401174
2025-11-15,Cattle,1,Western Young Cattle Indicator,c/kg cwt,1533.0,782.8050401174
2025-11-16,Cattle,1,Western Young Cattle Indicator,c/kg cwt,1533.0,782.8050401174
2025-11-17,Cattle,1,Western Young Cattle Indicator,c/kg cwt,1265.0,783.7564143083
2025-11-18,Cattle,1,Western Young Cattle Indicator,c/kg cwt,1265.0,783.7564143083
2025-11-19,Cattle,1,Western Young Cattle Indicator,c/kg cwt,1265.0,783.7564143083
2025-11-20,Cattle,1,Western Young Cattle Indicator,c/kg cwt,1262.0,808.8553167987
2025-11-21,Cattle,1,Western Young Cattle Indicator,c/kg cwt,1262.0,808.8553167987
2025-11-22,Cattle,1,Western Young Cattle Indicator,c/kg cwt,1262.0,808.8553167987
2025-11-23,Cattle,1,Western Young Cattle Indicator,c/kg cwt,1262.0,808.8553167987
2025-11-24,Cattle,1,Western Young Cattle Indicator,c/kg cwt,1463.0,807.2124241285
2025-11-25,Cattle,1,Western Young Cattle Indicator,c/kg cwt,1463.0,807.2124241285
2025-11-26,Cattle,1,Western Young Cattle Indicator,c/kg cwt,1463.0,807.2124241285
2025-11-27,Cattle,1,Western Young Cattle Indicator,c/kg cwt,1103.0,799.6534731641
2025-11-28,Cattle,1,Western Young Cattle Indicator,c/kg cwt,1103.0,799.6534731641
2025-11-29,Cattle,1,Western Young Cattle Indicator,c/kg cwt,1103.0,799.6534731641
2025-11-30,Cattle,1,Western Young Cattle Indicator,c/kg cwt,1103.0,799.6534731641
2025-12-01,Cattle,1,Western Young Cattle Indicator,c/kg cwt,1431.0,797.5920164221
2025-12-02,Cattle,1,Western Young Cattle Indicator,c/kg cwt,1431.0,797.5920164221
2025-12-03,Cattle,1,Western Young Cattle Indicator,c/kg cwt,1431.0,797.5920164221
2025-12-04,Cattle,1,Western Young Cattle Indicator,c/kg cwt,1395.0,802.3100133333
2025-12-05,Cattle,1,Western Young Cattle Indicator,c/kg cwt,1634.0,799.2279489596
2025-12-06,Cattle,1,Western Young Cattle Indicator,c/kg cwt,1634.0,799.2279489596
2025-12-07,Cattle,1,Western Young Cattle Indicator,c/kg cwt,1634.0,799.2279489596
2025-12-08,Cattle,1,Western Young Cattle Indicator,c/kg cwt,1271.0,793.6727360346
2025-12-09,Cattle,1,Western Young Cattle Indicator,c/kg cwt,1271.0,793.6727360346
2025-12-10,Cattle,1,Western Young Cattle Indicator,c/kg cwt,1271.0,793.6727360346
2025-12-11,Cattle,1,Western Young Cattle Indicator,c/kg cwt,1857.0,805.1791766828
2025-12-12,Cattle,1,Western Young Cattle Indicator,c/kg cwt,1864.0,794.4249410408
2025-12-13,Cattle,1,Western Young Cattle Indicator,c/kg cwt,1864.0,794.4249410408
2025-12-14,Cattle,1,Western Young Cattle Indicator,c/kg cwt,1864.0,794.4249410408
2025-12-15,Cattle,1,Western Young Cattle Indicator,c/kg cwt,1754.0,793.8854826112
2025-12-16,Cattle,1,Western Young Cattle Indicator,c/kg cwt,1754.0,793.8854826112
2025-12-17,Cattle,1,Western Young Cattle Indicator,c/kg cwt,1754.0,793.8854826112
2025-12-18,Cattle,1,Western Young Cattle Indicator,c/kg cwt,1320.0,796.0427134848
2025-12-19,Cattle,1,Western Young Cattle Indicator,c/kg cwt,1074.0,817.9422931099
2025-12-20,Cattle,1,Western Young Cattle Indicator,c/kg cwt,1074.0,817.9422931099
2025-12-21,Cattle,1,Western Young Cattle Indicator,c/kg cwt,1074.0,817.9422931099
2025-12-22,Cattle,1,Western Young Cattle Indicator,c/kg cwt,641.0,872.8362386895
2025-12-23,Cattle,1,Western Young Cattle Indicator,c/kg cwt,641.0,872.8362386895
2025-12-24,Cattle,1,Western Young Cattle Indicator,c/kg cwt,641.0,872.8362386895
2025-04-01,Cattle,2,National Restocker Yearling Steer Indicator,c/kg lwt,2422.0,374.8075161024
2025-04-02,Cattle,2,National Restocker Yearling Steer Indicator,c/kg lwt,1691.0,388.754821644
2025-04-03,Cattle,2,National Restocker Yearling Steer Indicator,c/kg lwt,1535.0,393.7781129642
2025-04-04,Cattle,2,National Restocker Yearling Steer Indicator,c/kg lwt,1535.0,393.7781129642
2025-04-05,Cattle,2,National Restocker Yearling Steer Indicator,c/kg lwt,1535.0,393.7781129642
2025-04-06,Cattle,2,National Restocker Yearling Steer Indicator,c/kg lwt,1535.0,393.7781129642
2025-04-07,Cattle,2,National Restocker Yearling Steer Indicator,c/kg lwt,1740.0,385.5862087931
2025-04-08,Cattle,2,National Restocker Yearling Steer Indicator,c/kg lwt,2374.0,392.5143256108
2025-04-09,Cattle,2,National Restocker Yearling Steer Indicator,c/kg lwt,3013.0,395.565553236
2025-04-10,Cattle,2,National Restocker Yearling Steer Indicator,c/kg lwt,3083.0,393.8287421018
2025-04-11,Cattle,2,National Restocker Yearling Steer Indicator,c/kg lwt,3083.0,393.8287421018
2025-04-12,Cattle,2,National Restocker Yearling Steer Indicator,c/kg lwt,3083.0,393.8287421018
2025-04-13,Cattle,2,National Restocker Yearling Steer Indicator,c/kg lwt,3083.0,393.8287421018
2025-04-14,Cattle,2,National Restocker Yearling Steer Indicator,c/kg lwt,2667.0,395.9436115486
2025-04-15,Cattle,2,National Restocker Yearling Steer Indicator,c/kg lwt,4042.0,398.1863990599
2025-04-16,Cattle,2,National Restocker Yearling Steer Indicator,c/kg lwt,5143.0,392.0489646704
2025-04-17,Cattle,2,National Restocker Yearling Steer Indicator,c/kg lwt,4954.0,392.5853502826
2025-04-18,Cattle,2,National Restocker Yearling Steer Indicator,c/kg lwt,4954.0,392.5853502826
2025-04-19,Cattle,2,National Restocker Yearling Steer Indicator,c/kg lwt,4954.0,392.5853502826
2025-04-20,Cattle,2,National Restocker Yearling Steer Indicator,c/kg lwt,4954.0,392.5853502826
2025-04-21,Cattle,2,National Restocker Yearling Steer Indicator,c/kg lwt,4488.0,393.1200590686
2025-04-22,Cattle,2,National Restocker Yearling Steer Indicator,c/kg lwt,2941.0,393.5279881673
2025-04-23,Cattle,2,National Restocker Yearling Steer Indicator,c/kg lwt,1809.0,397.3065844113
2025-04-24,Cattle,2,National Restocker Yearling Steer Indicator,c/kg lwt,1866.0,396.7205847803
2025-04-25,Cattle,2,National Restocker Yearling Steer Indicator,c/kg lwt,1866.0,396.7205847803
2025-04-26,Cattle,2,National Restocker Yearling Steer Indicator,c/kg lwt,1866.0,396.7205847803
2025-04-27,Cattle,2,National Restocker Yearling Steer Indicator,c/kg lwt,1866.0,396.7205847803
2025-04-28,Cattle,2,National Restocker Yearling Steer Indicator,c/kg lwt,2969.0,402.3684781071
2025-04-29,Cattle,2,National Restocker Yearling Steer Indicator,c/kg lwt,5685.0,413.3154335972
2025-04-30,Cattle,2,National Restocker Yearling Steer Indicator,c/kg lwt,6370.0,408.0236486342
2025-05-01,Cattle,2,National Restocker Yearling Steer Indicator,c/kg lwt,9241.0,406.8985652851
2025-05-02,Cattle,2,National Restocker Yearling Steer Indicator,c/kg lwt,9241.0,406.8985652851
2025-05-03,Cattle,2,National Restocker Yearling Steer Indicator,c/kg lwt,9241.0,406.8985652851
2025-05-04,Cattle,2,National Restocker Yearling Steer Indicator,c/kg lwt,9241.0,406.8985652851
2025-05-05,Cattle,2,National Restocker Yearling Steer Indicator,c/kg lwt,9292.0,403.1180631296
2025-05-06,Cattle,2,National Restocker Yearling Steer Indicator,c/kg lwt,8787.0,394.9897157164
2025-05-07,Cattle,2,National Restocker Yearling Steer Indicator,c/kg lwt,9407.0,386.6842598384
2025-05-08,Cattle,2,National Restocker Yearling Steer Indicator,c/kg lwt,7368.0,378.7507915717
2025-05-09,Cattle,2,National Restocker Yearling Steer Indicator,c/kg lwt,7368.0,378.7507915717
2025-05-10,Cattle,2,National Restocker Yearling Steer Indicator,c/kg lwt,7368.0,378.7507915717
2025-05-11,Cattle,2,National Restocker Yearling Steer Indicator,c/kg lwt,7368.0,378.7507915717
2025-05-12,Cattle,2,National Restocker Yearling Steer Indicator,c/kg lwt,7016.0,375.6974959664
2025-05-13,Cattle,2,National Restocker Yearling Steer Indicator,c/kg lwt,7626.0,380.2811748361
2025-05-14,Cattle,2,National Restocker Yearling Steer Indicator,c/kg lwt,6817.0,386.0798356168
2025-05-15,Cattle,2,National Restocker Yearling Steer Indicator,c/kg lwt,6675.0,376.9859534682
2025-05-16,Cattle,2,National Restocker Yearling Steer Indicator,c/kg lwt,6675.0,376.9859534682
2025-05-17,Cattle,2,National Restocker Yearling Steer Indicator,c/kg lwt,6675.0,376.9859534682
2025-05-18,Cattle,2,National Restocker Yearling Steer Indicator,c/kg lwt,6675.0,376.9859534682
2025-05-19,Cattle,2,National Restocker Yearling Steer Indicator,c/kg lwt,6345.0,379.282370197
2025-05-20,Cattle,2,National Restocker Yearling Steer Indicator,c/kg lwt,5571.0,370.7279543349
2025-05-21,Cattle,2,National Restocker Yearling Steer Indicator,c/kg lwt,5418.0,377.3137014396
2025-05-22,Cattle,2,National Restocker Yearling Steer Indicator,c/kg lwt,4909.0,391.2362261968
2025-05-23,Cattle,2,National Restocker Yearling Steer Indicator,c/kg lwt,4909.0,391.2362261968
2025-05-24,Cattle,2,National Restocker Yearling Steer Indicator,c/kg lwt,4909.0,391.2362261968
2025-05-25,Cattle,2,National Restocker Yearling Steer Indicator,c/kg lwt,4909.0,391.2362261968
2025-05-26,Cattle,2,National Restocker Yearling Steer Indicator,c/kg lwt,5635.0,400.7659688554
2025-05-27,Cattle,2,National Restocker Yearling Steer Indicator,c/kg lwt,5282.0,409.3500584059
2025-05-28,Cattle,2,National Restocker Yearling Steer Indicator,c/kg lwt,5689.0,405.9920391809
2025-05-29,Cattle,2,National Restocker Yearling Steer Indicator,c/kg lwt,6789.0,403.569113404
2025-05-30,Cattle,2,National Restocker Yearling Steer Indicator,c/kg lwt,6789.0,403.569113404
2025-05-31,Cattle,2,National Restocker Yearling Steer Indicator,c/kg lwt,6789.0,403.569113404
2025-06-01,Cattle,2,National Restocker Yearling Steer Indicator,c/kg lwt,6789.0,403.569113404
2025-06-02,Cattle,2,National Restocker Yearling Steer Indicator,c/kg lwt,5808.0,398.1995714187
2025-06-03,Cattle,2,National Restocker Yearling Steer Indicator,c/kg lwt,5153.0,394.0522273821
2025-06-04,Cattle,2,National Restocker Yearling Steer Indicator,c/kg lwt,5858.0,396.0893006828
2025-06-05,Cattle,2,National Restocker Yearling Steer Indicator,c/kg lwt,5072.0,397.8882341088
2025-06-06,Cattle,2,National Restocker Yearling Steer Indicator,c/kg lwt,5072.0,397.8882341088
2025-06-07,Cattle,2,National Restocker Yearling Steer Indicator,c/kg lwt,5072.0,397.8882341088
2025-06-08,Cattle,2,National Restocker Yearling Steer Indicator,c/kg lwt,5072.0,397.8882341088
2025-06-09,Cattle,2,National Restocker Yearling Steer Indicator,c/kg lwt,4856.0,397.897265939
2025-06-10,Cattle,2,National Restocker Yearling Steer Indicator,c/kg lwt,6145.0,401.9754159317
2025-06-11,Cattle,2,National Restocker Yearling Steer Indicator,c/kg lwt,5648.0,395.8185962996
2025-06-12,Cattle,2,National Restocker Yearling Steer Indicator,c/kg lwt,6157.0,391.9862647231
2025-06-13,Cattle,2,National Restocker Yearling Steer Indicator,c/kg lwt,6157.0,391.9862647231
2025-06-14,Cattle,2,National Restocker Yearling Steer Indicator,c/kg lwt,6157.0,391.9862647231
2025-06-15,Cattle,2,National Restocker Yearling Steer Indicator,c/kg lwt,6157.0,391.9862647231
2025-06-16,Cattle,2,National Restocker Yearling Steer Indicator,c/kg lwt,6780.0,388.7600932006
2025-06-17,Cattle,2,National Restocker Yearling Steer Indicator,c/kg lwt,6140.0,375.8958992345
2025-06-18,Cattle,2,National Restocker Yearling Steer Indicator,c/kg lwt,5486.0,383.0697813343
2025-06-19,Cattle,2,National Restocker Yearling Steer Indicator,c/kg lwt,4782.0,383.7630322877
2025-06-20,Cattle,2,National Restocker Yearling Steer Indicator,c/kg lwt,4782.0,383.7630322877
2025-06-21,Cattle,2,National Restocker Yearling Steer Indicator,c/kg lwt,4782.0,383.7630322877
2025-06-22,Cattle,2,National Restocker Yearling Steer Indicator,c/kg lwt,4782.0,383.7630322877
2025-06-23,Cattle,2,National Restocker Yearling Steer Indicator,c/kg lwt,4452.0,387.952879717
2025-06-24,Cattle,2,National Restocker Yearling Steer Indicator,c/kg lwt,5534.0,396.5245813697
2025-06-25,Cattle,2,National Restocker Yearling Steer Indicator,c/kg lwt,6021.0,392.2863700714
2025-06-26,Cattle,2,National Restocker Yearling Steer Indicator,c/kg lwt,7263.0,393.9771766763
2025-06-27,Cattle,2,National Restocker Yearling Steer Indicator,c/kg lwt,7263.0,393.9771766763
2025-06-28,Cattle,2,National Restocker Yearling Steer Indicator,c/kg lwt,7263.0,393.9771766763
2025-06-29,Cattle,2,National Restocker Yearling Steer Indicator,c/kg lwt,7263.0,393.9771766763
2025-06-30,Cattle,2,National Restocker Yearling Steer Indicator,c/kg lwt,7215.0,394.6914808316
2025-07-01,Cattle,2,National Restocker Yearling Steer Indicator,c/kg lwt,5768.0,394.4756980062
2025-07-02,Cattle,2,National Restocker Yearling Steer Indicator,c/kg lwt,4799.0,398.843222463
2025-07-03,Cattle,2,National Restocker Yearling Steer Indicator,c/kg lwt,3293.0,400.1948450046
2025-07-04,Cattle,2,National Restocker Yearling Steer Indicator,c/kg lwt,3293.0,400.1948450046
2025-07-05,Cattle,2,National Restocker Yearling Steer Indicator,c/kg lwt,3293.0,400.1948450046
2025-07-06,Cattle,2,National Restocker Yearling Steer Indicator,c/kg lwt,3293.0,400.1948450046
2025-07-07,Cattle,2,National Restocker Yearling Steer Indicator,c/kg lwt,3516.0,402.4580844425
2025-07-08,Cattle,2,National Restocker Yearling Steer Indicator,c/kg lwt,5354.0,397.6260821068
2025-07-09,Cattle,2,National Restocker Yearling Steer Indicator,c/kg lwt,5727.0,394.4763131832
2025-07-10,Cattle,2,National Restocker Yearling Steer Indicator,c/kg lwt,5804.0,393.6112416782
2025-07-11,Cattle,2,National Restocker Yearling Steer Indicator,c/kg lwt,5804.0,393.6112416782
2025-07-12,Cattle,2,National Restocker Yearling Steer Indicator,c/kg lwt,5804.0,393.6112416782
2025-07-13,Cattle,2,National Restocker Yearling Steer Indicator,c/kg lwt,5804.0,393.6112416782
2025-07-14,Cattle,2,National Restocker Yearling Steer Indicator,c/kg lwt,5516.0,392.0976154822
2025-07-15,Cattle,2,National Restocker Yearling Steer Indicator,c/kg lwt,4841.0,407.4963934105
2025-07-16,Cattle,2,National Restocker Yearling Steer Indicator,c/kg lwt,4781.0,412.3720643798
2025-07-17,Cattle,2,National Restocker Yearling Steer Indicator,c/kg lwt,4921.0,412.6740578541
2025-07-18,Cattle,2,National Restocker Yearling Steer Indicator,c/kg lwt,4921.0,412.6740578541
2025-07-19,Cattle,2,National Restocker Yearling Steer Indicator,c/kg lwt,4921.0,412.6740578541
2025-07-20,Cattle,2,National Restocker Yearling Steer Indicator,c/kg lwt,4921.0,412.6740578541
2025-07-21,Cattle,2,National Restocker Yearling Steer Indicator,c/kg lwt,5272.0,419.3983760053
2025-07-22,Cattle,2,National Restocker Yearling Steer Indicator,c/kg lwt,5780.0,420.0732600173
2025-07-23,Cattle,2,National Restocker Yearling Steer Indicator,c/kg lwt,6165.0,420.7923185239
2025-07-24,Cattle,2,National Restocker Yearling Steer Indicator,c/kg lwt,6472.0,417.9648707818
2025-07-25,Cattle,2,National Restocker Yearling Steer Indicator,c/kg lwt,6472.0,417.9648707818
2025-07-26,Cattle,2,National Restocker Yearling Steer Indicator,c/kg lwt,6472.0,417.9648707818
2025-07-27,Cattle,2,National Restocker Yearling Steer Indicator,c/kg lwt,6472.0,417.9648707818
2025-07-28,Cattle,2,National Restocker Yearling Steer Indicator,c/kg lwt,6231.0,416.7356513401
2025-07-29,Cattle,2,National Restocker Yearling Steer Indicator,c/kg lwt,4718.0,418.7704600466
2025-07-30,Cattle,2,National Restocker Yearling Steer Indicator,c/kg lwt,4104.0,427.6726190058
2025-07-31,Cattle,2,National Restocker Yearling Steer Indicator,c/kg lwt,4468.0,438.0350108326
2025-08-01,Cattle,2,National Restocker Yearling Steer Indicator,c/kg lwt,4468.0,438.0350108326
2025-08-02,Cattle,2,National Restocker Yearling Steer Indicator,c/kg lwt,4468.0,438.0350108326
2025-08-03,Cattle,2,National Restocker Yearling Steer Indicator,c/kg lwt,4468.0,438.0350108326
2025-08-04,Cattle,2,National Restocker Yearling Steer Indicator,c/kg lwt,4467.0,441.0837762928
2025-08-05,Cattle,2,National Restocker Yearling Steer Indicator,c/kg lwt,3918.0,449.3457902246
2025-08-06,Cattle,2,National Restocker Yearling Steer Indicator,c/kg lwt,4375.0,444.6810760457
2025-08-07,Cattle,2,National Restocker Yearling Steer Indicator,c/kg lwt,3879.0,447.4649929621
2025-08-08,Cattle,2,National Restocker Yearling Steer Indicator,c/kg lwt,3879.0,447.4649929621
2025-08-09,Cattle,2,National Restocker Yearling Steer Indicator,c/kg lwt,3879.0,447.4649929621
2025-08-10,Cattle,2,National Restocker Yearling Steer Indicator,c/kg lwt,3879.0,447.4649929621
2025-08-11,Cattle,2,National Restocker Yearling Steer Indicator,c/kg lwt,3947.0,442.5460621991
2025-08-12,Cattle,2,National Restocker Yearling Steer Indicator,c/kg lwt,4391.0,449.7713333637
2025-08-13,Cattle,2,National Restocker Yearling Steer Indicator,c/kg lwt,4752.0,448.3237831439
2025-08-14,Cattle,2,National Restocker Yearling Steer Indicator,c/kg lwt,4820.0,448.1439040456
2025-08-15,Cattle,2,National Restocker Yearling Steer Indicator,c/kg lwt,4820.0,448.1439040456
2025-08-16,Cattle,2,National Restocker Yearling Steer Indicator,c/kg lwt,4820.0,448.1439040456
2025-08-17,Cattle,2,National Restocker Yearling Steer Indicator,c/kg lwt,4820.0,448.1439040456
2025-08-18,Cattle,2,National Restocker Yearling Steer Indicator,c/kg lwt,4792.0,449.7802206386
2025-08-19,Cattle,2,National Restocker Yearling Steer Indicator,c/kg lwt,5406.0,466.6754388827
2025-08-20,Cattle,2,National Restocker Yearling Steer Indicator,c/kg lwt,5874.0,474.3966004256
2025-08-21,Cattle,2,National Restocker Yearling Steer Indicator,c/kg lwt,5391.0,475.5655037841
2025-08-22,Cattle,2,National Restocker Yearling Steer Indicator,c/kg lwt,5391.0,475.5655037841
2025-08-23,Cattle,2,National Restocker Yearling Steer Indicator,c/kg lwt,5391.0,475.5655037841
2025-08-24,Cattle,2,National Restocker Yearling Steer Indicator,c/kg lwt,5391.0,475.5655037841
2025-08-25,Cattle,2,National Restocker Yearling Steer Indicator,c/kg lwt,5433.0,477.1526285662
2025-08-26,Cattle,2,National Restocker Yearling Steer Indicator,c/kg lwt,5279.0,486.4725578708
2025-08-27,Cattle,2,National Restocker Yearling Steer Indicator,c/kg lwt,4400.0,491.4133252727
2025-08-28,Cattle,2,National Restocker Yearling Steer Indicator,c/kg lwt,6521.0,486.8441391198
2025-08-29,Cattle,2,National Restocker Yearling Steer Indicator,c/kg lwt,6521.0,486.8441391198
2025-08-30,Cattle,2,National Restocker Yearling Steer Indicator,c/kg lwt,6521.0,486.8441391198
2025-08-31,Cattle,2,National Restocker Yearling Steer Indicator,c/kg lwt,6521.0,486.8441391198
2025-09-01,Cattle,2,National Restocker Yearling Steer Indicator,c/kg lwt,6524.0,483.9408693133
2025-09-02,Cattle,2,National Restocker Yearling Steer Indicator,c/kg lwt,6020.0,480.3772465116
2025-09-03,Cattle,2,National Restocker Yearling Steer Indicator,c/kg lwt,6100.0,482.7904299836
2025-09-04,Cattle,2,National Restocker Yearling Steer Indicator,c/kg lwt,4079.0,484.8265807551
2025-09-05,Cattle,2,National Restocker Yearling Steer Indicator,c/kg lwt,4079.0,484.8265807551
2025-09-06,Cattle,2,National Restocker Yearling Steer Indicator,c/kg lwt,4079.0,484.8265807551
2025-09-07,Cattle,2,National Restocker Yearling Steer Indicator,c/kg lwt,4079.0,484.8265807551
2025-09-08,Cattle,2,National Restocker Yearling Steer Indicator,c/kg lwt,4079.0,487.9804419711
2025-09-09,Cattle,2,National Restocker Yearling Steer Indicator,c/kg lwt,5179.0,479.0219797258
2025-09-10,Cattle,2,National Restocker Yearling Steer Indicator,c/kg lwt,4877.0,476.0611099446
2025-09-11,Cattle,2,National Restocker Yearling Steer Indicator,c/kg lwt,5020.0,476.5535125896
2025-09-12,Cattle,2,National Restocker Yearling Steer Indicator,c/kg lwt,5020.0,476.5535125896
2025-09-13,Cattle,2,National Restocker Yearling Steer Indicator,c/kg lwt,5020.0,476.5535125896
2025-09-14,Cattle,2,National Restocker Yearling Steer Indicator,c/kg lwt,5020.0,476.5535125896
2025-09-15,Cattle,2,National Restocker Yearling Steer Indicator,c/kg lwt,4928.0,475.7969629058
2025-09-16,Cattle,2,National Restocker Yearling Steer Indicator,c/kg lwt,3310.0,473.1648390332
2025-09-17,Cattle,2,National Restocker Yearling Steer Indicator,c/kg lwt,2953.0,489.0339357602
2025-09-18,Cattle,2,National Restocker Yearling Steer Indicator,c/kg lwt,3160.0,488.1982950316
2025-09-19,Cattle,2,National Restocker Yearling Steer Indicator,c/kg lwt,3790.0,471.5328792348
2025-09-20,Cattle,2,National Restocker Yearling Steer Indicator,c/kg lwt,3790.0,471.5328792348
2025-09-21,Cattle,2,National Restocker Yearling Steer Indicator,c/kg lwt,3790.0,471.5328792348
2025-09-22,Cattle,2,National Restocker Yearling Steer Indicator,c/kg lwt,3841.0,471.5289800573
2025-09-23,Cattle,2,National Restocker Yearling Steer Indicator,c/kg lwt,4748.0,476.3966349621
2025-09-24,Cattle,2,National Restocker Yearling Steer Indicator,c/kg lwt,5612.0,465.5435903956
2025-09-25,Cattle,2,National Restocker Yearling Steer Indicator,c/kg lwt,8091.0,472.410410246
2025-09-26,Cattle,2,National Restocker Yearling Steer Indicator,c/kg lwt,7461.0,479.5429070232
2025-09-27,Cattle,2,National Restocker Yearling Steer Indicator,c/kg lwt,7461.0,479.5429070232
2025-09-28,Cattle,2,National Restocker Yearling Steer Indicator,c/kg lwt,7461.0,479.5429070232
2025-09-29,Cattle,2,National Restocker Yearling Steer Indicator,c/kg lwt,7393.0,479.689548086
2025-09-30,Cattle,2,National Restocker Yearling Steer Indicator,c/kg lwt,7412.0,471.874801592
2025-10-01,Cattle,2,National Restocker Yearling Steer Indicator,c/kg lwt,7213.0,470.6799984334
2025-10-02,Cattle,2,National Restocker Yearling Steer Indicator,c/kg lwt,4668.0,461.9815399957
2025-10-03,Cattle,2,National Restocker Yearling Steer Indicator,c/kg lwt,4668.0,461.9815399957
2025-10-04,Cattle,2,National Restocker Yearling Steer Indicator,c/kg lwt,4668.0,461.9815399957
2025-10-05,Cattle,2,National Restocker Yearling Steer Indicator,c/kg lwt,4668.0,461.9815399957
2025-10-06,Cattle,2,National Restocker Yearling Steer Indicator,c/kg lwt,4402.0,458.8793340981
2025-10-07,Cattle,2,National Restocker Yearling Steer Indicator,c/kg lwt,3395.0,459.7533489543
2025-10-08,Cattle,2,National Restocker Yearling Steer Indicator,c/kg lwt,2580.0,471.5324099612
2025-10-09,Cattle,2,National Restocker Yearling Steer Indicator,c/kg lwt,2582.0,470.6814949651
2025-10-10,Cattle,2,National Restocker Yearling Steer Indicator,c/kg lwt,2582.0,470.6814949651
2025-10-11,Cattle,2,National Restocker Yearling Steer Indicator,c/kg lwt,2582.0,470.6814949651
2025-10-12,Cattle,2,National Restocker Yearling Steer Indicator,c/kg lwt,2582.0,470.6814949651
2025-10-13,Cattle,2,National Restocker Yearling Steer Indicator,c/kg lwt,3614.0,470.0333758716
2025-10-14,Cattle,2,National Restocker Yearling Steer Indicator,c/kg lwt,4064.0,474.6919838583
2025-10-15,Cattle,2,National Restocker Yearling Steer Indicator,c/kg lwt,4202.0,473.7973877201
2025-10-16,Cattle,2,National Restocker Yearling Steer Indicator,c/kg lwt,4228.0,470.3636757096
2025-10-17,Cattle,2,National Restocker Yearling Steer Indicator,c/kg lwt,4861.0,460.0289283892
2025-10-18,Cattle,2,National Restocker Yearling Steer Indicator,c/kg lwt,4861.0,460.0289283892
2025-10-19,Cattle,2,National Restocker Yearling Steer Indicator,c/kg lwt,4861.0,460.0289283892
2025-10-20,Cattle,2,National Restocker Yearling Steer Indicator,c/kg lwt,4672.0,461.2761175086
2025-10-21,Cattle,2,National Restocker Yearling Steer Indicator,c/kg lwt,4526.0,460.5471102519
2025-10-22,Cattle,2,National Restocker Yearling Steer Indicator,c/kg lwt,5264.0,453.8303992401
2025-10-23,Cattle,2,National Restocker Yearling Steer Indicator,c/kg lwt,5498.0,453.1912007275
2025-10-24,Cattle,2,National Restocker Yearling Steer Indicator,c/kg lwt,4865.0,461.2830876876
2025-10-25,Cattle,2,National Restocker Yearling Steer Indicator,c/kg lwt,4865.0,461.2830876876
2025-10-26,Cattle,2,National Restocker Yearling Steer Indicator,c/kg lwt,4865.0,461.2830876876
2025-10-27,Cattle,2,National Restocker Yearling Steer Indicator,c/kg lwt,4556.0,460.322743964
2025-10-28,Cattle,2,National Restocker Yearling Steer Indicator,c/kg lwt,4833.0,460.3601315953
2025-10-29,Cattle,2,National Restocker Yearling Steer Indicator,c/kg lwt,4135.0,466.422228416
2025-10-30,Cattle,2,National Restocker Yearling Steer Indicator,c/kg lwt,4496.0,467.9325877447
2025-10-31,Cattle,2,National Restocker Yearling Steer Indicator,c/kg lwt,4496.0,467.9325877447
2025-11-01,Cattle,2,National Restocker Yearling Steer Indicator,c/kg lwt,4496.0,467.9325877447
2025-11-02,Cattle,2,National Restocker Yearling Steer Indicator,c/kg lwt,4496.0,467.9325877447
2025-11-03,Cattle,2,National Restocker Yearling Steer Indicator,c/kg lwt,4815.0,472.1981960955
2025-11-04,Cattle,2,National Restocker Yearling Steer Indicator,c/kg lwt,4576.0,473.631560271
2025-11-05,Cattle,2,National Restocker Yearling Steer Indicator,c/kg lwt,5197.0,479.5813979411
2025-11-06,Cattle,2,National Restocker Yearling Steer Indicator,c/kg lwt,4634.0,484.3992933966
2025-11-07,Cattle,2,National Restocker Yearling Steer Indicator,c/kg lwt,4634.0,484.3992933966
2025-11-08,Cattle,2,National Restocker Yearling Steer Indicator,c/kg lwt,4634.0,484.3992933966
2025-11-09,Cattle,2,National Restocker Yearling Steer Indicator,c/kg lwt,4634.0,484.3992933966
2025-11-10,Cattle,2,National Restocker Yearling Steer Indicator,c/kg lwt,4648.0,491.7612576377
2025-11-11,Cattle,2,National Restocker Yearling Steer Indicator,c/kg lwt,4596.0,499.9273545257
2025-11-12,Cattle,2,National Restocker Yearling Steer Indicator,c/kg lwt,5288.0,502.6934615923
2025-11-13,Cattle,2,National Restocker Yearling Steer Indicator,c/kg lwt,5172.0,506.0292390565
2025-11-14,Cattle,2,National Restocker Yearling Steer Indicator,c/kg lwt,5172.0,506.0292390565
2025-11-15,Cattle,2,National Restocker Yearling Steer Indicator,c/kg lwt,5172.0,506.0292390565
2025-11-16,Cattle,2,National Restocker Yearling Steer Indicator,c/kg lwt,5172.0,506.0292390565
2025-11-17,Cattle,2,National Restocker Yearling Steer Indicator,c/kg lwt,5087.0,502.8765135836
2025-11-18,Cattle,2,National Restocker Yearling Steer Indicator,c/kg lwt,4835.0,505.4153096381
2025-11-19,Cattle,2,National Restocker Yearling Steer Indicator,c/kg lwt,5082.0,514.4677147973
2025-11-20,Cattle,2,National Restocker Yearling Steer Indicator,c/kg lwt,5317.0,514.0494501787
2025-11-21,Cattle,2,National Restocker Yearling Steer Indicator,c/kg lwt,5317.0,514.0494501787
2025-11-22,Cattle,2,National Restocker Yearling Steer Indicator,c/kg lwt,5317.0,514.0494501787
2025-11-23,Cattle,2,National Restocker Yearling Steer Indicator,c/kg lwt,5317.0,514.0494501787
2025-11-24,Cattle,2,National Restocker Yearling Steer Indicator,c/kg lwt,5483.0,512.7996218129
2025-11-25,Cattle,2,National Restocker Yearling Steer Indicator,c/kg lwt,7158.0,524.9739513831
2025-11-26,Cattle,2,National Restocker Yearling Steer Indicator,c/kg lwt,6857.0,523.2578872539
2025-11-27,Cattle,2,National Restocker Yearling Steer Indicator,c/kg lwt,7552.0,523.3305525556
2025-11-28,Cattle,2,National Restocker Yearling Steer Indicator,c/kg lwt,7552.0,523.3305525556
2025-11-29,Cattle,2,National Restocker Yearling Steer Indicator,c/kg lwt,7552.0,523.3305525556
2025-11-30,Cattle,2,National Restocker Yearling Steer Indicator,c/kg lwt,7552.0,523.3305525556
2025-12-01,Cattle,2,National Restocker Yearling Steer Indicator,c/kg lwt,7054.0,522.8192420187
2025-12-02,Cattle,2,National Restocker Yearling Steer Indicator,c/kg lwt,6841.0,508.8994192516
2025-12-03,Cattle,2,National Restocker Yearling Steer Indicator,c/kg lwt,6928.0,507.4286706986
2025-12-04,Cattle,2,National Restocker Yearling Steer Indicator,c/kg lwt,6392.0,501.3896793805
2025-12-05,Cattle,2,National Restocker Yearling Steer Indicator,c/kg lwt,6392.0,501.3896793805
2025-12-06,Cattle,2,National Restocker Yearling Steer Indicator,c/kg lwt,6392.0,501.3896793805
2025-12-07,Cattle,2,National Restocker Yearling Steer Indicator,c/kg lwt,6392.0,501.3896793805
2025-12-08,Cattle,2,National Restocker Yearling Steer Indicator,c/kg lwt,6690.0,497.8056547982
2025-12-09,Cattle,2,National Restocker Yearling Steer Indicator,c/kg lwt,7052.0,495.7616049206
2025-12-10,Cattle,2,National Restocker Yearling Steer Indicator,c/kg lwt,6716.0,489.7111427933
2025-12-11,Cattle,2,National Restocker Yearling Steer Indicator,c/kg lwt,6297.0,490.0956066381
2025-12-12,Cattle,2,National Restocker Yearling Steer Indicator,c/kg lwt,6306.0,489.8740937203
2025-12-13,Cattle,2,National Restocker Yearling Steer Indicator,c/kg lwt,6306.0,489.8740937203
2025-12-14,Cattle,2,National Restocker Yearling Steer Indicator,c/kg lwt,6306.0,489.8740937203
2025-12-15,Cattle,2,National Restocker Yearling Steer Indicator,c/kg lwt,5910.0,493.2225778003
2025-12-16,Cattle,2,National Restocker Yearling Steer Indicator,c/kg lwt,4670.0,485.8097699143
2025-12-17,Cattle,2,National Restocker Yearling Steer Indicator,c/kg lwt,2964.0,488.6319902159
2025-12-18,Cattle,2,National Restocker Yearling Steer Indicator,c/kg lwt,2608.0,491.4870471626
2025-12-19,Cattle,2,National Restocker Yearling Steer Indicator,c/kg lwt,2599.0,492.0293262793
2025-12-20,Cattle,2,National Restocker Yearling Steer Indicator,c/kg lwt,2599.0,492.0293262793
2025-12-21,Cattle,2,National Restocker Yearling Steer Indicator,c/kg lwt,2599.0,492.0293262793
2025-12-22,Cattle,2,National Restocker Yearling Steer Indicator,c/kg lwt,2247.0,492.2849216288
2025-12-23,Cattle,2,National Restocker Yearling Steer Indicator,c/kg lwt,91.0,427.6923076923
2025-12-24,Cattle,2,National Restocker Yearling Steer Indicator,c/kg lwt,17.0,453.8823529412
2025-04-01,Cattle,3,National Feeder Steer Indicator,c/kg lwt,5392.0,379.8629104414
2025-04-02,Cattle,3,National Feeder Steer Indicator,c/kg lwt,4581.0,386.9868604017
2025-04-03,Cattle,3,National Feeder Steer Indicator,c/kg lwt,4524.0,388.804334107
2025-04-04,Cattle,3,National Feeder Steer Indicator,c/kg lwt,4524.0,388.804334107
2025-04-05,Cattle,3,National Feeder Steer Indicator,c/kg lwt,4524.0,388.804334107
2025-04-06,Cattle,3,National Feeder Steer Indicator,c/kg lwt,4524.0,388.804334107
2025-04-07,Cattle,3,National Feeder Steer Indicator,c/kg lwt,5903.0,390.2879224801
2025-04-08,Cattle,3,National Feeder Steer Indicator,c/kg lwt,6276.0,390.952487253
2025-04-09,Cattle,3,National Feeder Steer Indicator,c/kg lwt,7325.0,386.5989096246
2025-04-10,Cattle,3,National Feeder Steer Indicator,c/kg lwt,7542.0,387.0031839035
2025-04-11,Cattle,3,National Feeder Steer Indicator,c/kg lwt,7542.0,387.0031839035
2025-04-12,Cattle,3,National Feeder Steer Indicator,c/kg lwt,7542.0,387.0031839035
2025-04-13,Cattle,3,National Feeder Steer Indicator,c/kg lwt,7542.0,387.0031839035
2025-04-14,Cattle,3,National Feeder Steer Indicator,c/kg lwt,7390.0,385.073723207
2025-04-15,Cattle,3,National Feeder Steer Indicator,c/kg lwt,7740.0,384.5651959302
2025-04-16,Cattle,3,National Feeder Steer Indicator,c/kg lwt,7347.0,383.8939723697
2025-04-17,Cattle,3,National Feeder Steer Indicator,c/kg lwt,6382.0,384.0670659668
2025-04-18,Cattle,3,National Feeder Steer Indicator,c/kg lwt,6382.0,384.0670659668
2025-04-19,Cattle,3,National Feeder Steer Indicator,c/kg lwt,6382.0,384.0670659668
2025-04-20,Cattle,3,National Feeder Steer Indicator,c/kg lwt,6382.0,384.0670659668
2025-04-21,Cattle,3,National Feeder Steer Indicator,c/kg lwt,3475.0,377.6816150216
2025-04-22,Cattle,3,National Feeder Steer Indicator,c/kg lwt,2743.0,376.4218053956
2025-04-23,Cattle,3,National Feeder Steer Indicator,c/kg lwt,2323.0,382.9358642273
2025-04-24,Cattle,3,National Feeder Steer Indicator,c/kg lwt,2638.0,382.577715163
2025-04-25,Cattle,3,National Feeder Steer Indicator,c/kg lwt,2638.0,382.577715163
2025-04-26,Cattle,3,National Feeder Steer Indicator,c/kg lwt,2638.0,382.577715163
2025-04-27,Cattle,3,National Feeder Steer Indicator,c/kg lwt,2638.0,382.577715163
2025-04-28,Cattle,3,National Feeder Steer Indicator,c/kg lwt,4265.0,390.375149871
2025-04-29,Cattle,3,National Feeder Steer Indicator,c/kg lwt,5170.0,391.2264246035
2025-04-30,Cattle,3,National Feeder Steer Indicator,c/kg lwt,6470.0,386.1277006182
2025-05-01,Cattle,3,National Feeder Steer Indicator,c/kg lwt,8100.0,385.5466695185
2025-05-02,Cattle,3,National Feeder Steer Indicator,c/kg lwt,8100.0,385.5466695185
2025-05-03,Cattle,3,National Feeder Steer Indicator,c/kg lwt,8100.0,385.5466695185
2025-05-04,Cattle,3,National Feeder Steer Indicator,c/kg lwt,8100.0,385.5466695185
2025-05-05,Cattle,3,National Feeder Steer Indicator,c/kg lwt,8998.0,383.4022251945
2025-05-06,Cattle,3,National Feeder Steer Indicator,c/kg lwt,9572.0,383.2163620142
2025-05-07,Cattle,3,National Feeder Steer Indicator,c/kg lwt,9064.0,379.0888139673
2025-05-08,Cattle,3,National Feeder Steer Indicator,c/kg lwt,8607.0,375.5007795631
2025-05-09,Cattle,3,National Feeder Steer Indicator,c/kg lwt,8607.0,375.5007795631
2025-05-10,Cattle,3,National Feeder Steer Indicator,c/kg lwt,8607.0,375.5007795631
2025-05-11,Cattle,3,National Feeder Steer Indicator,c/kg lwt,8607.0,375.5007795631
2025-05-12,Cattle,3,National Feeder Steer Indicator,c/kg lwt,8399.0,372.1956434337
2025-05-13,Cattle,3,National Feeder Steer Indicator,c/kg lwt,8057.0,367.5557916967
2025-05-14,Cattle,3,National Feeder Steer Indicator,c/kg lwt,7907.0,366.1520443152
2025-05-15,Cattle,3,National Feeder Steer Indicator,c/kg lwt,7423.0,366.6476107234
2025-05-16,Cattle,3,National Feeder Steer Indicator,c/kg lwt,7423.0,366.6476107234
2025-05-17,Cattle,3,National Feeder Steer Indicator,c/kg lwt,7423.0,366.6476107234
2025-05-18,Cattle,3,National Feeder Steer Indicator,c/kg lwt,7423.0,366.6476107234
2025-05-19,Cattle,3,National Feeder Steer Indicator,c/kg lwt,6719.0,366.8702208811
2025-05-20,Cattle,3,National Feeder Steer Indicator,c/kg lwt,6629.0,365.9107888369
2025-05-21,Cattle,3,National Feeder Steer Indicator,c/kg lwt,6001.0,373.5440788369
2025-05-22,Cattle,3,National Feeder Steer Indicator,c/kg lwt,5848.0,378.0626910568
2025-05-23,Cattle,3,National Feeder Steer Indicator,c/kg lwt,5848.0,378.0626910568
2025-05-24,Cattle,3,National Feeder Steer Indicator,c/kg lwt,5848.0,378.0626910568
2025-05-25,Cattle,3,National Feeder Steer Indicator,c/kg lwt,5848.0,378.0626910568
2025-05-26,Cattle,3,National Feeder Steer Indicator,c/kg lwt,5594.0,379.7323593493
2025-05-27,Cattle,3,National Feeder Steer Indicator,c/kg lwt,5627.0,386.5502060245
2025-05-28,Cattle,3,National Feeder Steer Indicator,c/kg lwt,6230.0,382.5918479294
2025-05-29,Cattle,3,National Feeder Steer Indicator,c/kg lwt,6255.0,379.0172043325
2025-05-30,Cattle,3,National Feeder Steer Indicator,c/kg lwt,6255.0,379.0172043325
2025-05-31,Cattle,3,National Feeder Steer Indicator,c/kg lwt,6255.0,379.0172043325
2025-06-01,Cattle,3,National Feeder Steer Indicator,c/kg lwt,6255.0,379.0172043325
2025-06-02,Cattle,3,National Feeder Steer Indicator,c/kg lwt,6329.0,382.8121683204
2025-06-03,Cattle,3,National Feeder Steer Indicator,c/kg lwt,5744.0,384.6183523851
2025-06-04,Cattle,3,National Feeder Steer Indicator,c/kg lwt,6214.0,383.050919617
2025-06-05,Cattle,3,National Feeder Steer Indicator,c/kg lwt,6353.0,385.0389444042
2025-06-06,Cattle,3,National Feeder Steer Indicator,c/kg lwt,6353.0,385.0389444042
2025-06-07,Cattle,3,National Feeder Steer Indicator,c/kg lwt,6353.0,385.0389444042
2025-06-08,Cattle,3,National Feeder Steer Indicator,c/kg lwt,6353.0,385.0389444042
2025-06-09,Cattle,3,National Feeder Steer Indicator,c/kg lwt,4958.0,377.6554281363
2025-06-10,Cattle,3,National Feeder Steer Indicator,c/kg lwt,4907.0,374.6855129407
2025-06-11,Cattle,3,National Feeder Steer Indicator,c/kg lwt,4659.0,384.1438969307
2025-06-12,Cattle,3,National Feeder Steer Indicator,c/kg lwt,4706.0,384.2550819805
2025-06-13,Cattle,3,National Feeder Steer Indicator,c/kg lwt,4706.0,384.2550819805
2025-06-14,Cattle,3,National Feeder Steer Indicator,c/kg lwt,4706.0,384.2550819805
2025-06-15,Cattle,3,National Feeder Steer Indicator,c/kg lwt,4706.0,384.2550819805
2025-06-16,Cattle,3,National Feeder Steer Indicator,c/kg lwt,7154.0,395.5207458485
2025-06-17,Cattle,3,National Feeder Steer Indicator,c/kg lwt,8210.0,393.044582363
2025-06-18,Cattle,3,National Feeder Steer Indicator,c/kg lwt,8438.0,395.6473833847
2025-06-19,Cattle,3,National Feeder Steer Indicator,c/kg lwt,8264.0,397.8082794046
2025-06-20,Cattle,3,National Feeder Steer Indicator,c/kg lwt,8264.0,397.8082794046
2025-06-21,Cattle,3,National Feeder Steer Indicator,c/kg lwt,8264.0,397.8082794046
2025-06-22,Cattle,3,National Feeder Steer Indicator,c/kg lwt,8264.0,397.8082794046
2025-06-23,Cattle,3,National Feeder Steer Indicator,c/kg lwt,7670.0,399.6594553194
2025-06-24,Cattle,3,National Feeder Steer Indicator,c/kg lwt,7616.0,403.1011847295
2025-06-25,Cattle,3,National Feeder Steer Indicator,c/kg lwt,7193.0,400.5948450021
2025-06-26,Cattle,3,National Feeder Steer Indicator,c/kg lwt,7402.0,396.9521372737
2025-06-27,Cattle,3,National Feeder Steer Indicator,c/kg lwt,7402.0,396.9521372737
2025-06-28,Cattle,3,National Feeder Steer Indicator,c/kg lwt,7402.0,396.9521372737
2025-06-29,Cattle,3,National Feeder Steer Indicator,c/kg lwt,7402.0,396.9521372737
2025-06-30,Cattle,3,National Feeder Steer Indicator,c/kg lwt,7141.0,396.6022294637
2025-07-01,Cattle,3,National Feeder Steer Indicator,c/kg lwt,6731.0,405.924307562
2025-07-02,Cattle,3,National Feeder Steer Indicator,c/kg lwt,6263.0,409.4196413859
2025-07-03,Cattle,3,National Feeder Steer Indicator,c/kg lwt,6338.0,417.301548438
2025-07-04,Cattle,3,National Feeder Steer Indicator,c/kg lwt,6338.0,417.301548438
2025-07-05,Cattle,3,National Feeder Steer Indicator,c/kg lwt,6338.0,417.301548438
2025-07-06,Cattle,3,National Feeder Steer Indicator,c/kg lwt,6338.0,417.301548438
2025-07-07,Cattle,3,National Feeder Steer Indicator,c/kg lwt,6712.0,420.544638528
2025-07-08,Cattle,3,National Feeder Steer Indicator,c/kg lwt,6630.0,414.2310433937
2025-07-09,Cattle,3,National Feeder Steer Indicator,c/kg lwt,7205.0,410.0085526162
2025-07-10,Cattle,3,National Feeder Steer Indicator,c/kg lwt,7102.0,411.9976938609
2025-07-11,Cattle,3,National Feeder Steer Indicator,c/kg lwt,7102.0,411.9976938609
2025-07-12,Cattle,3,National Feeder Steer Indicator,c/kg lwt,7102.0,411.9976938609
2025-07-13,Cattle,3,National Feeder Steer Indicator,c/kg lwt,7102.0,411.9976938609
2025-07-14,Cattle,3,National Feeder Steer Indicator,c/kg lwt,6864.0,410.4626487034
2025-07-15,Cattle,3,National Feeder Steer Indicator,c/kg lwt,7342.0,414.4382761373
2025-07-16,Cattle,3,National Feeder Steer Indicator,c/kg lwt,7472.0,417.9184187768
2025-07-17,Cattle,3,National Feeder Steer Indicator,c/kg lwt,7548.0,418.7150801404
2025-07-18,Cattle,3,National Feeder Steer Indicator,c/kg lwt,7548.0,418.7150801404
2025-07-19,Cattle,3,National Feeder Steer Indicator,c/kg lwt,7548.0,418.7150801404
2025-07-20,Cattle,3,National Feeder Steer Indicator,c/kg lwt,7548.0,418.7150801404
2025-07-21,Cattle,3,National Feeder Steer Indicator,c/kg lwt,7676.0,426.559096678
2025-07-22,Cattle,3,National Feeder Steer Indicator,c/kg lwt,7087.0,425.8106431635
2025-07-23,Cattle,3,National Feeder Steer Indicator,c/kg lwt,6831.0,427.1326340653
2025-07-24,Cattle,3,National Feeder Steer Indicator,c/kg lwt,6865.0,426.0830332556
2025-07-25,Cattle,3,National Feeder Steer Indicator,c/kg lwt,6865.0,426.0830332556
2025-07-26,Cattle,3,National Feeder Steer Indicator,c/kg lwt,6865.0,426.0830332556
2025-07-27,Cattle,3,National Feeder Steer Indicator,c/kg lwt,6865.0,426.0830332556
2025-07-28,Cattle,3,National Feeder Steer Indicator,c/kg lwt,6164.0,421.2614249838
2025-07-29,Cattle,3,National Feeder Steer Indicator,c/kg lwt,5602.0,432.22570789
2025-07-30,Cattle,3,National Feeder Steer Indicator,c/kg lwt,5703.0,444.4821700684
2025-07-31,Cattle,3,National Feeder Steer Indicator,c/kg lwt,5538.0,448.4875073853
2025-08-01,Cattle,3,National Feeder Steer Indicator,c/kg lwt,5538.0,448.4875073853
2025-08-02,Cattle,3,National Feeder Steer Indicator,c/kg lwt,5538.0,448.4875073853
2025-08-03,Cattle,3,National Feeder Steer Indicator,c/kg lwt,5538.0,448.4875073853
2025-08-04,Cattle,3,National Feeder Steer Indicator,c/kg lwt,5735.0,459.6693665562
2025-08-05,Cattle,3,National Feeder Steer Indicator,c/kg lwt,5767.0,457.0024300329
2025-08-06,Cattle,3,National Feeder Steer Indicator,c/kg lwt,5760.0,447.9562524132
2025-08-07,Cattle,3,National Feeder Steer Indicator,c/kg lwt,6100.0,455.3144285082
2025-08-08,Cattle,3,National Feeder Steer Indicator,c/kg lwt,6100.0,455.3144285082
2025-08-09,Cattle,3,National Feeder Steer Indicator,c/kg lwt,6100.0,455.3144285082
2025-08-10,Cattle,3,National Feeder Steer Indicator,c/kg lwt,6100.0,455.3144285082
2025-08-11,Cattle,3,National Feeder Steer Indicator,c/kg lwt,6313.0,453.3365455568
2025-08-12,Cattle,3,National Feeder Steer Indicator,c/kg lwt,6842.0,461.6653342151
2025-08-13,Cattle,3,National Feeder Steer Indicator,c/kg lwt,6890.0,462.4810170682
2025-08-14,Cattle,3,National Feeder Steer Indicator,c/kg lwt,7054.0,458.992090672
2025-08-15,Cattle,3,National Feeder Steer Indicator,c/kg lwt,7054.0,458.992090672
2025-08-16,Cattle,3,National Feeder Steer Indicator,c/kg lwt,7054.0,458.992090672
2025-08-17,Cattle,3,National Feeder Steer Indicator,c/kg lwt,7054.0,458.992090672
2025-08-18,Cattle,3,National Feeder Steer Indicator,c/kg lwt,7325.0,459.2852434539
2025-08-19,Cattle,3,National Feeder Steer Indicator,c/kg lwt,7804.0,462.3144550743
2025-08-20,Cattle,3,National Feeder Steer Indicator,c/kg lwt,7728.0,464.7834903727
2025-08-21,Cattle,3,National Feeder Steer Indicator,c/kg lwt,6900.0,466.2784657391
2025-08-22,Cattle,3,National Feeder Steer Indicator,c/kg lwt,6900.0,466.2784657391
2025-08-23,Cattle,3,National Feeder Steer Indicator,c/kg lwt,6900.0,466.2784657391
2025-08-24,Cattle,3,National Feeder Steer Indicator,c/kg lwt,6900.0,466.2784657391
2025-08-25,Cattle,3,National Feeder Steer Indicator,c/kg lwt,6631.0,470.0746664756
2025-08-26,Cattle,3,National Feeder Steer Indicator,c/kg lwt,5932.0,467.9855221848
2025-08-27,Cattle,3,National Feeder Steer Indicator,c/kg lwt,6841.0,473.1870959947
2025-08-28,Cattle,3,National Feeder Steer Indicator,c/kg lwt,8114.0,473.1523692014
2025-08-29,Cattle,3,National Feeder Steer Indicator,c/kg lwt,8114.0,473.1523692014
2025-08-30,Cattle,3,National Feeder Steer Indicator,c/kg lwt,8114.0,473.1523692014
2025-08-31,Cattle,3,National Feeder Steer Indicator,c/kg lwt,8114.0,473.1523692014
2025-09-01,Cattle,3,National Feeder Steer Indicator,c/kg lwt,8221.0,473.2118747719
2025-09-02,Cattle,3,National Feeder Steer Indicator,c/kg lwt,9094.0,474.7157825709
2025-09-03,Cattle,3,National Feeder Steer Indicator,c/kg lwt,8649.0,484.6280878599
2025-09-04,Cattle,3,National Feeder Steer Indicator,c/kg lwt,7891.0,488.4860387657
2025-09-05,Cattle,3,National Feeder Steer Indicator,c/kg lwt,7891.0,488.4860387657
2025-09-06,Cattle,3,National Feeder Steer Indicator,c/kg lwt,7891.0,488.4860387657
2025-09-07,Cattle,3,National Feeder Steer Indicator,c/kg lwt,7891.0,488.4860387657
2025-09-08,Cattle,3,National Feeder Steer Indicator,c/kg lwt,7704.0,486.566476285
2025-09-09,Cattle,3,National Feeder Steer Indicator,c/kg lwt,7921.0,486.9546061987
2025-09-10,Cattle,3,National Feeder Steer Indicator,c/kg lwt,8051.0,482.0581581294
2025-09-11,Cattle,3,National Feeder Steer Indicator,c/kg lwt,7848.0,481.5014565749
2025-09-12,Cattle,3,National Feeder Steer Indicator,c/kg lwt,7848.0,481.5014565749
2025-09-13,Cattle,3,National Feeder Steer Indicator,c/kg lwt,7848.0,481.5014565749
2025-09-14,Cattle,3,National Feeder Steer Indicator,c/kg lwt,7848.0,481.5014565749
2025-09-15,Cattle,3,National Feeder Steer Indicator,c/kg lwt,7554.0,480.9990773497
2025-09-16,Cattle,3,National Feeder Steer Indicator,c/kg lwt,7862.0,478.4557403205
2025-09-17,Cattle,3,National Feeder Steer Indicator,c/kg lwt,7305.0,482.364437577
2025-09-18,Cattle,3,National Feeder Steer Indicator,c/kg lwt,8063.0,477.6177621729
2025-09-19,Cattle,3,National Feeder Steer Indicator,c/kg lwt,8463.0,473.7719504195
2025-09-20,Cattle,3,National Feeder Steer Indicator,c/kg lwt,8463.0,473.7719504195
2025-09-21,Cattle,3,National Feeder Steer Indicator,c/kg lwt,8463.0,473.7719504195
2025-09-22,Cattle,3,National Feeder Steer Indicator,c/kg lwt,8483.0,472.8309343157
2025-09-23,Cattle,3,National Feeder Steer Indicator,c/kg lwt,7266.0,474.8198192541
2025-09-24,Cattle,3,National Feeder Steer Indicator,c/kg lwt,7792.0,467.1316759882
2025-09-25,Cattle,3,National Feeder Steer Indicator,c/kg lwt,8098.0,470.3686119165
2025-09-26,Cattle,3,National Feeder Steer Indicator,c/kg lwt,7698.0,474.219929761
2025-09-27,Cattle,3,National Feeder Steer Indicator,c/kg lwt,7698.0,474.219929761
2025-09-28,Cattle,3,National Feeder Steer Indicator,c/kg lwt,7698.0,474.219929761
2025-09-29,Cattle,3,National Feeder Steer Indicator,c/kg lwt,8069.0,477.4736175239
2025-09-30,Cattle,3,National Feeder Steer Indicator,c/kg lwt,9454.0,478.5026894754
2025-10-01,Cattle,3,National Feeder Steer Indicator,c/kg lwt,9275.0,479.8553129272
2025-10-02,Cattle,3,National Feeder Steer Indicator,c/kg lwt,9010.0,476.7309686349
2025-10-03,Cattle,3,National Feeder Steer Indicator,c/kg lwt,9010.0,476.7309686349
2025-10-04,Cattle,3,National Feeder Steer Indicator,c/kg lwt,9010.0,476.7309686349
2025-10-05,Cattle,3,National Feeder Steer Indicator,c/kg lwt,9010.0,476.7309686349
2025-10-06,Cattle,3,National Feeder Steer Indicator,c/kg lwt,7542.0,468.7633288518
2025-10-07,Cattle,3,National Feeder Steer Indicator,c/kg lwt,6823.0,463.1260768577
2025-10-08,Cattle,3,National Feeder Steer Indicator,c/kg lwt,6417.0,466.712361228
2025-10-09,Cattle,3,National Feeder Steer Indicator,c/kg lwt,6172.0,466.5628038723
2025-10-10,Cattle,3,National Feeder Steer Indicator,c/kg lwt,6172.0,466.5628038723
2025-10-11,Cattle,3,National Feeder Steer Indicator,c/kg lwt,6172.0,466.5628038723
2025-10-12,Cattle,3,National Feeder Steer Indicator,c/kg lwt,6172.0,466.5628038723
2025-10-13,Cattle,3,National Feeder Steer Indicator,c/kg lwt,9772.0,469.8156498465
2025-10-14,Cattle,3,National Feeder Steer Indicator,c/kg lwt,9393.0,466.4892500905
2025-10-15,Cattle,3,National Feeder Steer Indicator,c/kg lwt,9345.0,463.457691236
2025-10-16,Cattle,3,National Feeder Steer Indicator,c/kg lwt,10227.0,460.233472289
2025-10-17,Cattle,3,National Feeder Steer Indicator,c/kg lwt,10508.0,457.9828436525
2025-10-18,Cattle,3,National Feeder Steer Indicator,c/kg lwt,10508.0,457.9828436525
2025-10-19,Cattle,3,National Feeder Steer Indicator,c/kg lwt,10508.0,457.9828436525
2025-10-20,Cattle,3,National Feeder Steer Indicator,c/kg lwt,8980.0,452.3384875167
2025-10-21,Cattle,3,National Feeder Steer Indicator,c/kg lwt,8986.0,450.6370818495
2025-10-22,Cattle,3,National Feeder Steer Indicator,c/kg lwt,8956.0,449.8921860987
2025-10-23,Cattle,3,National Feeder Steer Indicator,c/kg lwt,8252.0,450.1495902448
2025-10-24,Cattle,3,National Feeder Steer Indicator,c/kg lwt,7971.0,452.7610611843
2025-10-25,Cattle,3,National Feeder Steer Indicator,c/kg lwt,7971.0,452.7610611843
2025-10-26,Cattle,3,National Feeder Steer Indicator,c/kg lwt,7971.0,452.7610611843
2025-10-27,Cattle,3,National Feeder Steer Indicator,c/kg lwt,7691.0,452.0279572227
2025-10-28,Cattle,3,National Feeder Steer Indicator,c/kg lwt,7872.0,454.6562265117
2025-10-29,Cattle,3,National Feeder Steer Indicator,c/kg lwt,7490.0,454.9612296529
2025-10-30,Cattle,3,National Feeder Steer Indicator,c/kg lwt,7716.0,457.8516861198
2025-10-31,Cattle,3,National Feeder Steer Indicator,c/kg lwt,7716.0,457.8516861198
2025-11-01,Cattle,3,National Feeder Steer Indicator,c/kg lwt,7716.0,457.8516861198
2025-11-02,Cattle,3,National Feeder Steer Indicator,c/kg lwt,7716.0,457.8516861198
2025-11-03,Cattle,3,National Feeder Steer Indicator,c/kg lwt,7928.0,462.5968731458
2025-11-04,Cattle,3,National Feeder Steer Indicator,c/kg lwt,7152.0,464.4189616331
2025-11-05,Cattle,3,National Feeder Steer Indicator,c/kg lwt,6342.0,468.0433630243
2025-11-06,Cattle,3,National Feeder Steer Indicator,c/kg lwt,6387.0,470.5263517301
2025-11-07,Cattle,3,National Feeder Steer Indicator,c/kg lwt,6387.0,470.5263517301
2025-11-08,Cattle,3,National Feeder Steer Indicator,c/kg lwt,6387.0,470.5263517301
2025-11-09,Cattle,3,National Feeder Steer Indicator,c/kg lwt,6387.0,470.5263517301
2025-11-10,Cattle,3,National Feeder Steer Indicator,c/kg lwt,7112.0,474.6072563976
2025-11-11,Cattle,3,National Feeder Steer Indicator,c/kg lwt,9061.0,480.6605914689
2025-11-12,Cattle,3,National Feeder Steer Indicator,c/kg lwt,9990.0,478.6823045445
2025-11-13,Cattle,3,National Feeder Steer Indicator,c/kg lwt,10139.0,480.955855824
2025-11-14,Cattle,3,National Feeder Steer Indicator,c/kg lwt,10139.0,480.955855824
2025-11-15,Cattle,3,National Feeder Steer Indicator,c/kg lwt,10139.0,480.955855824
2025-11-16,Cattle,3,National Feeder Steer Indicator,c/kg lwt,10139.0,480.955855824
2025-11-17,Cattle,3,National Feeder Steer Indicator,c/kg lwt,9490.0,483.0818463541
2025-11-18,Cattle,3,National Feeder Steer Indicator,c/kg lwt,8677.0,485.8608633744
2025-11-19,Cattle,3,National Feeder Steer Indicator,c/kg lwt,8736.0,489.7133371108
2025-11-20,Cattle,3,National Feeder Steer Indicator,c/kg lwt,9008.0,491.9961937167
2025-11-21,Cattle,3,National Feeder Steer Indicator,c/kg lwt,9008.0,491.9961937167
2025-11-22,Cattle,3,National Feeder Steer Indicator,c/kg lwt,9008.0,491.9961937167
2025-11-23,Cattle,3,National Feeder Steer Indicator,c/kg lwt,9008.0,491.9961937167
2025-11-24,Cattle,3,National Feeder Steer Indicator,c/kg lwt,10434.0,489.2961679509
2025-11-25,Cattle,3,National Feeder Steer Indicator,c/kg lwt,11239.0,489.9282160335
2025-11-26,Cattle,3,National Feeder Steer Indicator,c/kg lwt,13134.0,490.6034898965
2025-11-27,Cattle,3,National Feeder Steer Indicator,c/kg lwt,13807.0,488.2569882161
2025-11-28,Cattle,3,National Feeder Steer Indicator,c/kg lwt,13807.0,488.2569882161
2025-11-29,Cattle,3,National Feeder Steer Indicator,c/kg lwt,13807.0,488.2569882161
2025-11-30,Cattle,3,National Feeder Steer Indicator,c/kg lwt,13807.0,488.2569882161
2025-12-01,Cattle,3,National Feeder Steer Indicator,c/kg lwt,12688.0,486.3028717134
2025-12-02,Cattle,3,National Feeder Steer Indicator,c/kg lwt,12612.0,485.1109128608
2025-12-03,Cattle,3,National Feeder Steer Indicator,c/kg lwt,12254.0,482.4428287988
2025-12-04,Cattle,3,National Feeder Steer Indicator,c/kg lwt,11362.0,482.3888773191
2025-12-05,Cattle,3,National Feeder Steer Indicator,c/kg lwt,11594.0,480.823220985
2025-12-06,Cattle,3,National Feeder Steer Indicator,c/kg lwt,11594.0,480.823220985
2025-12-07,Cattle,3,National Feeder Steer Indicator,c/kg lwt,11594.0,480.823220985
2025-12-08,Cattle,3,National Feeder Steer Indicator,c/kg lwt,12593.0,477.6597809736
2025-12-09,Cattle,3,National Feeder Steer Indicator,c/kg lwt,12756.0,474.5795255252
2025-12-10,Cattle,3,National Feeder Steer Indicator,c/kg lwt,11737.0,471.001867496
2025-12-11,Cattle,3,National Feeder Steer Indicator,c/kg lwt,10623.0,468.8746981832
2025-12-12,Cattle,3,National Feeder Steer Indicator,c/kg lwt,10526.0,469.3689833555
2025-12-13,Cattle,3,National Feeder Steer Indicator,c/kg lwt,10526.0,469.3689833555
2025-12-14,Cattle,3,National Feeder Steer Indicator,c/kg lwt,10526.0,469.3689833555
2025-12-15,Cattle,3,National Feeder Steer Indicator,c/kg lwt,8775.0,470.9944065983
2025-12-16,Cattle,3,National Feeder Steer Indicator,c/kg lwt,5967.0,462.349708128
2025-12-17,Cattle,3,National Feeder Steer Indicator,c/kg lwt,4168.0,463.3384364923
2025-12-18,Cattle,3,National Feeder Steer Indicator,c/kg lwt,3143.0,460.8487442889
2025-12-19,Cattle,3,National Feeder Steer Indicator,c/kg lwt,3008.0,463.7511979056
2025-12-20,Cattle,3,National Feeder Steer Indicator,c/kg lwt,3008.0,463.7511979056
2025-12-21,Cattle,3,National Feeder Steer Indicator,c/kg lwt,3008.0,463.7511979056
2025-12-22,Cattle,3,National Feeder Steer Indicator,c/kg lwt,1218.0,453.4443368637
2025-12-23,Cattle,3,National Feeder Steer Indicator,c/kg lwt,322.0,448.9378881988
2025-12-24,Cattle,3,National Feeder Steer Indicator,c/kg lwt,68.0,453.7058823529
2025-04-01,Cattle,4,National Heavy Steer Indicator,c/kg lwt,1297.0,370.315344256
2025-04-02,Cattle,4,National Heavy Steer Indicator,c/kg lwt,1276.0,378.988089185
2025-04-03,Cattle,4,National Heavy Steer Indicator,c/kg lwt,1208.0,377.9170544702
2025-04-04,Cattle,4,National Heavy Steer Indicator,c/kg lwt,1208.0,377.9170544702
2025-04-05,Cattle,4,National Heavy Steer Indicator,c/kg lwt,1208.0,377.9170544702
2025-04-06,Cattle,4,National Heavy Steer Indicator,c/kg lwt,1208.0,377.9170544702
2025-04-07,Cattle,4,National Heavy Steer Indicator,c/kg lwt,1363.0,377.5501112252
2025-04-08,Cattle,4,National Heavy Steer Indicator,c/kg lwt,1417.0,377.294285674
2025-04-09,Cattle,4,National Heavy Steer Indicator,c/kg lwt,1543.0,372.6909933895
2025-04-10,Cattle,4,National Heavy Steer Indicator,c/kg lwt,1572.0,373.6267193384
2025-04-11,Cattle,4,National Heavy Steer Indicator,c/kg lwt,1572.0,373.6267193384
2025-04-12,Cattle,4,National Heavy Steer Indicator,c/kg lwt,1572.0,373.6267193384
2025-04-13,Cattle,4,National Heavy Steer Indicator,c/kg lwt,1572.0,373.6267193384
2025-04-14,Cattle,4,National Heavy Steer Indicator,c/kg lwt,1420.0,370.5897202817
2025-04-15,Cattle,4,National Heavy Steer Indicator,c/kg lwt,1279.0,361.2896028147
2025-04-16,Cattle,4,National Heavy Steer Indicator,c/kg lwt,936.0,355.5408128205
2025-04-17,Cattle,4,National Heavy Steer Indicator,c/kg lwt,861.0,354.6901286876
2025-04-18,Cattle,4,National Heavy Steer Indicator,c/kg lwt,861.0,354.6901286876
2025-04-19,Cattle,4,National Heavy Steer Indicator,c/kg lwt,861.0,354.6901286876
2025-04-20,Cattle,4,National Heavy Steer Indicator,c/kg lwt,861.0,354.6901286876
2025-04-21,Cattle,4,National Heavy Steer Indicator,c/kg lwt,546.0,349.5443238095
2025-04-22,Cattle,4,National Heavy Steer Indicator,c/kg lwt,370.0,351.5216235135
2025-04-23,Cattle,4,National Heavy Steer Indicator,c/kg lwt,361.0,350.2493085873
2025-04-24,Cattle,4,National Heavy Steer Indicator,c/kg lwt,386.0,349.0284984456
2025-04-25,Cattle,4,National Heavy Steer Indicator,c/kg lwt,386.0,349.0284984456
2025-04-26,Cattle,4,National Heavy Steer Indicator,c/kg lwt,386.0,349.0284984456
2025-04-27,Cattle,4,National Heavy Steer Indicator,c/kg lwt,386.0,349.0284984456
2025-04-28,Cattle,4,National Heavy Steer Indicator,c/kg lwt,704.0,365.0437505682
2025-04-29,Cattle,4,National Heavy Steer Indicator,c/kg lwt,1201.0,364.5190701082
2025-04-30,Cattle,4,National Heavy Steer Indicator,c/kg lwt,1438.0,361.6190569541
2025-05-01,Cattle,4,National Heavy Steer Indicator,c/kg lwt,1565.0,360.922175016
2025-05-02,Cattle,4,National Heavy Steer Indicator,c/kg lwt,1565.0,360.922175016
2025-05-03,Cattle,4,National Heavy Steer Indicator,c/kg lwt,1565.0,360.922175016
2025-05-04,Cattle,4,National Heavy Steer Indicator,c/kg lwt,1565.0,360.922175016
2025-05-05,Cattle,4,National Heavy Steer Indicator,c/kg lwt,1447.0,356.1498299931
2025-05-06,Cattle,4,National Heavy Steer Indicator,c/kg lwt,1484.0,350.4505408356
2025-05-07,Cattle,4,National Heavy Steer Indicator,c/kg lwt,1502.0,346.2888167111
2025-05-08,Cattle,4,National Heavy Steer Indicator,c/kg lwt,1697.0,339.2485578668
2025-05-09,Cattle,4,National Heavy Steer Indicator,c/kg lwt,1697.0,339.2485578668
2025-05-10,Cattle,4,National Heavy Steer Indicator,c/kg lwt,1697.0,339.2485578668
2025-05-11,Cattle,4,National Heavy Steer Indicator,c/kg lwt,1697.0,339.2485578668
2025-05-12,Cattle,4,National Heavy Steer Indicator,c/kg lwt,1648.0,336.6297346481
2025-05-13,Cattle,4,National Heavy Steer Indicator,c/kg lwt,1343.0,327.1078199553
2025-05-14,Cattle,4,National Heavy Steer Indicator,c/kg lwt,1210.0,323.3839680992
2025-05-15,Cattle,4,National Heavy Steer Indicator,c/kg lwt,958.0,325.0789158664
2025-05-16,Cattle,4,National Heavy Steer Indicator,c/kg lwt,958.0,325.0789158664
2025-05-17,Cattle,4,National Heavy Steer Indicator,c/kg lwt,958.0,325.0789158664
2025-05-18,Cattle,4,National Heavy Steer Indicator,c/kg lwt,958.0,325.0789158664
2025-05-19,Cattle,4,National Heavy Steer Indicator,c/kg lwt,1053.0,327.7209888889
2025-05-20,Cattle,4,National Heavy Steer Indicator,c/kg lwt,1006.0,335.9262427435
2025-05-21,Cattle,4,National Heavy Steer Indicator,c/kg lwt,906.0,339.5633560706
2025-05-22,Cattle,4,National Heavy Steer Indicator,c/kg lwt,904.0,343.6940272124
2025-05-23,Cattle,4,National Heavy Steer Indicator,c/kg lwt,904.0,343.6940272124
2025-05-24,Cattle,4,National Heavy Steer Indicator,c/kg lwt,904.0,343.6940272124
2025-05-25,Cattle,4,National Heavy Steer Indicator,c/kg lwt,904.0,343.6940272124
2025-05-26,Cattle,4,National Heavy Steer Indicator,c/kg lwt,759.0,340.5736503294
2025-05-27,Cattle,4,National Heavy Steer Indicator,c/kg lwt,894.0,350.6986583893
2025-05-28,Cattle,4,National Heavy Steer Indicator,c/kg lwt,995.0,354.1306543719
2025-05-29,Cattle,4,National Heavy Steer Indicator,c/kg lwt,1106.0,347.0415923146
2025-05-30,Cattle,4,National Heavy Steer Indicator,c/kg lwt,1106.0,347.0415923146
2025-05-31,Cattle,4,National Heavy Steer Indicator,c/kg lwt,1106.0,347.0415923146
2025-06-01,Cattle,4,National Heavy Steer Indicator,c/kg lwt,1106.0,347.0415923146
2025-06-02,Cattle,4,National Heavy Steer Indicator,c/kg lwt,1197.0,353.4644954887
2025-06-03,Cattle,4,National Heavy Steer Indicator,c/kg lwt,931.0,350.4247065521
2025-06-04,Cattle,4,National Heavy Steer Indicator,c/kg lwt,1020.0,348.2517660784
2025-06-05,Cattle,4,National Heavy Steer Indicator,c/kg lwt,887.0,354.9614446449
2025-06-06,Cattle,4,National Heavy Steer Indicator,c/kg lwt,887.0,354.9614446449
2025-06-07,Cattle,4,National Heavy Steer Indicator,c/kg lwt,887.0,354.9614446449
2025-06-08,Cattle,4,National Heavy Steer Indicator,c/kg lwt,887.0,354.9614446449
2025-06-09,Cattle,4,National Heavy Steer Indicator,c/kg lwt,697.0,348.3913936872
2025-06-10,Cattle,4,National Heavy Steer Indicator,c/kg lwt,878.0,357.4061523918
2025-06-11,Cattle,4,National Heavy Steer Indicator,c/kg lwt,871.0,362.1820921929
2025-06-12,Cattle,4,National Heavy Steer Indicator,c/kg lwt,881.0,361.4002296254
2025-06-13,Cattle,4,National Heavy Steer Indicator,c/kg lwt,881.0,361.4002296254
2025-06-14,Cattle,4,National Heavy Steer Indicator,c/kg lwt,881.0,361.4002296254
2025-06-15,Cattle,4,National Heavy Steer Indicator,c/kg lwt,881.0,361.4002296254
2025-06-16,Cattle,4,National Heavy Steer Indicator,c/kg lwt,976.0,361.2844285861
2025-06-17,Cattle,4,National Heavy Steer Indicator,c/kg lwt,1085.0,361.3445180645
2025-06-18,Cattle,4,National Heavy Steer Indicator,c/kg lwt,1132.0,363.6252668728
2025-06-19,Cattle,4,National Heavy Steer Indicator,c/kg lwt,1237.0,371.6651593371
2025-06-20,Cattle,4,National Heavy Steer Indicator,c/kg lwt,1237.0,371.6651593371
2025-06-21,Cattle,4,National Heavy Steer Indicator,c/kg lwt,1237.0,371.6651593371
2025-06-22,Cattle,4,National Heavy Steer Indicator,c/kg lwt,1237.0,371.6651593371
2025-06-23,Cattle,4,National Heavy Steer Indicator,c/kg lwt,1271.0,373.861370653
2025-06-24,Cattle,4,National Heavy Steer Indicator,c/kg lwt,1253.0,364.8750226656
2025-06-25,Cattle,4,National Heavy Steer Indicator,c/kg lwt,1405.0,358.7954481139
2025-06-26,Cattle,4,National Heavy Steer Indicator,c/kg lwt,1325.0,350.7747959245
2025-06-27,Cattle,4,National Heavy Steer Indicator,c/kg lwt,1325.0,350.7747959245
2025-06-28,Cattle,4,National Heavy Steer Indicator,c/kg lwt,1325.0,350.7747959245
2025-06-29,Cattle,4,National Heavy Steer Indicator,c/kg lwt,1325.0,350.7747959245
2025-06-30,Cattle,4,National Heavy Steer Indicator,c/kg lwt,1338.0,351.0732470852
2025-07-01,Cattle,4,National Heavy Steer Indicator,c/kg lwt,1410.0,359.3097914894
2025-07-02,Cattle,4,National Heavy Steer Indicator,c/kg lwt,1153.0,366.2744183001
2025-07-03,Cattle,4,National Heavy Steer Indicator,c/kg lwt,1157.0,373.4567020743
2025-07-04,Cattle,4,National Heavy Steer Indicator,c/kg lwt,1157.0,373.4567020743
2025-07-05,Cattle,4,National Heavy Steer Indicator,c/kg lwt,1157.0,373.4567020743
2025-07-06,Cattle,4,National Heavy Steer Indicator,c/kg lwt,1157.0,373.4567020743
2025-07-07,Cattle,4,National Heavy Steer Indicator,c/kg lwt,1120.0,372.2803609821
2025-07-08,Cattle,4,National Heavy Steer Indicator,c/kg lwt,984.0,370.551628252
2025-07-09,Cattle,4,National Heavy Steer Indicator,c/kg lwt,1256.0,369.2093985669
2025-07-10,Cattle,4,National Heavy Steer Indicator,c/kg lwt,1321.0,364.2012152914
2025-07-11,Cattle,4,National Heavy Steer Indicator,c/kg lwt,1321.0,364.2012152914
2025-07-12,Cattle,4,National Heavy Steer Indicator,c/kg lwt,1321.0,364.2012152914
2025-07-13,Cattle,4,National Heavy Steer Indicator,c/kg lwt,1321.0,364.2012152914
2025-07-14,Cattle,4,National Heavy Steer Indicator,c/kg lwt,1317.0,361.8812495065
2025-07-15,Cattle,4,National Heavy Steer Indicator,c/kg lwt,1330.0,364.5966969925
2025-07-16,Cattle,4,National Heavy Steer Indicator,c/kg lwt,1225.0,362.5856381224
2025-07-17,Cattle,4,National Heavy Steer Indicator,c/kg lwt,1140.0,368.2891279825
2025-07-18,Cattle,4,National Heavy Steer Indicator,c/kg lwt,1140.0,368.2891279825
2025-07-19,Cattle,4,National Heavy Steer Indicator,c/kg lwt,1140.0,368.2891279825
2025-07-20,Cattle,4,National Heavy Steer Indicator,c/kg lwt,1140.0,368.2891279825
2025-07-21,Cattle,4,National Heavy Steer Indicator,c/kg lwt,1103.0,373.9316461469
2025-07-22,Cattle,4,National Heavy Steer Indicator,c/kg lwt,1072.0,380.4020558769
2025-07-23,Cattle,4,National Heavy Steer Indicator,c/kg lwt,1191.0,381.2732189757
2025-07-24,Cattle,4,National Heavy Steer Indicator,c/kg lwt,1226.0,378.6071809135
2025-07-25,Cattle,4,National Heavy Steer Indicator,c/kg lwt,1226.0,378.6071809135
2025-07-26,Cattle,4,National Heavy Steer Indicator,c/kg lwt,1226.0,378.6071809135
2025-07-27,Cattle,4,National Heavy Steer Indicator,c/kg lwt,1226.0,378.6071809135
2025-07-28,Cattle,4,National Heavy Steer Indicator,c/kg lwt,1240.0,378.1891966935
2025-07-29,Cattle,4,National Heavy Steer Indicator,c/kg lwt,1183.0,379.9619654269
2025-07-30,Cattle,4,National Heavy Steer Indicator,c/kg lwt,1226.0,395.1904601958
2025-07-31,Cattle,4,National Heavy Steer Indicator,c/kg lwt,1278.0,396.4284070423
2025-08-01,Cattle,4,National Heavy Steer Indicator,c/kg lwt,1278.0,396.4284070423
2025-08-02,Cattle,4,National Heavy Steer Indicator,c/kg lwt,1278.0,396.4284070423
2025-08-03,Cattle,4,National Heavy Steer Indicator,c/kg lwt,1278.0,396.4284070423
2025-08-04,Cattle,4,National Heavy Steer Indicator,c/kg lwt,1389.0,402.6304567315
2025-08-05,Cattle,4,National Heavy Steer Indicator,c/kg lwt,1539.0,409.2174804418
2025-08-06,Cattle,4,National Heavy Steer Indicator,c/kg lwt,1348.0,412.0115742582
2025-08-07,Cattle,4,National Heavy Steer Indicator,c/kg lwt,1443.0,411.8119210672
2025-08-08,Cattle,4,National Heavy Steer Indicator,c/kg lwt,1443.0,411.8119210672
2025-08-09,Cattle,4,National Heavy Steer Indicator,c/kg lwt,1443.0,411.8119210672
2025-08-10,Cattle,4,National Heavy Steer Indicator,c/kg lwt,1443.0,411.8119210672
2025-08-11,Cattle,4,National Heavy Steer Indicator,c/kg lwt,1333.0,407.6949750938
2025-08-12,Cattle,4,National Heavy Steer Indicator,c/kg lwt,1335.0,408.5417253184
2025-08-13,Cattle,4,National Heavy Steer Indicator,c/kg lwt,1460.0,413.851919589
2025-08-14,Cattle,4,National Heavy Steer Indicator,c/kg lwt,1670.0,409.0202410778
2025-08-15,Cattle,4,National Heavy Steer Indicator,c/kg lwt,1670.0,409.0202410778
2025-08-16,Cattle,4,National Heavy Steer Indicator,c/kg lwt,1670.0,409.0202410778
2025-08-17,Cattle,4,National Heavy Steer Indicator,c/kg lwt,1670.0,409.0202410778
2025-08-18,Cattle,4,National Heavy Steer Indicator,c/kg lwt,1703.0,409.4823270112
2025-08-19,Cattle,4,National Heavy Steer Indicator,c/kg lwt,1708.0,410.1659267564
2025-08-20,Cattle,4,National Heavy Steer Indicator,c/kg lwt,1673.0,403.4902595935
2025-08-21,Cattle,4,National Heavy Steer Indicator,c/kg lwt,1334.0,417.4206928786
2025-08-22,Cattle,4,National Heavy Steer Indicator,c/kg lwt,1334.0,417.4206928786
2025-08-23,Cattle,4,National Heavy Steer Indicator,c/kg lwt,1334.0,417.4206928786
2025-08-24,Cattle,4,National Heavy Steer Indicator,c/kg lwt,1334.0,417.4206928786
2025-08-25,Cattle,4,National Heavy Steer Indicator,c/kg lwt,1299.0,416.6960769823
2025-08-26,Cattle,4,National Heavy Steer Indicator,c/kg lwt,1109.0,414.748065284
2025-08-27,Cattle,4,National Heavy Steer Indicator,c/kg lwt,1068.0,421.9342730337
2025-08-28,Cattle,4,National Heavy Steer Indicator,c/kg lwt,1377.0,419.7565748729
2025-08-29,Cattle,4,National Heavy Steer Indicator,c/kg lwt,1377.0,419.7565748729
2025-08-30,Cattle,4,National Heavy Steer Indicator,c/kg lwt,1377.0,419.7565748729
2025-08-31,Cattle,4,National Heavy Steer Indicator,c/kg lwt,1377.0,419.7565748729
2025-09-01,Cattle,4,National Heavy Steer Indicator,c/kg lwt,1426.0,421.1873798738
2025-09-02,Cattle,4,National Heavy Steer Indicator,c/kg lwt,1703.0,424.7231977686
2025-09-03,Cattle,4,National Heavy Steer Indicator,c/kg lwt,1935.0,430.0790731783
2025-09-04,Cattle,4,National Heavy Steer Indicator,c/kg lwt,1808.0,434.2129461283
2025-09-05,Cattle,4,National Heavy Steer Indicator,c/kg lwt,1808.0,434.2129461283
2025-09-06,Cattle,4,National Heavy Steer Indicator,c/kg lwt,1808.0,434.2129461283
2025-09-07,Cattle,4,National Heavy Steer Indicator,c/kg lwt,1808.0,434.2129461283
2025-09-08,Cattle,4,National Heavy Steer Indicator,c/kg lwt,1783.0,435.5565936624
2025-09-09,Cattle,4,National Heavy Steer Indicator,c/kg lwt,1674.0,437.2099195341
2025-09-10,Cattle,4,National Heavy Steer Indicator,c/kg lwt,1806.0,431.3215972315
2025-09-11,Cattle,4,National Heavy Steer Indicator,c/kg lwt,2003.0,427.2520242636
2025-09-12,Cattle,4,National Heavy Steer Indicator,c/kg lwt,2003.0,427.2520242636
2025-09-13,Cattle,4,National Heavy Steer Indicator,c/kg lwt,2003.0,427.2520242636
2025-09-14,Cattle,4,National Heavy Steer Indicator,c/kg lwt,2003.0,427.2520242636
2025-09-15,Cattle,4,National Heavy Steer Indicator,c/kg lwt,2079.0,427.1538261664
2025-09-16,Cattle,4,National Heavy Steer Indicator,c/kg lwt,2534.0,427.0360728493
2025-09-17,Cattle,4,National Heavy Steer Indicator,c/kg lwt,2418.0,433.796198263
2025-09-18,Cattle,4,National Heavy Steer Indicator,c/kg lwt,2555.0,435.0595723679
2025-09-19,Cattle,4,National Heavy Steer Indicator,c/kg lwt,2628.0,433.4110378234
2025-09-20,Cattle,4,National Heavy Steer Indicator,c/kg lwt,2628.0,433.4110378234
2025-09-21,Cattle,4,National Heavy Steer Indicator,c/kg lwt,2628.0,433.4110378234
2025-09-22,Cattle,4,National Heavy Steer Indicator,c/kg lwt,2634.0,434.4358419514
2025-09-23,Cattle,4,National Heavy Steer Indicator,c/kg lwt,2231.0,436.3461247871
2025-09-24,Cattle,4,National Heavy Steer Indicator,c/kg lwt,2406.0,430.7772270158
2025-09-25,Cattle,4,National Heavy Steer Indicator,c/kg lwt,1993.0,434.5067778224
2025-09-26,Cattle,4,National Heavy Steer Indicator,c/kg lwt,1920.0,436.7421917708
2025-09-27,Cattle,4,National Heavy Steer Indicator,c/kg lwt,1920.0,436.7421917708
2025-09-28,Cattle,4,National Heavy Steer Indicator,c/kg lwt,1920.0,436.7421917708
2025-09-29,Cattle,4,National Heavy Steer Indicator,c/kg lwt,1838.0,435.7226375952
2025-09-30,Cattle,4,National Heavy Steer Indicator,c/kg lwt,1927.0,433.0111611313
2025-10-01,Cattle,4,National Heavy Steer Indicator,c/kg lwt,1646.0,433.8441705346
2025-10-02,Cattle,4,National Heavy Steer Indicator,c/kg lwt,2174.0,434.8567178933
2025-10-03,Cattle,4,National Heavy Steer Indicator,c/kg lwt,2174.0,434.8567178933
2025-10-04,Cattle,4,National Heavy Steer Indicator,c/kg lwt,2174.0,434.8567178933
2025-10-05,Cattle,4,National Heavy Steer Indicator,c/kg lwt,2174.0,434.8567178933
2025-10-06,Cattle,4,National Heavy Steer Indicator,c/kg lwt,2132.0,432.7631823171
2025-10-07,Cattle,4,National Heavy Steer Indicator,c/kg lwt,2230.0,433.3152488789
2025-10-08,Cattle,4,National Heavy Steer Indicator,c/kg lwt,2214.0,438.3275550136
2025-10-09,Cattle,4,National Heavy Steer Indicator,c/kg lwt,1629.0,428.2000045427
2025-10-10,Cattle,4,National Heavy Steer Indicator,c/kg lwt,1629.0,428.2000045427
2025-10-11,Cattle,4,National Heavy Steer Indicator,c/kg lwt,1629.0,428.2000045427
2025-10-12,Cattle,4,National Heavy Steer Indicator,c/kg lwt,1629.0,428.2000045427
2025-10-13,Cattle,4,National Heavy Steer Indicator,c/kg lwt,1744.0,430.4029858945
2025-10-14,Cattle,4,National Heavy Steer Indicator,c/kg lwt,1456.0,430.8376409341
2025-10-15,Cattle,4,National Heavy Steer Indicator,c/kg lwt,1457.0,422.5886780371
2025-10-16,Cattle,4,National Heavy Steer Indicator,c/kg lwt,1706.0,421.8429679367
2025-10-17,Cattle,4,National Heavy Steer Indicator,c/kg lwt,1773.0,420.2454051325
2025-10-18,Cattle,4,National Heavy Steer Indicator,c/kg lwt,1773.0,420.2454051325
2025-10-19,Cattle,4,National Heavy Steer Indicator,c/kg lwt,1773.0,420.2454051325
2025-10-20,Cattle,4,National Heavy Steer Indicator,c/kg lwt,1750.0,417.8356018857
2025-10-21,Cattle,4,National Heavy Steer Indicator,c/kg lwt,1989.0,417.1728026647
2025-10-22,Cattle,4,National Heavy Steer Indicator,c/kg lwt,1970.0,419.8718803046
2025-10-23,Cattle,4,National Heavy Steer Indicator,c/kg lwt,1944.0,416.5352902263
2025-10-24,Cattle,4,National Heavy Steer Indicator,c/kg lwt,1877.0,417.8548770378
2025-10-25,Cattle,4,National Heavy Steer Indicator,c/kg lwt,1877.0,417.8548770378
2025-10-26,Cattle,4,National Heavy Steer Indicator,c/kg lwt,1877.0,417.8548770378
2025-10-27,Cattle,4,National Heavy Steer Indicator,c/kg lwt,1902.0,418.0256594111
2025-10-28,Cattle,4,National Heavy Steer Indicator,c/kg lwt,1954.0,422.0504622313
2025-10-29,Cattle,4,National Heavy Steer Indicator,c/kg lwt,1860.0,424.0887112366
2025-10-30,Cattle,4,National Heavy Steer Indicator,c/kg lwt,1669.0,433.2528477531
2025-10-31,Cattle,4,National Heavy Steer Indicator,c/kg lwt,1669.0,433.2528477531
2025-11-01,Cattle,4,National Heavy Steer Indicator,c/kg lwt,1669.0,433.2528477531
2025-11-02,Cattle,4,National Heavy Steer Indicator,c/kg lwt,1669.0,433.2528477531
2025-11-03,Cattle,4,National Heavy Steer Indicator,c/kg lwt,1747.0,435.7155139668
2025-11-04,Cattle,4,National Heavy Steer Indicator,c/kg lwt,1506.0,439.5936944223
2025-11-05,Cattle,4,National Heavy Steer Indicator,c/kg lwt,1445.0,442.7907983391
2025-11-06,Cattle,4,National Heavy Steer Indicator,c/kg lwt,1888.0,441.5337413136
2025-11-07,Cattle,4,National Heavy Steer Indicator,c/kg lwt,1888.0,441.5337413136
2025-11-08,Cattle,4,National Heavy Steer Indicator,c/kg lwt,1888.0,441.5337413136
2025-11-09,Cattle,4,National Heavy Steer Indicator,c/kg lwt,1888.0,441.5337413136
2025-11-10,Cattle,4,National Heavy Steer Indicator,c/kg lwt,1938.0,442.4217252838
2025-11-11,Cattle,4,National Heavy Steer Indicator,c/kg lwt,2282.0,448.4504835232
2025-11-12,Cattle,4,National Heavy Steer Indicator,c/kg lwt,2722.0,452.4982377663
2025-11-13,Cattle,4,National Heavy Steer Indicator,c/kg lwt,2739.0,457.340709456
2025-11-14,Cattle,4,National Heavy Steer Indicator,c/kg lwt,2739.0,457.340709456
2025-11-15,Cattle,4,National Heavy Steer Indicator,c/kg lwt,2739.0,457.340709456
2025-11-16,Cattle,4,National Heavy Steer Indicator,c/kg lwt,2739.0,457.340709456
2025-11-17,Cattle,4,National Heavy Steer Indicator,c/kg lwt,2627.0,458.6732407309
2025-11-18,Cattle,4,National Heavy Steer Indicator,c/kg lwt,2589.0,462.2150655079
2025-11-19,Cattle,4,National Heavy Steer Indicator,c/kg lwt,3167.0,463.5746787496
2025-11-20,Cattle,4,National Heavy Steer Indicator,c/kg lwt,2850.0,463.653336
2025-11-21,Cattle,4,National Heavy Steer Indicator,c/kg lwt,2850.0,463.653336
2025-11-22,Cattle,4,National Heavy Steer Indicator,c/kg lwt,2850.0,463.653336
2025-11-23,Cattle,4,National Heavy Steer Indicator,c/kg lwt,2850.0,463.653336
2025-11-24,Cattle,4,National Heavy Steer Indicator,c/kg lwt,2977.0,463.3842149143
2025-11-25,Cattle,4,National Heavy Steer Indicator,c/kg lwt,3081.0,462.467869815
2025-11-26,Cattle,4,National Heavy Steer Indicator,c/kg lwt,2699.0,459.4061893664
2025-11-27,Cattle,4,National Heavy Steer Indicator,c/kg lwt,2770.0,456.3141895668
2025-11-28,Cattle,4,National Heavy Steer Indicator,c/kg lwt,2770.0,456.3141895668
2025-11-29,Cattle,4,National Heavy Steer Indicator,c/kg lwt,2770.0,456.3141895668
2025-11-30,Cattle,4,National Heavy Steer Indicator,c/kg lwt,2770.0,456.3141895668
2025-12-01,Cattle,4,National Heavy Steer Indicator,c/kg lwt,2842.0,454.4091853272
2025-12-02,Cattle,4,National Heavy Steer Indicator,c/kg lwt,2758.0,452.1113138869
2025-12-03,Cattle,4,National Heavy Steer Indicator,c/kg lwt,2964.0,450.7795566802
2025-12-04,Cattle,4,National Heavy Steer Indicator,c/kg lwt,3057.0,452.3282976775
2025-12-05,Cattle,4,National Heavy Steer Indicator,c/kg lwt,3129.0,450.6090143816
2025-12-06,Cattle,4,National Heavy Steer Indicator,c/kg lwt,3129.0,450.6090143816
2025-12-07,Cattle,4,National Heavy Steer Indicator,c/kg lwt,3129.0,450.6090143816
2025-12-08,Cattle,4,National Heavy Steer Indicator,c/kg lwt,2985.0,451.2104542714
2025-12-09,Cattle,4,National Heavy Steer Indicator,c/kg lwt,3467.0,445.3152037785
2025-12-10,Cattle,4,National Heavy Steer Indicator,c/kg lwt,3189.0,441.7377265601
2025-12-11,Cattle,4,National Heavy Steer Indicator,c/kg lwt,2763.0,441.3921860297
2025-12-12,Cattle,4,National Heavy Steer Indicator,c/kg lwt,2722.0,442.3007384276
2025-12-13,Cattle,4,National Heavy Steer Indicator,c/kg lwt,2722.0,442.3007384276
2025-12-14,Cattle,4,National Heavy Steer Indicator,c/kg lwt,2722.0,442.3007384276
2025-12-15,Cattle,4,National Heavy Steer Indicator,c/kg lwt,2554.0,441.7173884103
2025-12-16,Cattle,4,National Heavy Steer Indicator,c/kg lwt,1618.0,440.1932034611
2025-12-17,Cattle,4,National Heavy Steer Indicator,c/kg lwt,715.0,442.7062944056
2025-12-18,Cattle,4,National Heavy Steer Indicator,c/kg lwt,614.0,439.2540724756
2025-12-19,Cattle,4,National Heavy Steer Indicator,c/kg lwt,583.0,442.7753010292
2025-12-20,Cattle,4,National Heavy Steer Indicator,c/kg lwt,583.0,442.7753010292
2025-12-21,Cattle,4,National Heavy Steer Indicator,c/kg lwt,583.0,442.7753010292
2025-12-22,Cattle,4,National Heavy Steer Indicator,c/kg lwt,502.0,443.4521922311
2025-12-23,Cattle,4,National Heavy Steer Indicator,c/kg lwt,105.0,450.819047619
2025-12-24,Cattle,4,National Heavy Steer Indicator,c/kg lwt,1.0,435.0
2025-04-01,Cattle,5,National Heavy Dairy Cow Indicator,c/kg lwt,1190.0,257.9944541176
2025-04-02,Cattle,5,National Heavy Dairy Cow Indicator,c/kg lwt,1142.0,268.2712789842
2025-04-03,Cattle,5,National Heavy Dairy Cow Indicator,c/kg lwt,1142.0,268.2712789842
2025-04-04,Cattle,5,National Heavy Dairy Cow Indicator,c/kg lwt,1142.0,268.2712789842
2025-04-05,Cattle,5,National Heavy Dairy Cow Indicator,c/kg lwt,1142.0,268.2712789842
2025-04-06,Cattle,5,National Heavy Dairy Cow Indicator,c/kg lwt,1142.0,268.2712789842
2025-04-07,Cattle,5,National Heavy Dairy Cow Indicator,c/kg lwt,1407.0,263.4702206823
2025-04-08,Cattle,5,National Heavy Dairy Cow Indicator,c/kg lwt,1810.0,258.4301660221
2025-04-09,Cattle,5,National Heavy Dairy Cow Indicator,c/kg lwt,1724.0,253.5093968097
2025-04-10,Cattle,5,National Heavy Dairy Cow Indicator,c/kg lwt,1724.0,253.5093968097
2025-04-11,Cattle,5,National Heavy Dairy Cow Indicator,c/kg lwt,1724.0,253.5093968097
2025-04-12,Cattle,5,National Heavy Dairy Cow Indicator,c/kg lwt,1724.0,253.5093968097
2025-04-13,Cattle,5,National Heavy Dairy Cow Indicator,c/kg lwt,1724.0,253.5093968097
2025-04-14,Cattle,5,National Heavy Dairy Cow Indicator,c/kg lwt,1540.0,244.4877922727
2025-04-15,Cattle,5,National Heavy Dairy Cow Indicator,c/kg lwt,1234.0,232.0925446515
2025-04-16,Cattle,5,National Heavy Dairy Cow Indicator,c/kg lwt,1131.0,234.2042440318
2025-04-17,Cattle,5,National Heavy Dairy Cow Indicator,c/kg lwt,1131.0,234.2042440318
2025-04-18,Cattle,5,National Heavy Dairy Cow Indicator,c/kg lwt,1131.0,234.2042440318
2025-04-19,Cattle,5,National Heavy Dairy Cow Indicator,c/kg lwt,1131.0,234.2042440318
2025-04-20,Cattle,5,National Heavy Dairy Cow Indicator,c/kg lwt,1131.0,234.2042440318
2025-04-21,Cattle,5,National Heavy Dairy Cow Indicator,c/kg lwt,662.0,240.3610271903
2025-04-22,Cattle,5,National Heavy Dairy Cow Indicator,c/kg lwt,338.0,252.9822485207
2025-04-23,Cattle,5,National Heavy Dairy Cow Indicator,c/kg lwt,331.0,251.4018126888
2025-04-24,Cattle,5,National Heavy Dairy Cow Indicator,c/kg lwt,331.0,251.4018126888
2025-04-25,Cattle,5,National Heavy Dairy Cow Indicator,c/kg lwt,331.0,251.4018126888
2025-04-26,Cattle,5,National Heavy Dairy Cow Indicator,c/kg lwt,331.0,251.4018126888
2025-04-27,Cattle,5,National Heavy Dairy Cow Indicator,c/kg lwt,331.0,251.4018126888
2025-04-28,Cattle,5,National Heavy Dairy Cow Indicator,c/kg lwt,860.0,256.6186046512
2025-04-29,Cattle,5,National Heavy Dairy Cow Indicator,c/kg lwt,1826.0,260.5536692223
2025-04-30,Cattle,5,National Heavy Dairy Cow Indicator,c/kg lwt,2042.0,261.3035261019
2025-05-01,Cattle,5,National Heavy Dairy Cow Indicator,c/kg lwt,2042.0,261.3035261019
2025-05-02,Cattle,5,National Heavy Dairy Cow Indicator,c/kg lwt,2042.0,261.3035261019
2025-05-03,Cattle,5,National Heavy Dairy Cow Indicator,c/kg lwt,2042.0,261.3035261019
2025-05-04,Cattle,5,National Heavy Dairy Cow Indicator,c/kg lwt,2042.0,261.3035261019
2025-05-05,Cattle,5,National Heavy Dairy Cow Indicator,c/kg lwt,2207.0,251.8603535569
2025-05-06,Cattle,5,National Heavy Dairy Cow Indicator,c/kg lwt,1811.0,238.6614027057
2025-05-07,Cattle,5,National Heavy Dairy Cow Indicator,c/kg lwt,1713.0,234.1698774081
2025-05-08,Cattle,5,National Heavy Dairy Cow Indicator,c/kg lwt,1713.0,234.1698774081
2025-05-09,Cattle,5,National Heavy Dairy Cow Indicator,c/kg lwt,1713.0,234.1698774081
2025-05-10,Cattle,5,National Heavy Dairy Cow Indicator,c/kg lwt,1713.0,234.1698774081
2025-05-11,Cattle,5,National Heavy Dairy Cow Indicator,c/kg lwt,1713.0,234.1698774081
2025-05-12,Cattle,5,National Heavy Dairy Cow Indicator,c/kg lwt,2138.0,214.8479887746
2025-05-13,Cattle,5,National Heavy Dairy Cow Indicator,c/kg lwt,2191.0,178.2510269283
2025-05-14,Cattle,5,National Heavy Dairy Cow Indicator,c/kg lwt,2147.0,175.4918490918
2025-05-15,Cattle,5,National Heavy Dairy Cow Indicator,c/kg lwt,2151.0,175.3514644351
2025-05-16,Cattle,5,National Heavy Dairy Cow Indicator,c/kg lwt,2151.0,175.3514644351
2025-05-17,Cattle,5,National Heavy Dairy Cow Indicator,c/kg lwt,2151.0,175.3514644351
2025-05-18,Cattle,5,National Heavy Dairy Cow Indicator,c/kg lwt,2151.0,175.3514644351
2025-05-19,Cattle,5,National Heavy Dairy Cow Indicator,c/kg lwt,2120.0,174.7764150943
2025-05-20,Cattle,5,National Heavy Dairy Cow Indicator,c/kg lwt,1720.0,197.7096511047
2025-05-21,Cattle,5,National Heavy Dairy Cow Indicator,c/kg lwt,1748.0,198.8218534897
2025-05-22,Cattle,5,National Heavy Dairy Cow Indicator,c/kg lwt,1758.0,199.59590438
2025-05-23,Cattle,5,National Heavy Dairy Cow Indicator,c/kg lwt,1758.0,199.59590438
2025-05-24,Cattle,5,National Heavy Dairy Cow Indicator,c/kg lwt,1758.0,199.59590438
2025-05-25,Cattle,5,National Heavy Dairy Cow Indicator,c/kg lwt,1758.0,199.59590438
2025-05-26,Cattle,5,National Heavy Dairy Cow Indicator,c/kg lwt,1420.0,223.6546478169
2025-05-27,Cattle,5,National Heavy Dairy Cow Indicator,c/kg lwt,1610.0,242.8968944099
2025-05-28,Cattle,5,National Heavy Dairy Cow Indicator,c/kg lwt,1605.0,245.0326480374
2025-05-29,Cattle,5,National Heavy Dairy Cow Indicator,c/kg lwt,1591.0,244.8324324953
2025-05-30,Cattle,5,National Heavy Dairy Cow Indicator,c/kg lwt,1591.0,244.8324324953
2025-05-31,Cattle,5,National Heavy Dairy Cow Indicator,c/kg lwt,1591.0,244.8324324953
2025-06-01,Cattle,5,National Heavy Dairy Cow Indicator,c/kg lwt,1591.0,244.8324324953
2025-06-02,Cattle,5,National Heavy Dairy Cow Indicator,c/kg lwt,1676.0,254.5402148568
2025-06-03,Cattle,5,National Heavy Dairy Cow Indicator,c/kg lwt,2019.0,245.823477266
2025-06-04,Cattle,5,National Heavy Dairy Cow Indicator,c/kg lwt,2113.0,244.7471844297
2025-06-05,Cattle,5,National Heavy Dairy Cow Indicator,c/kg lwt,2127.0,244.9133994828
2025-06-06,Cattle,5,National Heavy Dairy Cow Indicator,c/kg lwt,2127.0,244.9133994828
2025-06-07,Cattle,5,National Heavy Dairy Cow Indicator,c/kg lwt,2127.0,244.9133994828
2025-06-08,Cattle,5,National Heavy Dairy Cow Indicator,c/kg lwt,2127.0,244.9133994828
2025-06-09,Cattle,5,National Heavy Dairy Cow Indicator,c/kg lwt,1292.0,236.7188859907
2025-06-10,Cattle,5,National Heavy Dairy Cow Indicator,c/kg lwt,954.0,238.6788262055
2025-06-11,Cattle,5,National Heavy Dairy Cow Indicator,c/kg lwt,919.0,241.5079434168
2025-06-12,Cattle,5,National Heavy Dairy Cow Indicator,c/kg lwt,905.0,241.0671823204
2025-06-13,Cattle,5,National Heavy Dairy Cow Indicator,c/kg lwt,905.0,241.0671823204
2025-06-14,Cattle,5,National Heavy Dairy Cow Indicator,c/kg lwt,905.0,241.0671823204
2025-06-15,Cattle,5,National Heavy Dairy Cow Indicator,c/kg lwt,905.0,241.0671823204
2025-06-16,Cattle,5,National Heavy Dairy Cow Indicator,c/kg lwt,1843.0,238.9510580575
2025-06-17,Cattle,5,National Heavy Dairy Cow Indicator,c/kg lwt,1687.0,244.3780675756
2025-06-18,Cattle,5,National Heavy Dairy Cow Indicator,c/kg lwt,1696.0,245.8937501179
2025-06-19,Cattle,5,National Heavy Dairy Cow Indicator,c/kg lwt,1696.0,245.8937501179
2025-06-20,Cattle,5,National Heavy Dairy Cow Indicator,c/kg lwt,1696.0,245.8937501179
2025-06-21,Cattle,5,National Heavy Dairy Cow Indicator,c/kg lwt,1696.0,245.8937501179
2025-06-22,Cattle,5,National Heavy Dairy Cow Indicator,c/kg lwt,1696.0,245.8937501179
2025-06-23,Cattle,5,National Heavy Dairy Cow Indicator,c/kg lwt,1092.0,256.8569598901
2025-06-24,Cattle,5,National Heavy Dairy Cow Indicator,c/kg lwt,1179.0,268.6614081425
2025-06-25,Cattle,5,National Heavy Dairy Cow Indicator,c/kg lwt,1040.0,271.4340384615
2025-06-26,Cattle,5,National Heavy Dairy Cow Indicator,c/kg lwt,1040.0,271.4340384615
2025-06-27,Cattle,5,National Heavy Dairy Cow Indicator,c/kg lwt,1040.0,271.4340384615
2025-06-28,Cattle,5,National Heavy Dairy Cow Indicator,c/kg lwt,1040.0,271.4340384615
2025-06-29,Cattle,5,National Heavy Dairy Cow Indicator,c/kg lwt,1040.0,271.4340384615
2025-06-30,Cattle,5,National Heavy Dairy Cow Indicator,c/kg lwt,1184.0,274.354222973
2025-07-01,Cattle,5,National Heavy Dairy Cow Indicator,c/kg lwt,1610.0,278.4207453416
2025-07-02,Cattle,5,National Heavy Dairy Cow Indicator,c/kg lwt,1662.0,278.5288809266
2025-07-03,Cattle,5,National Heavy Dairy Cow Indicator,c/kg lwt,1662.0,278.5288809266
2025-07-04,Cattle,5,National Heavy Dairy Cow Indicator,c/kg lwt,1662.0,278.5288809266
2025-07-05,Cattle,5,National Heavy Dairy Cow Indicator,c/kg lwt,1662.0,278.5288809266
2025-07-06,Cattle,5,National Heavy Dairy Cow Indicator,c/kg lwt,1662.0,278.5288809266
2025-07-07,Cattle,5,National Heavy Dairy Cow Indicator,c/kg lwt,1929.0,281.4287195956
2025-07-08,Cattle,5,National Heavy Dairy Cow Indicator,c/kg lwt,1583.0,294.8907138977
2025-07-09,Cattle,5,National Heavy Dairy Cow Indicator,c/kg lwt,1626.0,292.1811809963
2025-07-10,Cattle,5,National Heavy Dairy Cow Indicator,c/kg lwt,1626.0,292.1811809963
2025-07-11,Cattle,5,National Heavy Dairy Cow Indicator,c/kg lwt,1626.0,292.1811809963
2025-07-12,Cattle,5,National Heavy Dairy Cow Indicator,c/kg lwt,1626.0,292.1811809963
2025-07-13,Cattle,5,National Heavy Dairy Cow Indicator,c/kg lwt,1626.0,292.1811809963
2025-07-14,Cattle,5,National Heavy Dairy Cow Indicator,c/kg lwt,1459.0,304.7166554489
2025-07-15,Cattle,5,National Heavy Dairy Cow Indicator,c/kg lwt,1588.0,307.8385392317
2025-07-16,Cattle,5,National Heavy Dairy Cow Indicator,c/kg lwt,1704.0,311.5974179577
2025-07-17,Cattle,5,National Heavy Dairy Cow Indicator,c/kg lwt,1704.0,311.5974179577
2025-07-18,Cattle,5,National Heavy Dairy Cow Indicator,c/kg lwt,1704.0,311.5974179577
2025-07-19,Cattle,5,National Heavy Dairy Cow Indicator,c/kg lwt,1704.0,311.5974179577
2025-07-20,Cattle,5,National Heavy Dairy Cow Indicator,c/kg lwt,1704.0,311.5974179577
2025-07-21,Cattle,5,National Heavy Dairy Cow Indicator,c/kg lwt,1657.0,310.8055523235
2025-07-22,Cattle,5,National Heavy Dairy Cow Indicator,c/kg lwt,1724.0,322.5445476798
2025-07-23,Cattle,5,National Heavy Dairy Cow Indicator,c/kg lwt,1619.0,326.3205684373
2025-07-24,Cattle,5,National Heavy Dairy Cow Indicator,c/kg lwt,1619.0,326.3205684373
2025-07-25,Cattle,5,National Heavy Dairy Cow Indicator,c/kg lwt,1619.0,326.3205684373
2025-07-26,Cattle,5,National Heavy Dairy Cow Indicator,c/kg lwt,1619.0,326.3205684373
2025-07-27,Cattle,5,National Heavy Dairy Cow Indicator,c/kg lwt,1619.0,326.3205684373
2025-07-28,Cattle,5,National Heavy Dairy Cow Indicator,c/kg lwt,1543.0,340.7830202852
2025-07-29,Cattle,5,National Heavy Dairy Cow Indicator,c/kg lwt,1408.0,348.1372161222
2025-07-30,Cattle,5,National Heavy Dairy Cow Indicator,c/kg lwt,1453.0,350.5793532003
2025-07-31,Cattle,5,National Heavy Dairy Cow Indicator,c/kg lwt,1453.0,350.5793532003
2025-08-01,Cattle,5,National Heavy Dairy Cow Indicator,c/kg lwt,1453.0,350.5793532003
2025-08-02,Cattle,5,National Heavy Dairy Cow Indicator,c/kg lwt,1453.0,350.5793532003
2025-08-03,Cattle,5,National Heavy Dairy Cow Indicator,c/kg lwt,1453.0,350.5793532003
2025-08-04,Cattle,5,National Heavy Dairy Cow Indicator,c/kg lwt,1414.0,347.3661953324
2025-08-05,Cattle,5,National Heavy Dairy Cow Indicator,c/kg lwt,1653.0,345.1874169389
2025-08-06,Cattle,5,National Heavy Dairy Cow Indicator,c/kg lwt,1756.0,344.2339410592
2025-08-07,Cattle,5,National Heavy Dairy Cow Indicator,c/kg lwt,1756.0,344.2339410592
2025-08-08,Cattle,5,National Heavy Dairy Cow Indicator,c/kg lwt,1756.0,344.2339410592
2025-08-09,Cattle,5,National Heavy Dairy Cow Indicator,c/kg lwt,1756.0,344.2339410592
2025-08-10,Cattle,5,National Heavy Dairy Cow Indicator,c/kg lwt,1756.0,344.2339410592
2025-08-11,Cattle,5,National Heavy Dairy Cow Indicator,c/kg lwt,1645.0,342.3086933131
2025-08-12,Cattle,5,National Heavy Dairy Cow Indicator,c/kg lwt,1351.0,343.9524800148
2025-08-13,Cattle,5,National Heavy Dairy Cow Indicator,c/kg lwt,1318.0,339.6913506829
2025-08-14,Cattle,5,National Heavy Dairy Cow Indicator,c/kg lwt,1318.0,339.6913506829
2025-08-15,Cattle,5,National Heavy Dairy Cow Indicator,c/kg lwt,1318.0,339.6913506829
2025-08-16,Cattle,5,National Heavy Dairy Cow Indicator,c/kg lwt,1318.0,339.6913506829
2025-08-17,Cattle,5,National Heavy Dairy Cow Indicator,c/kg lwt,1318.0,339.6913506829
2025-08-18,Cattle,5,National Heavy Dairy Cow Indicator,c/kg lwt,1258.0,345.6678856916
2025-08-19,Cattle,5,National Heavy Dairy Cow Indicator,c/kg lwt,1334.0,343.1673164918
2025-08-20,Cattle,5,National Heavy Dairy Cow Indicator,c/kg lwt,1245.0,344.6661848193
2025-08-21,Cattle,5,National Heavy Dairy Cow Indicator,c/kg lwt,1245.0,344.6661848193
2025-08-22,Cattle,5,National Heavy Dairy Cow Indicator,c/kg lwt,1245.0,344.6661848193
2025-08-23,Cattle,5,National Heavy Dairy Cow Indicator,c/kg lwt,1245.0,344.6661848193
2025-08-24,Cattle,5,National Heavy Dairy Cow Indicator,c/kg lwt,1245.0,344.6661848193
2025-08-25,Cattle,5,National Heavy Dairy Cow Indicator,c/kg lwt,1268.0,340.6178234227
2025-08-26,Cattle,5,National Heavy Dairy Cow Indicator,c/kg lwt,834.0,341.1695444844
2025-08-27,Cattle,5,National Heavy Dairy Cow Indicator,c/kg lwt,758.0,348.4912934037
2025-08-28,Cattle,5,National Heavy Dairy Cow Indicator,c/kg lwt,758.0,348.4912934037
2025-08-29,Cattle,5,National Heavy Dairy Cow Indicator,c/kg lwt,758.0,348.4912934037
2025-08-30,Cattle,5,National Heavy Dairy Cow Indicator,c/kg lwt,758.0,348.4912934037
2025-08-31,Cattle,5,National Heavy Dairy Cow Indicator,c/kg lwt,758.0,348.4912934037
2025-09-01,Cattle,5,National Heavy Dairy Cow Indicator,c/kg lwt,775.0,357.8405166452
2025-09-02,Cattle,5,National Heavy Dairy Cow Indicator,c/kg lwt,1127.0,372.0010651287
2025-09-03,Cattle,5,National Heavy Dairy Cow Indicator,c/kg lwt,1290.0,367.927442093
2025-09-04,Cattle,5,National Heavy Dairy Cow Indicator,c/kg lwt,1290.0,367.927442093
2025-09-05,Cattle,5,National Heavy Dairy Cow Indicator,c/kg lwt,1290.0,367.927442093
2025-09-06,Cattle,5,National Heavy Dairy Cow Indicator,c/kg lwt,1290.0,367.927442093
2025-09-07,Cattle,5,National Heavy Dairy Cow Indicator,c/kg lwt,1290.0,367.927442093
2025-09-08,Cattle,5,National Heavy Dairy Cow Indicator,c/kg lwt,1355.0,367.9427308487
2025-09-09,Cattle,5,National Heavy Dairy Cow Indicator,c/kg lwt,1260.0,366.9052383333
2025-09-10,Cattle,5,National Heavy Dairy Cow Indicator,c/kg lwt,1301.0,369.9777100692
2025-09-11,Cattle,5,National Heavy Dairy Cow Indicator,c/kg lwt,1309.0,370.2223077158
2025-09-12,Cattle,5,National Heavy Dairy Cow Indicator,c/kg lwt,1309.0,370.2223077158
2025-09-13,Cattle,5,National Heavy Dairy Cow Indicator,c/kg lwt,1309.0,370.2223077158
2025-09-14,Cattle,5,National Heavy Dairy Cow Indicator,c/kg lwt,1309.0,370.2223077158
2025-09-15,Cattle,5,National Heavy Dairy Cow Indicator,c/kg lwt,1194.0,372.8718599665
2025-09-16,Cattle,5,National Heavy Dairy Cow Indicator,c/kg lwt,1093.0,373.3901204941
2025-09-17,Cattle,5,National Heavy Dairy Cow Indicator,c/kg lwt,1090.0,376.4256889908
2025-09-18,Cattle,5,National Heavy Dairy Cow Indicator,c/kg lwt,1082.0,376.1774500924
2025-09-19,Cattle,5,National Heavy Dairy Cow Indicator,c/kg lwt,1082.0,376.1774500924
2025-09-20,Cattle,5,National Heavy Dairy Cow Indicator,c/kg lwt,1082.0,376.1774500924
2025-09-21,Cattle,5,National Heavy Dairy Cow Indicator,c/kg lwt,1082.0,376.1774500924
2025-09-22,Cattle,5,National Heavy Dairy Cow Indicator,c/kg lwt,1229.0,360.5964206672
2025-09-23,Cattle,5,National Heavy Dairy Cow Indicator,c/kg lwt,1455.0,348.1143644674
2025-09-24,Cattle,5,National Heavy Dairy Cow Indicator,c/kg lwt,1433.0,342.7476630844
2025-09-25,Cattle,5,National Heavy Dairy Cow Indicator,c/kg lwt,1433.0,342.7476630844
2025-09-26,Cattle,5,National Heavy Dairy Cow Indicator,c/kg lwt,1433.0,342.7476630844
2025-09-27,Cattle,5,National Heavy Dairy Cow Indicator,c/kg lwt,1433.0,342.7476630844
2025-09-28,Cattle,5,National Heavy Dairy Cow Indicator,c/kg lwt,1433.0,342.7476630844
2025-09-29,Cattle,5,National Heavy Dairy Cow Indicator,c/kg lwt,1297.0,352.6626069391
2025-09-30,Cattle,5,National Heavy Dairy Cow Indicator,c/kg lwt,1324.0,354.4030219033
2025-10-01,Cattle,5,National Heavy Dairy Cow Indicator,c/kg lwt,1197.0,352.6232249791
2025-10-02,Cattle,5,National Heavy Dairy Cow Indicator,c/kg lwt,1206.0,352.5290218076
2025-10-03,Cattle,5,National Heavy Dairy Cow Indicator,c/kg lwt,1206.0,352.5290218076
2025-10-04,Cattle,5,National Heavy Dairy Cow Indicator,c/kg lwt,1206.0,352.5290218076
2025-10-05,Cattle,5,National Heavy Dairy Cow Indicator,c/kg lwt,1206.0,352.5290218076
2025-10-06,Cattle,5,National Heavy Dairy Cow Indicator,c/kg lwt,1190.0,348.0411767227
2025-10-07,Cattle,5,National Heavy Dairy Cow Indicator,c/kg lwt,955.0,346.6638746597
2025-10-08,Cattle,5,National Heavy Dairy Cow Indicator,c/kg lwt,1033.0,341.4739595353
2025-10-09,Cattle,5,National Heavy Dairy Cow Indicator,c/kg lwt,1025.0,341.4854636098
2025-10-10,Cattle,5,National Heavy Dairy Cow Indicator,c/kg lwt,1025.0,341.4854636098
2025-10-11,Cattle,5,National Heavy Dairy Cow Indicator,c/kg lwt,1025.0,341.4854636098
2025-10-12,Cattle,5,National Heavy Dairy Cow Indicator,c/kg lwt,1025.0,341.4854636098
2025-10-13,Cattle,5,National Heavy Dairy Cow Indicator,c/kg lwt,1022.0,335.2275931507
2025-10-14,Cattle,5,National Heavy Dairy Cow Indicator,c/kg lwt,1025.0,319.1947319024
2025-10-15,Cattle,5,National Heavy Dairy Cow Indicator,c/kg lwt,900.0,317.59
2025-10-16,Cattle,5,National Heavy Dairy Cow Indicator,c/kg lwt,899.0,317.5650723026
2025-10-17,Cattle,5,National Heavy Dairy Cow Indicator,c/kg lwt,899.0,317.5650723026
2025-10-18,Cattle,5,National Heavy Dairy Cow Indicator,c/kg lwt,899.0,317.5650723026
2025-10-19,Cattle,5,National Heavy Dairy Cow Indicator,c/kg lwt,899.0,317.5650723026
2025-10-20,Cattle,5,National Heavy Dairy Cow Indicator,c/kg lwt,921.0,319.1346362649
2025-10-21,Cattle,5,National Heavy Dairy Cow Indicator,c/kg lwt,783.0,327.4367816092
2025-10-22,Cattle,5,National Heavy Dairy Cow Indicator,c/kg lwt,789.0,330.9226870722
2025-10-23,Cattle,5,National Heavy Dairy Cow Indicator,c/kg lwt,792.0,330.6287880051
2025-10-24,Cattle,5,National Heavy Dairy Cow Indicator,c/kg lwt,792.0,330.6287880051
2025-10-25,Cattle,5,National Heavy Dairy Cow Indicator,c/kg lwt,792.0,330.6287880051
2025-10-26,Cattle,5,National Heavy Dairy Cow Indicator,c/kg lwt,792.0,330.6287880051
2025-10-27,Cattle,5,National Heavy Dairy Cow Indicator,c/kg lwt,763.0,334.0170381389
2025-10-28,Cattle,5,National Heavy Dairy Cow Indicator,c/kg lwt,672.0,334.3110120536
2025-10-29,Cattle,5,National Heavy Dairy Cow Indicator,c/kg lwt,702.0,339.4928774929
2025-10-30,Cattle,5,National Heavy Dairy Cow Indicator,c/kg lwt,711.0,339.9549929677
2025-10-31,Cattle,5,National Heavy Dairy Cow Indicator,c/kg lwt,711.0,339.9549929677
2025-11-01,Cattle,5,National Heavy Dairy Cow Indicator,c/kg lwt,711.0,339.9549929677
2025-11-02,Cattle,5,National Heavy Dairy Cow Indicator,c/kg lwt,711.0,339.9549929677
2025-11-03,Cattle,5,National Heavy Dairy Cow Indicator,c/kg lwt,610.0,353.1049180328
2025-11-04,Cattle,5,National Heavy Dairy Cow Indicator,c/kg lwt,476.0,367.4579831933
2025-11-05,Cattle,5,National Heavy Dairy Cow Indicator,c/kg lwt,404.0,377.5420792079
2025-11-06,Cattle,5,National Heavy Dairy Cow Indicator,c/kg lwt,392.0,378.5280612245
2025-11-07,Cattle,5,National Heavy Dairy Cow Indicator,c/kg lwt,392.0,378.5280612245
2025-11-08,Cattle,5,National Heavy Dairy Cow Indicator,c/kg lwt,392.0,378.5280612245
2025-11-09,Cattle,5,National Heavy Dairy Cow Indicator,c/kg lwt,392.0,378.5280612245
2025-11-10,Cattle,5,National Heavy Dairy Cow Indicator,c/kg lwt,629.0,367.3418124006
2025-11-11,Cattle,5,National Heavy Dairy Cow Indicator,c/kg lwt,942.0,367.1433121019
2025-11-12,Cattle,5,National Heavy Dairy Cow Indicator,c/kg lwt,1056.0,367.3030304924
2025-11-13,Cattle,5,National Heavy Dairy Cow Indicator,c/kg lwt,1056.0,367.3030304924
2025-11-14,Cattle,5,National Heavy Dairy Cow Indicator,c/kg lwt,1056.0,367.3030304924
2025-11-15,Cattle,5,National Heavy Dairy Cow Indicator,c/kg lwt,1056.0,367.3030304924
2025-11-16,Cattle,5,National Heavy Dairy Cow Indicator,c/kg lwt,1056.0,367.3030304924
2025-11-17,Cattle,5,National Heavy Dairy Cow Indicator,c/kg lwt,844.0,370.89455
2025-11-18,Cattle,5,National Heavy Dairy Cow Indicator,c/kg lwt,905.0,370.4391163536
2025-11-19,Cattle,5,National Heavy Dairy Cow Indicator,c/kg lwt,897.0,367.844593311
2025-11-20,Cattle,5,National Heavy Dairy Cow Indicator,c/kg lwt,897.0,367.844593311
2025-11-21,Cattle,5,National Heavy Dairy Cow Indicator,c/kg lwt,897.0,367.844593311
2025-11-22,Cattle,5,National Heavy Dairy Cow Indicator,c/kg lwt,897.0,367.844593311
2025-11-23,Cattle,5,National Heavy Dairy Cow Indicator,c/kg lwt,897.0,367.844593311
2025-11-24,Cattle,5,National Heavy Dairy Cow Indicator,c/kg lwt,988.0,365.9631580972
2025-11-25,Cattle,5,National Heavy Dairy Cow Indicator,c/kg lwt,773.0,371.6742562743
2025-11-26,Cattle,5,National Heavy Dairy Cow Indicator,c/kg lwt,722.0,371.1274238227
2025-11-27,Cattle,5,National Heavy Dairy Cow Indicator,c/kg lwt,722.0,371.1274238227
2025-11-28,Cattle,5,National Heavy Dairy Cow Indicator,c/kg lwt,722.0,371.1274238227
2025-11-29,Cattle,5,National Heavy Dairy Cow Indicator,c/kg lwt,722.0,371.1274238227
2025-11-30,Cattle,5,National Heavy Dairy Cow Indicator,c/kg lwt,722.0,371.1274238227
2025-12-01,Cattle,5,National Heavy Dairy Cow Indicator,c/kg lwt,712.0,372.0887644663
2025-12-02,Cattle,5,National Heavy Dairy Cow Indicator,c/kg lwt,831.0,367.1229847172
2025-12-03,Cattle,5,National Heavy Dairy Cow Indicator,c/kg lwt,924.0,364.3326847403
2025-12-04,Cattle,5,National Heavy Dairy Cow Indicator,c/kg lwt,924.0,364.3326847403
2025-12-05,Cattle,5,National Heavy Dairy Cow Indicator,c/kg lwt,924.0,364.3326847403
2025-12-06,Cattle,5,National Heavy Dairy Cow Indicator,c/kg lwt,924.0,364.3326847403
2025-12-07,Cattle,5,National Heavy Dairy Cow Indicator,c/kg lwt,924.0,364.3326847403
2025-12-08,Cattle,5,National Heavy Dairy Cow Indicator,c/kg lwt,828.0,362.8106285024
2025-12-09,Cattle,5,National Heavy Dairy Cow Indicator,c/kg lwt,806.0,346.4667498759
2025-12-10,Cattle,5,National Heavy Dairy Cow Indicator,c/kg lwt,701.0,343.0393723252
2025-12-11,Cattle,5,National Heavy Dairy Cow Indicator,c/kg lwt,701.0,343.0393723252
2025-12-12,Cattle,5,National Heavy Dairy Cow Indicator,c/kg lwt,701.0,343.0393723252
2025-12-13,Cattle,5,National Heavy Dairy Cow Indicator,c/kg lwt,701.0,343.0393723252
2025-12-14,Cattle,5,National Heavy Dairy Cow Indicator,c/kg lwt,701.0,343.0393723252
2025-12-15,Cattle,5,National Heavy Dairy Cow Indicator,c/kg lwt,810.0,344.2649382716
2025-12-16,Cattle,5,National Heavy Dairy Cow Indicator,c/kg lwt,673.0,344.0395245171
2025-12-17,Cattle,5,National Heavy Dairy Cow Indicator,c/kg lwt,647.0,347.5162287481
2025-12-18,Cattle,5,National Heavy Dairy Cow Indicator,c/kg lwt,647.0,347.5162287481
2025-12-19,Cattle,5,National Heavy Dairy Cow Indicator,c/kg lwt,647.0,347.5162287481
2025-12-20,Cattle,5,National Heavy Dairy Cow Indicator,c/kg lwt,647.0,347.5162287481
2025-12-21,Cattle,5,National Heavy Dairy Cow Indicator,c/kg lwt,647.0,347.5162287481
2025-12-22,Cattle,5,National Heavy Dairy Cow Indicator,c/kg lwt,409.0,342.0464547677
2025-12-23,Cattle,5,National Heavy Dairy Cow Indicator,c/kg lwt,95.0,338.7789473684
2025-04-01,Sheep,6,National Light Lamb Indicator,c/kg cwt,23896.0,699.0235903331
2025-04-02,Sheep,6,National Light Lamb Indicator,c/kg cwt,24174.0,704.2237903988
2025-04-03,Sheep,6,National Light Lamb Indicator,c/kg cwt,23336.0,730.7161741558
2025-04-04,Sheep,6,National Light Lamb Indicator,c/kg cwt,24313.0,733.7884534858
2025-04-05,Sheep,6,National Light Lamb Indicator,c/kg cwt,24313.0,733.7884534858
2025-04-06,Sheep,6,National Light Lamb Indicator,c/kg cwt,24313.0,733.7884534858
2025-04-07,Sheep,6,National Light Lamb Indicator,c/kg cwt,27459.0,730.1207004661
2025-04-08,Sheep,6,National Light Lamb Indicator,c/kg cwt,36501.0,731.3554975754
2025-04-09,Sheep,6,National Light Lamb Indicator,c/kg cwt,35659.0,739.164670058
2025-04-10,Sheep,6,National Light Lamb Indicator,c/kg cwt,37763.0,724.248075905
2025-04-11,Sheep,6,National Light Lamb Indicator,c/kg cwt,37522.0,720.0241188689
2025-04-12,Sheep,6,National Light Lamb Indicator,c/kg cwt,37522.0,720.0241188689
2025-04-13,Sheep,6,National Light Lamb Indicator,c/kg cwt,37522.0,720.0241188689
2025-04-14,Sheep,6,National Light Lamb Indicator,c/kg cwt,34899.0,713.034226379
2025-04-15,Sheep,6,National Light Lamb Indicator,c/kg cwt,24784.0,665.6255592076
2025-04-16,Sheep,6,National Light Lamb Indicator,c/kg cwt,21372.0,657.6187955877
2025-04-17,Sheep,6,National Light Lamb Indicator,c/kg cwt,13700.0,625.5069133431
2025-04-18,Sheep,6,National Light Lamb Indicator,c/kg cwt,12704.0,627.0981379093
2025-04-19,Sheep,6,National Light Lamb Indicator,c/kg cwt,12704.0,627.0981379093
2025-04-20,Sheep,6,National Light Lamb Indicator,c/kg cwt,12704.0,627.0981379093
2025-04-21,Sheep,6,National Light Lamb Indicator,c/kg cwt,8103.0,589.0867532519
2025-04-22,Sheep,6,National Light Lamb Indicator,c/kg cwt,8035.0,705.2480505414
2025-04-23,Sheep,6,National Light Lamb Indicator,c/kg cwt,8570.0,743.6605677596
2025-04-24,Sheep,6,National Light Lamb Indicator,c/kg cwt,12387.0,755.4449855332
2025-04-25,Sheep,6,National Light Lamb Indicator,c/kg cwt,12387.0,755.4449855332
2025-04-26,Sheep,6,National Light Lamb Indicator,c/kg cwt,12387.0,755.4449855332
2025-04-27,Sheep,6,National Light Lamb Indicator,c/kg cwt,12387.0,755.4449855332
2025-04-28,Sheep,6,National Light Lamb Indicator,c/kg cwt,15872.0,763.0062593246
2025-04-29,Sheep,6,National Light Lamb Indicator,c/kg cwt,20347.0,765.2370729444
2025-04-30,Sheep,6,National Light Lamb Indicator,c/kg cwt,24443.0,772.4182255901
2025-05-01,Sheep,6,National Light Lamb Indicator,c/kg cwt,25552.0,775.7582029861
2025-05-02,Sheep,6,National Light Lamb Indicator,c/kg cwt,27106.0,775.8376344721
2025-05-03,Sheep,6,National Light Lamb Indicator,c/kg cwt,27106.0,775.8376344721
2025-05-04,Sheep,6,National Light Lamb Indicator,c/kg cwt,27106.0,775.8376344721
2025-05-05,Sheep,6,National Light Lamb Indicator,c/kg cwt,28982.0,764.9313756021
2025-05-06,Sheep,6,National Light Lamb Indicator,c/kg cwt,30301.0,758.3743243556
2025-05-07,Sheep,6,National Light Lamb Indicator,c/kg cwt,28537.0,736.6038415075
2025-05-08,Sheep,6,National Light Lamb Indicator,c/kg cwt,29778.0,726.2662584123
2025-05-09,Sheep,6,National Light Lamb Indicator,c/kg cwt,29026.0,722.9943576208
2025-05-10,Sheep,6,National Light Lamb Indicator,c/kg cwt,29026.0,722.9943576208
2025-05-11,Sheep,6,National Light Lamb Indicator,c/kg cwt,29026.0,722.9943576208
2025-05-12,Sheep,6,National Light Lamb Indicator,c/kg cwt,28580.0,723.3650160147
2025-05-13,Sheep,6,National Light Lamb Indicator,c/kg cwt,27548.0,724.272386391
2025-05-14,Sheep,6,National Light Lamb Indicator,c/kg cwt,26315.0,728.170561159
2025-05-15,Sheep,6,National Light Lamb Indicator,c/kg cwt,26217.0,738.3218397261
2025-05-16,Sheep,6,National Light Lamb Indicator,c/kg cwt,27245.0,746.3209013911
2025-05-17,Sheep,6,National Light Lamb Indicator,c/kg cwt,27245.0,746.3209013911
2025-05-18,Sheep,6,National Light Lamb Indicator,c/kg cwt,27245.0,746.3209013911
2025-05-19,Sheep,6,National Light Lamb Indicator,c/kg cwt,25249.0,749.5212956751
2025-05-20,Sheep,6,National Light Lamb Indicator,c/kg cwt,26603.0,757.934791501
2025-05-21,Sheep,6,National Light Lamb Indicator,c/kg cwt,26817.0,765.685557389
2025-05-22,Sheep,6,National Light Lamb Indicator,c/kg cwt,22710.0,768.9546583443
2025-05-23,Sheep,6,National Light Lamb Indicator,c/kg cwt,20880.0,762.4268250048
2025-05-24,Sheep,6,National Light Lamb Indicator,c/kg cwt,20880.0,762.4268250048
2025-05-25,Sheep,6,National Light Lamb Indicator,c/kg cwt,20880.0,762.4268250048
2025-05-26,Sheep,6,National Light Lamb Indicator,c/kg cwt,23182.0,778.263440044
2025-05-27,Sheep,6,National Light Lamb Indicator,c/kg cwt,20143.0,824.8803882689
2025-05-28,Sheep,6,National Light Lamb Indicator,c/kg cwt,20316.0,851.2522136789
2025-05-29,Sheep,6,National Light Lamb Indicator,c/kg cwt,23029.0,862.7278853706
2025-05-30,Sheep,6,National Light Lamb Indicator,c/kg cwt,24090.0,861.7288254961
2025-05-31,Sheep,6,National Light Lamb Indicator,c/kg cwt,24090.0,861.7288254961
2025-06-01,Sheep,6,National Light Lamb Indicator,c/kg cwt,24090.0,861.7288254961
2025-06-02,Sheep,6,National Light Lamb Indicator,c/kg cwt,23151.0,861.5994542525
2025-06-03,Sheep,6,National Light Lamb Indicator,c/kg cwt,28268.0,875.006769209
2025-06-04,Sheep,6,National Light Lamb Indicator,c/kg cwt,28485.0,880.620983816
2025-06-05,Sheep,6,National Light Lamb Indicator,c/kg cwt,28121.0,880.6535685431
2025-06-06,Sheep,6,National Light Lamb Indicator,c/kg cwt,28597.0,881.5154619925
2025-06-07,Sheep,6,National Light Lamb Indicator,c/kg cwt,28597.0,881.5154619925
2025-06-08,Sheep,6,National Light Lamb Indicator,c/kg cwt,28597.0,881.5154619925
2025-06-09,Sheep,6,National Light Lamb Indicator,c/kg cwt,24315.0,893.572381534
2025-06-10,Sheep,6,National Light Lamb Indicator,c/kg cwt,18901.0,907.7674531189
2025-06-11,Sheep,6,National Light Lamb Indicator,c/kg cwt,20635.0,923.9098077344
2025-06-12,Sheep,6,National Light Lamb Indicator,c/kg cwt,21215.0,923.8192119868
2025-06-13,Sheep,6,National Light Lamb Indicator,c/kg cwt,21009.0,928.2624594174
2025-06-14,Sheep,6,National Light Lamb Indicator,c/kg cwt,21009.0,928.2624594174
2025-06-15,Sheep,6,National Light Lamb Indicator,c/kg cwt,21009.0,928.2624594174
2025-06-16,Sheep,6,National Light Lamb Indicator,c/kg cwt,26505.0,923.1201418412
2025-06-17,Sheep,6,National Light Lamb Indicator,c/kg cwt,29197.0,911.9061341713
2025-06-18,Sheep,6,National Light Lamb Indicator,c/kg cwt,30309.0,905.2853025306
2025-06-19,Sheep,6,National Light Lamb Indicator,c/kg cwt,27106.0,919.895182004
2025-06-20,Sheep,6,National Light Lamb Indicator,c/kg cwt,27660.0,915.8825271041
2025-06-21,Sheep,6,National Light Lamb Indicator,c/kg cwt,27660.0,915.8825271041
2025-06-22,Sheep,6,National Light Lamb Indicator,c/kg cwt,27660.0,915.8825271041
2025-06-23,Sheep,6,National Light Lamb Indicator,c/kg cwt,27777.0,895.2077687331
2025-06-24,Sheep,6,National Light Lamb Indicator,c/kg cwt,27417.0,905.2100255389
2025-06-25,Sheep,6,National Light Lamb Indicator,c/kg cwt,25828.0,899.8473133228
2025-06-26,Sheep,6,National Light Lamb Indicator,c/kg cwt,29620.0,910.6933266172
2025-06-27,Sheep,6,National Light Lamb Indicator,c/kg cwt,29298.0,915.9874251246
2025-06-28,Sheep,6,National Light Lamb Indicator,c/kg cwt,29298.0,915.9874251246
2025-06-29,Sheep,6,National Light Lamb Indicator,c/kg cwt,29298.0,915.9874251246
2025-06-30,Sheep,6,National Light Lamb Indicator,c/kg cwt,28877.0,935.833842539
2025-07-01,Sheep,6,National Light Lamb Indicator,c/kg cwt,28522.0,964.3967154758
2025-07-02,Sheep,6,National Light Lamb Indicator,c/kg cwt,30003.0,983.0991683465
2025-07-03,Sheep,6,National Light Lamb Indicator,c/kg cwt,31977.0,980.0924111236
2025-07-04,Sheep,6,National Light Lamb Indicator,c/kg cwt,33086.0,978.8621077102
2025-07-05,Sheep,6,National Light Lamb Indicator,c/kg cwt,33086.0,978.8621077102
2025-07-06,Sheep,6,National Light Lamb Indicator,c/kg cwt,33086.0,978.8621077102
2025-07-07,Sheep,6,National Light Lamb Indicator,c/kg cwt,36327.0,992.868089066
2025-07-08,Sheep,6,National Light Lamb Indicator,c/kg cwt,36258.0,987.0376798913
2025-07-09,Sheep,6,National Light Lamb Indicator,c/kg cwt,36976.0,978.4633404857
2025-07-10,Sheep,6,National Light Lamb Indicator,c/kg cwt,30822.0,977.7873171923
2025-07-11,Sheep,6,National Light Lamb Indicator,c/kg cwt,30448.0,973.5744273023
2025-07-12,Sheep,6,National Light Lamb Indicator,c/kg cwt,30448.0,973.5744273023
2025-07-13,Sheep,6,National Light Lamb Indicator,c/kg cwt,30448.0,973.5744273023
2025-07-14,Sheep,6,National Light Lamb Indicator,c/kg cwt,29349.0,972.6011160005
2025-07-15,Sheep,6,National Light Lamb Indicator,c/kg cwt,27486.0,962.80336257
2025-07-16,Sheep,6,National Light Lamb Indicator,c/kg cwt,25359.0,967.1808515162
2025-07-17,Sheep,6,National Light Lamb Indicator,c/kg cwt,29208.0,973.3383922008
2025-07-18,Sheep,6,National Light Lamb Indicator,c/kg cwt,29161.0,983.9439379034
2025-07-19,Sheep,6,National Light Lamb Indicator,c/kg cwt,29161.0,983.9439379034
2025-07-20,Sheep,6,National Light Lamb Indicator,c/kg cwt,29161.0,983.9439379034
2025-07-21,Sheep,6,National Light Lamb Indicator,c/kg cwt,29676.0,970.6544862111
2025-07-22,Sheep,6,National Light Lamb Indicator,c/kg cwt,31113.0,973.3272577958
2025-07-23,Sheep,6,National Light Lamb Indicator,c/kg cwt,32005.0,974.912193851
2025-07-24,Sheep,6,National Light Lamb Indicator,c/kg cwt,31253.0,964.2112366845
2025-07-25,Sheep,6,National Light Lamb Indicator,c/kg cwt,29872.0,959.747214455
2025-07-26,Sheep,6,National Light Lamb Indicator,c/kg cwt,29872.0,959.747214455
2025-07-27,Sheep,6,National Light Lamb Indicator,c/kg cwt,29872.0,959.747214455
2025-07-28,Sheep,6,National Light Lamb Indicator,c/kg cwt,25034.0,970.1310690062
2025-07-29,Sheep,6,National Light Lamb Indicator,c/kg cwt,22074.0,973.4639787261
2025-07-30,Sheep,6,National Light Lamb Indicator,c/kg cwt,22761.0,984.0497228637
2025-07-31,Sheep,6,National Light Lamb Indicator,c/kg cwt,21041.0,991.5284218288
2025-08-01,Sheep,6,National Light Lamb Indicator,c/kg cwt,21044.0,998.0013256938
2025-08-02,Sheep,6,National Light Lamb Indicator,c/kg cwt,21044.0,998.0013256938
2025-08-03,Sheep,6,National Light Lamb Indicator,c/kg cwt,21044.0,998.0013256938
2025-08-04,Sheep,6,National Light Lamb Indicator,c/kg cwt,22888.0,1005.4968332445
2025-08-05,Sheep,6,National Light Lamb Indicator,c/kg cwt,27580.0,1026.9617497462
2025-08-06,Sheep,6,National Light Lamb Indicator,c/kg cwt,26214.0,1040.71123682
2025-08-07,Sheep,6,National Light Lamb Indicator,c/kg cwt,25149.0,1037.8335766273
2025-08-08,Sheep,6,National Light Lamb Indicator,c/kg cwt,24865.0,1035.7105041544
2025-08-09,Sheep,6,National Light Lamb Indicator,c/kg cwt,24865.0,1035.7105041544
2025-08-10,Sheep,6,National Light Lamb Indicator,c/kg cwt,24865.0,1035.7105041544
2025-08-11,Sheep,6,National Light Lamb Indicator,c/kg cwt,26018.0,1019.4546724844
2025-08-12,Sheep,6,National Light Lamb Indicator,c/kg cwt,28572.0,1006.3117917227
2025-08-13,Sheep,6,National Light Lamb Indicator,c/kg cwt,28199.0,999.3410046314
2025-08-14,Sheep,6,National Light Lamb Indicator,c/kg cwt,31653.0,999.9217870502
2025-08-15,Sheep,6,National Light Lamb Indicator,c/kg cwt,33017.0,998.9999950117
2025-08-16,Sheep,6,National Light Lamb Indicator,c/kg cwt,33017.0,998.9999950117
2025-08-17,Sheep,6,National Light Lamb Indicator,c/kg cwt,33017.0,998.9999950117
2025-08-18,Sheep,6,National Light Lamb Indicator,c/kg cwt,32685.0,995.8817902524
2025-08-19,Sheep,6,National Light Lamb Indicator,c/kg cwt,28923.0,995.3253505757
2025-08-20,Sheep,6,National Light Lamb Indicator,c/kg cwt,31432.0,960.3690532515
2025-08-21,Sheep,6,National Light Lamb Indicator,c/kg cwt,30375.0,962.6967290008
2025-08-22,Sheep,6,National Light Lamb Indicator,c/kg cwt,29699.0,962.8943311593
2025-08-23,Sheep,6,National Light Lamb Indicator,c/kg cwt,29699.0,962.8943311593
2025-08-24,Sheep,6,National Light Lamb Indicator,c/kg cwt,29699.0,962.8943311593
2025-08-25,Sheep,6,National Light Lamb Indicator,c/kg cwt,29242.0,957.1539921483
2025-08-26,Sheep,6,National Light Lamb Indicator,c/kg cwt,28643.0,948.4464342213
2025-08-27,Sheep,6,National Light Lamb Indicator,c/kg cwt,27554.0,970.4500377985
2025-08-28,Sheep,6,National Light Lamb Indicator,c/kg cwt,27622.0,969.3368677938
2025-08-29,Sheep,6,National Light Lamb Indicator,c/kg cwt,27065.0,966.1724929725
2025-08-30,Sheep,6,National Light Lamb Indicator,c/kg cwt,27065.0,966.1724929725
2025-08-31,Sheep,6,National Light Lamb Indicator,c/kg cwt,27065.0,966.1724929725
2025-09-01,Sheep,6,National Light Lamb Indicator,c/kg cwt,27665.0,986.3659053353
2025-09-02,Sheep,6,National Light Lamb Indicator,c/kg cwt,28076.0,1024.6762058912
2025-09-03,Sheep,6,National Light Lamb Indicator,c/kg cwt,27767.0,1035.3402735153
2025-09-04,Sheep,6,National Light Lamb Indicator,c/kg cwt,28430.0,1042.8317777594
2025-09-05,Sheep,6,National Light Lamb Indicator,c/kg cwt,28824.0,1038.5619173918
2025-09-06,Sheep,6,National Light Lamb Indicator,c/kg cwt,28824.0,1038.5619173918
2025-09-07,Sheep,6,National Light Lamb Indicator,c/kg cwt,28824.0,1038.5619173918
2025-09-08,Sheep,6,National Light Lamb Indicator,c/kg cwt,28261.0,1038.4198563533
2025-09-09,Sheep,6,National Light Lamb Indicator,c/kg cwt,27241.0,1019.072373951
2025-09-10,Sheep,6,National Light Lamb Indicator,c/kg cwt,27186.0,1029.2299751747
2025-09-11,Sheep,6,National Light Lamb Indicator,c/kg cwt,24593.0,1023.8956952873
2025-09-12,Sheep,6,National Light Lamb Indicator,c/kg cwt,23799.0,1028.1538292407
2025-09-13,Sheep,6,National Light Lamb Indicator,c/kg cwt,23799.0,1028.1538292407
2025-09-14,Sheep,6,National Light Lamb Indicator,c/kg cwt,23799.0,1028.1538292407
2025-09-15,Sheep,6,National Light Lamb Indicator,c/kg cwt,24732.0,1039.8031302119
2025-09-16,Sheep,6,National Light Lamb Indicator,c/kg cwt,25623.0,1076.7375303868
2025-09-17,Sheep,6,National Light Lamb Indicator,c/kg cwt,24085.0,1087.406108798
2025-09-18,Sheep,6,National Light Lamb Indicator,c/kg cwt,24724.0,1088.4251911988
2025-09-19,Sheep,6,National Light Lamb Indicator,c/kg cwt,26183.0,1093.3366170721
2025-09-20,Sheep,6,National Light Lamb Indicator,c/kg cwt,26183.0,1093.3366170721
2025-09-21,Sheep,6,National Light Lamb Indicator,c/kg cwt,26183.0,1093.3366170721
2025-09-22,Sheep,6,National Light Lamb Indicator,c/kg cwt,27167.0,1100.8253436817
2025-09-23,Sheep,6,National Light Lamb Indicator,c/kg cwt,28974.0,1077.1602902775
2025-09-24,Sheep,6,National Light Lamb Indicator,c/kg cwt,29654.0,1071.2637302118
2025-09-25,Sheep,6,National Light Lamb Indicator,c/kg cwt,30333.0,1067.9080011637
2025-09-26,Sheep,6,National Light Lamb Indicator,c/kg cwt,29478.0,1062.0150977407
2025-09-27,Sheep,6,National Light Lamb Indicator,c/kg cwt,29478.0,1062.0150977407
2025-09-28,Sheep,6,National Light Lamb Indicator,c/kg cwt,29478.0,1062.0150977407
2025-09-29,Sheep,6,National Light Lamb Indicator,c/kg cwt,26625.0,1037.3603183624
2025-09-30,Sheep,6,National Light Lamb Indicator,c/kg cwt,26591.0,1044.8953428679
2025-10-01,Sheep,6,National Light Lamb Indicator,c/kg cwt,25455.0,1047.781061206
2025-10-02,Sheep,6,National Light Lamb Indicator,c/kg cwt,24600.0,1047.2309932561
2025-10-03,Sheep,6,National Light Lamb Indicator,c/kg cwt,24646.0,1051.2153771444
2025-10-04,Sheep,6,National Light Lamb Indicator,c/kg cwt,24646.0,1051.2153771444
2025-10-05,Sheep,6,National Light Lamb Indicator,c/kg cwt,24646.0,1051.2153771444
2025-10-06,Sheep,6,National Light Lamb Indicator,c/kg cwt,21578.0,1065.8895973213
2025-10-07,Sheep,6,National Light Lamb Indicator,c/kg cwt,22951.0,1052.5748103133
2025-10-08,Sheep,6,National Light Lamb Indicator,c/kg cwt,23910.0,1062.4059568674
2025-10-09,Sheep,6,National Light Lamb Indicator,c/kg cwt,26976.0,1055.5447974199
2025-10-10,Sheep,6,National Light Lamb Indicator,c/kg cwt,27963.0,1046.6923648536
2025-10-11,Sheep,6,National Light Lamb Indicator,c/kg cwt,27963.0,1046.6923648536
2025-10-12,Sheep,6,National Light Lamb Indicator,c/kg cwt,27963.0,1046.6923648536
2025-10-13,Sheep,6,National Light Lamb Indicator,c/kg cwt,35025.0,1021.6582302041
2025-10-14,Sheep,6,National Light Lamb Indicator,c/kg cwt,38676.0,998.9174294627
2025-10-15,Sheep,6,National Light Lamb Indicator,c/kg cwt,36159.0,985.4929809176
2025-10-16,Sheep,6,National Light Lamb Indicator,c/kg cwt,35468.0,971.9840633613
2025-10-17,Sheep,6,National Light Lamb Indicator,c/kg cwt,34220.0,973.6041316365
2025-10-18,Sheep,6,National Light Lamb Indicator,c/kg cwt,34220.0,973.6041316365
2025-10-19,Sheep,6,National Light Lamb Indicator,c/kg cwt,34220.0,973.6041316365
2025-10-20,Sheep,6,National Light Lamb Indicator,c/kg cwt,30915.0,983.1791733301
2025-10-21,Sheep,6,National Light Lamb Indicator,c/kg cwt,25156.0,989.3129420099
2025-10-22,Sheep,6,National Light Lamb Indicator,c/kg cwt,26516.0,980.0045805363
2025-10-23,Sheep,6,National Light Lamb Indicator,c/kg cwt,24537.0,985.0247236785
2025-10-24,Sheep,6,National Light Lamb Indicator,c/kg cwt,24995.0,984.4885493819
2025-10-25,Sheep,6,National Light Lamb Indicator,c/kg cwt,24995.0,984.4885493819
2025-10-26,Sheep,6,National Light Lamb Indicator,c/kg cwt,24995.0,984.4885493819
2025-10-27,Sheep,6,National Light Lamb Indicator,c/kg cwt,25302.0,993.0959159434
2025-10-28,Sheep,6,National Light Lamb Indicator,c/kg cwt,23979.0,1000.8992666083
2025-10-29,Sheep,6,National Light Lamb Indicator,c/kg cwt,23312.0,1016.8808202857
2025-10-30,Sheep,6,National Light Lamb Indicator,c/kg cwt,23218.0,1027.7323613576
2025-10-31,Sheep,6,National Light Lamb Indicator,c/kg cwt,23540.0,1032.521783989
2025-11-01,Sheep,6,National Light Lamb Indicator,c/kg cwt,23540.0,1032.521783989
2025-11-02,Sheep,6,National Light Lamb Indicator,c/kg cwt,23540.0,1032.521783989
2025-11-03,Sheep,6,National Light Lamb Indicator,c/kg cwt,23885.0,1038.2192727109
2025-11-04,Sheep,6,National Light Lamb Indicator,c/kg cwt,25229.0,1048.2893814499
2025-11-05,Sheep,6,National Light Lamb Indicator,c/kg cwt,25266.0,1048.239251124
2025-11-06,Sheep,6,National Light Lamb Indicator,c/kg cwt,26047.0,1045.8048113679
2025-11-07,Sheep,6,National Light Lamb Indicator,c/kg cwt,24973.0,1043.6709336003
2025-11-08,Sheep,6,National Light Lamb Indicator,c/kg cwt,24973.0,1043.6709336003
2025-11-09,Sheep,6,National Light Lamb Indicator,c/kg cwt,24973.0,1043.6709336003
2025-11-10,Sheep,6,National Light Lamb Indicator,c/kg cwt,24625.0,1041.4002456853
2025-11-11,Sheep,6,National Light Lamb Indicator,c/kg cwt,23100.0,1035.2419192121
2025-11-12,Sheep,6,National Light Lamb Indicator,c/kg cwt,26713.0,1045.443584195
2025-11-13,Sheep,6,National Light Lamb Indicator,c/kg cwt,25667.0,1053.7042997
2025-11-14,Sheep,6,National Light Lamb Indicator,c/kg cwt,26286.0,1056.6338559423
2025-11-15,Sheep,6,National Light Lamb Indicator,c/kg cwt,26286.0,1056.6338559423
2025-11-16,Sheep,6,National Light Lamb Indicator,c/kg cwt,26286.0,1056.6338559423
2025-11-17,Sheep,6,National Light Lamb Indicator,c/kg cwt,26454.0,1075.5745232819
2025-11-18,Sheep,6,National Light Lamb Indicator,c/kg cwt,25671.0,1059.0050762534
2025-11-19,Sheep,6,National Light Lamb Indicator,c/kg cwt,25652.0,1069.495824388
2025-11-20,Sheep,6,National Light Lamb Indicator,c/kg cwt,24729.0,1070.9165770634
2025-11-21,Sheep,6,National Light Lamb Indicator,c/kg cwt,24314.0,1070.4266640495
2025-11-22,Sheep,6,National Light Lamb Indicator,c/kg cwt,24314.0,1070.4266640495
2025-11-23,Sheep,6,National Light Lamb Indicator,c/kg cwt,24314.0,1070.4266640495
2025-11-24,Sheep,6,National Light Lamb Indicator,c/kg cwt,26158.0,1050.4066537503
2025-11-25,Sheep,6,National Light Lamb Indicator,c/kg cwt,28522.0,1059.2115714747
2025-11-26,Sheep,6,National Light Lamb Indicator,c/kg cwt,29854.0,1050.717944865
2025-11-27,Sheep,6,National Light Lamb Indicator,c/kg cwt,32070.0,1046.4366288463
2025-11-28,Sheep,6,National Light Lamb Indicator,c/kg cwt,32509.0,1044.8604494786
2025-11-29,Sheep,6,National Light Lamb Indicator,c/kg cwt,32509.0,1044.8604494786
2025-11-30,Sheep,6,National Light Lamb Indicator,c/kg cwt,32509.0,1044.8604494786
2025-12-01,Sheep,6,National Light Lamb Indicator,c/kg cwt,33715.0,1043.2320721726
2025-12-02,Sheep,6,National Light Lamb Indicator,c/kg cwt,29472.0,1035.0399657098
2025-12-03,Sheep,6,National Light Lamb Indicator,c/kg cwt,29505.0,1026.8546046467
2025-12-04,Sheep,6,National Light Lamb Indicator,c/kg cwt,31160.0,1024.1211067555
2025-12-05,Sheep,6,National Light Lamb Indicator,c/kg cwt,32229.0,1027.2241933693
2025-12-06,Sheep,6,National Light Lamb Indicator,c/kg cwt,32229.0,1027.2241933693
2025-12-07,Sheep,6,National Light Lamb Indicator,c/kg cwt,32229.0,1027.2241933693
2025-12-08,Sheep,6,National Light Lamb Indicator,c/kg cwt,30907.0,1033.7903160708
2025-12-09,Sheep,6,National Light Lamb Indicator,c/kg cwt,32939.0,1033.0976257415
2025-12-10,Sheep,6,National Light Lamb Indicator,c/kg cwt,31525.0,1033.2223807201
2025-12-11,Sheep,6,National Light Lamb Indicator,c/kg cwt,32703.0,1028.1786429288
2025-12-12,Sheep,6,National Light Lamb Indicator,c/kg cwt,31309.0,1026.2102493277
2025-12-13,Sheep,6,National Light Lamb Indicator,c/kg cwt,31309.0,1026.2102493277
2025-12-14,Sheep,6,National Light Lamb Indicator,c/kg cwt,31309.0,1026.2102493277
2025-12-15,Sheep,6,National Light Lamb Indicator,c/kg cwt,29786.0,1020.6674383099
2025-12-16,Sheep,6,National Light Lamb Indicator,c/kg cwt,28746.0,1024.8282255757
2025-12-17,Sheep,6,National Light Lamb Indicator,c/kg cwt,27447.0,1042.951839906
2025-12-18,Sheep,6,National Light Lamb Indicator,c/kg cwt,22140.0,1060.4719344851
2025-12-19,Sheep,6,National Light Lamb Indicator,c/kg cwt,21407.0,1060.3904336105
2025-12-20,Sheep,6,National Light Lamb Indicator,c/kg cwt,21407.0,1060.3904336105
2025-12-21,Sheep,6,National Light Lamb Indicator,c/kg cwt,21407.0,1060.3904336105
2025-12-22,Sheep,6,National Light Lamb Indicator,c/kg cwt,15721.0,1071.2966483048
2025-12-23,Sheep,6,National Light Lamb Indicator,c/kg cwt,8502.0,1082.6787363914
2025-12-24,Sheep,6,National Light Lamb Indicator,c/kg cwt,1466.0,1075.9740299454
2025-04-01,Sheep,7,National Trade Lamb Indicator,c/kg cwt,43821.0,794.4132744438
2025-04-02,Sheep,7,National Trade Lamb Indicator,c/kg cwt,45791.0,802.9547426416
2025-04-03,Sheep,7,National Trade Lamb Indicator,c/kg cwt,46111.0,812.4170270304
2025-04-04,Sheep,7,National Trade Lamb Indicator,c/kg cwt,47824.0,811.8957948415
2025-04-05,Sheep,7,National Trade Lamb Indicator,c/kg cwt,47824.0,811.8957948415
2025-04-06,Sheep,7,National Trade Lamb Indicator,c/kg cwt,47824.0,811.8957948415
2025-04-07,Sheep,7,National Trade Lamb Indicator,c/kg cwt,53594.0,809.6151530582
2025-04-08,Sheep,7,National Trade Lamb Indicator,c/kg cwt,55899.0,806.5826576862
2025-04-09,Sheep,7,National Trade Lamb Indicator,c/kg cwt,51928.0,805.9892863696
2025-04-10,Sheep,7,National Trade Lamb Indicator,c/kg cwt,55377.0,809.7017582895
2025-04-11,Sheep,7,National Trade Lamb Indicator,c/kg cwt,54105.0,809.8635239571
2025-04-12,Sheep,7,National Trade Lamb Indicator,c/kg cwt,54105.0,809.8635239571
2025-04-13,Sheep,7,National Trade Lamb Indicator,c/kg cwt,54105.0,809.8635239571
2025-04-14,Sheep,7,National Trade Lamb Indicator,c/kg cwt,49332.0,809.8437109503
2025-04-15,Sheep,7,National Trade Lamb Indicator,c/kg cwt,39591.0,801.3461588467
2025-04-16,Sheep,7,National Trade Lamb Indicator,c/kg cwt,33475.0,811.0313529828
2025-04-17,Sheep,7,National Trade Lamb Indicator,c/kg cwt,21114.0,800.6295056455
2025-04-18,Sheep,7,National Trade Lamb Indicator,c/kg cwt,20593.0,801.009698888
2025-04-19,Sheep,7,National Trade Lamb Indicator,c/kg cwt,20593.0,801.009698888
2025-04-20,Sheep,7,National Trade Lamb Indicator,c/kg cwt,20593.0,801.009698888
2025-04-21,Sheep,7,National Trade Lamb Indicator,c/kg cwt,14693.0,806.0774811951
2025-04-22,Sheep,7,National Trade Lamb Indicator,c/kg cwt,14571.0,830.8507175348
2025-04-23,Sheep,7,National Trade Lamb Indicator,c/kg cwt,18234.0,823.3048902709
2025-04-24,Sheep,7,National Trade Lamb Indicator,c/kg cwt,27614.0,830.4561559789
2025-04-25,Sheep,7,National Trade Lamb Indicator,c/kg cwt,27614.0,830.4561559789
2025-04-26,Sheep,7,National Trade Lamb Indicator,c/kg cwt,27614.0,830.4561559789
2025-04-27,Sheep,7,National Trade Lamb Indicator,c/kg cwt,27614.0,830.4561559789
2025-04-28,Sheep,7,National Trade Lamb Indicator,c/kg cwt,35075.0,836.6918011205
2025-04-29,Sheep,7,National Trade Lamb Indicator,c/kg cwt,42482.0,840.0231880208
2025-04-30,Sheep,7,National Trade Lamb Indicator,c/kg cwt,49966.0,844.4504741804
2025-05-01,Sheep,7,National Trade Lamb Indicator,c/kg cwt,54151.0,847.4267442208
2025-05-02,Sheep,7,National Trade Lamb Indicator,c/kg cwt,55737.0,846.394026591
2025-05-03,Sheep,7,National Trade Lamb Indicator,c/kg cwt,55737.0,846.394026591
2025-05-04,Sheep,7,National Trade Lamb Indicator,c/kg cwt,55737.0,846.394026591
2025-05-05,Sheep,7,National Trade Lamb Indicator,c/kg cwt,55624.0,841.6260551147
2025-05-06,Sheep,7,National Trade Lamb Indicator,c/kg cwt,53052.0,833.05807169
2025-05-07,Sheep,7,National Trade Lamb Indicator,c/kg cwt,42193.0,830.7665013841
2025-05-08,Sheep,7,National Trade Lamb Indicator,c/kg cwt,40319.0,823.7222377589
2025-05-09,Sheep,7,National Trade Lamb Indicator,c/kg cwt,38943.0,824.0142838636
2025-05-10,Sheep,7,National Trade Lamb Indicator,c/kg cwt,38943.0,824.0142838636
2025-05-11,Sheep,7,National Trade Lamb Indicator,c/kg cwt,38943.0,824.0142838636
2025-05-12,Sheep,7,National Trade Lamb Indicator,c/kg cwt,38483.0,824.7474176104
2025-05-13,Sheep,7,National Trade Lamb Indicator,c/kg cwt,38487.0,836.6190002572
2025-05-14,Sheep,7,National Trade Lamb Indicator,c/kg cwt,42761.0,835.1235509085
2025-05-15,Sheep,7,National Trade Lamb Indicator,c/kg cwt,38066.0,837.9218529606
2025-05-16,Sheep,7,National Trade Lamb Indicator,c/kg cwt,38669.0,838.8096798624
2025-05-17,Sheep,7,National Trade Lamb Indicator,c/kg cwt,38669.0,838.8096798624
2025-05-18,Sheep,7,National Trade Lamb Indicator,c/kg cwt,38669.0,838.8096798624
2025-05-19,Sheep,7,National Trade Lamb Indicator,c/kg cwt,38999.0,844.1928578553
2025-05-20,Sheep,7,National Trade Lamb Indicator,c/kg cwt,37581.0,853.123644126
2025-05-21,Sheep,7,National Trade Lamb Indicator,c/kg cwt,36166.0,863.5324693607
2025-05-22,Sheep,7,National Trade Lamb Indicator,c/kg cwt,39082.0,875.3459301085
2025-05-23,Sheep,7,National Trade Lamb Indicator,c/kg cwt,38269.0,875.5463115995
2025-05-24,Sheep,7,National Trade Lamb Indicator,c/kg cwt,38269.0,875.5463115995
2025-05-25,Sheep,7,National Trade Lamb Indicator,c/kg cwt,38269.0,875.5463115995
2025-05-26,Sheep,7,National Trade Lamb Indicator,c/kg cwt,38040.0,894.9626177787
2025-05-27,Sheep,7,National Trade Lamb Indicator,c/kg cwt,37749.0,936.5152043869
2025-05-28,Sheep,7,National Trade Lamb Indicator,c/kg cwt,38360.0,967.0662305136
2025-05-29,Sheep,7,National Trade Lamb Indicator,c/kg cwt,37020.0,986.6556593517
2025-05-30,Sheep,7,National Trade Lamb Indicator,c/kg cwt,38043.0,984.7014050574
2025-05-31,Sheep,7,National Trade Lamb Indicator,c/kg cwt,38043.0,984.7014050574
2025-06-01,Sheep,7,National Trade Lamb Indicator,c/kg cwt,38043.0,984.7014050574
2025-06-02,Sheep,7,National Trade Lamb Indicator,c/kg cwt,38045.0,979.7443114864
2025-06-03,Sheep,7,National Trade Lamb Indicator,c/kg cwt,38101.0,977.953910732
2025-06-04,Sheep,7,National Trade Lamb Indicator,c/kg cwt,37542.0,971.2234499068
2025-06-05,Sheep,7,National Trade Lamb Indicator,c/kg cwt,33318.0,972.2377837415
2025-06-06,Sheep,7,National Trade Lamb Indicator,c/kg cwt,32618.0,974.181635649
2025-06-07,Sheep,7,National Trade Lamb Indicator,c/kg cwt,32618.0,974.181635649
2025-06-08,Sheep,7,National Trade Lamb Indicator,c/kg cwt,32618.0,974.181635649
2025-06-09,Sheep,7,National Trade Lamb Indicator,c/kg cwt,25627.0,984.6871971358
2025-06-10,Sheep,7,National Trade Lamb Indicator,c/kg cwt,23679.0,1012.2914869336
2025-06-11,Sheep,7,National Trade Lamb Indicator,c/kg cwt,23513.0,1031.5925679539
2025-06-12,Sheep,7,National Trade Lamb Indicator,c/kg cwt,24242.0,1049.2023395512
2025-06-13,Sheep,7,National Trade Lamb Indicator,c/kg cwt,24994.0,1049.3337099544
2025-06-14,Sheep,7,National Trade Lamb Indicator,c/kg cwt,24994.0,1049.3337099544
2025-06-15,Sheep,7,National Trade Lamb Indicator,c/kg cwt,24994.0,1049.3337099544
2025-06-16,Sheep,7,National Trade Lamb Indicator,c/kg cwt,33718.0,1043.3316476481
2025-06-17,Sheep,7,National Trade Lamb Indicator,c/kg cwt,37980.0,1048.4761982622
2025-06-18,Sheep,7,National Trade Lamb Indicator,c/kg cwt,42604.0,1046.5692625951
2025-06-19,Sheep,7,National Trade Lamb Indicator,c/kg cwt,44469.0,1030.4732229621
2025-06-20,Sheep,7,National Trade Lamb Indicator,c/kg cwt,44771.0,1031.2431366532
2025-06-21,Sheep,7,National Trade Lamb Indicator,c/kg cwt,44771.0,1031.2431366532
2025-06-22,Sheep,7,National Trade Lamb Indicator,c/kg cwt,44771.0,1031.2431366532
2025-06-23,Sheep,7,National Trade Lamb Indicator,c/kg cwt,41500.0,1031.2514660699
2025-06-24,Sheep,7,National Trade Lamb Indicator,c/kg cwt,35880.0,1013.6148059365
2025-06-25,Sheep,7,National Trade Lamb Indicator,c/kg cwt,31618.0,1003.9464234012
2025-06-26,Sheep,7,National Trade Lamb Indicator,c/kg cwt,30757.0,1025.7784730533
2025-06-27,Sheep,7,National Trade Lamb Indicator,c/kg cwt,29710.0,1023.9004044261
2025-06-28,Sheep,7,National Trade Lamb Indicator,c/kg cwt,29710.0,1023.9004044261
2025-06-29,Sheep,7,National Trade Lamb Indicator,c/kg cwt,29710.0,1023.9004044261
2025-06-30,Sheep,7,National Trade Lamb Indicator,c/kg cwt,29238.0,1030.2314641494
2025-07-01,Sheep,7,National Trade Lamb Indicator,c/kg cwt,31654.0,1050.8274402666
2025-07-02,Sheep,7,National Trade Lamb Indicator,c/kg cwt,32547.0,1061.4421044274
2025-07-03,Sheep,7,National Trade Lamb Indicator,c/kg cwt,32112.0,1071.3144496917
2025-07-04,Sheep,7,National Trade Lamb Indicator,c/kg cwt,32776.0,1071.0046610691
2025-07-05,Sheep,7,National Trade Lamb Indicator,c/kg cwt,32776.0,1071.0046610691
2025-07-06,Sheep,7,National Trade Lamb Indicator,c/kg cwt,32776.0,1071.0046610691
2025-07-07,Sheep,7,National Trade Lamb Indicator,c/kg cwt,35363.0,1088.5921251166
2025-07-08,Sheep,7,National Trade Lamb Indicator,c/kg cwt,35117.0,1121.1913545235
2025-07-09,Sheep,7,National Trade Lamb Indicator,c/kg cwt,34376.0,1136.9807648941
2025-07-10,Sheep,7,National Trade Lamb Indicator,c/kg cwt,34725.0,1148.0032317351
2025-07-11,Sheep,7,National Trade Lamb Indicator,c/kg cwt,34625.0,1151.0793596563
2025-07-12,Sheep,7,National Trade Lamb Indicator,c/kg cwt,34625.0,1151.0793596563
2025-07-13,Sheep,7,National Trade Lamb Indicator,c/kg cwt,34625.0,1151.0793596563
2025-07-14,Sheep,7,National Trade Lamb Indicator,c/kg cwt,33685.0,1156.7085378032
2025-07-15,Sheep,7,National Trade Lamb Indicator,c/kg cwt,34927.0,1170.6989992441
2025-07-16,Sheep,7,National Trade Lamb Indicator,c/kg cwt,34138.0,1176.8479159265
2025-07-17,Sheep,7,National Trade Lamb Indicator,c/kg cwt,37098.0,1194.0614756159
2025-07-18,Sheep,7,National Trade Lamb Indicator,c/kg cwt,36691.0,1195.1860098771
2025-07-19,Sheep,7,National Trade Lamb Indicator,c/kg cwt,36691.0,1195.1860098771
2025-07-20,Sheep,7,National Trade Lamb Indicator,c/kg cwt,36691.0,1195.1860098771
2025-07-21,Sheep,7,National Trade Lamb Indicator,c/kg cwt,41558.0,1187.5558449901
2025-07-22,Sheep,7,National Trade Lamb Indicator,c/kg cwt,45067.0,1187.7521046908
2025-07-23,Sheep,7,National Trade Lamb Indicator,c/kg cwt,44465.0,1184.9638833532
2025-07-24,Sheep,7,National Trade Lamb Indicator,c/kg cwt,46527.0,1185.2088881359
2025-07-25,Sheep,7,National Trade Lamb Indicator,c/kg cwt,46969.0,1184.3204533756
2025-07-26,Sheep,7,National Trade Lamb Indicator,c/kg cwt,46969.0,1184.3204533756
2025-07-27,Sheep,7,National Trade Lamb Indicator,c/kg cwt,46969.0,1184.3204533756
2025-07-28,Sheep,7,National Trade Lamb Indicator,c/kg cwt,43048.0,1190.1066129646
2025-07-29,Sheep,7,National Trade Lamb Indicator,c/kg cwt,37172.0,1180.8381514124
2025-07-30,Sheep,7,National Trade Lamb Indicator,c/kg cwt,36526.0,1185.0897748563
2025-07-31,Sheep,7,National Trade Lamb Indicator,c/kg cwt,31766.0,1177.666548533
2025-08-01,Sheep,7,National Trade Lamb Indicator,c/kg cwt,31823.0,1181.0817399365
2025-08-02,Sheep,7,National Trade Lamb Indicator,c/kg cwt,31823.0,1181.0817399365
2025-08-03,Sheep,7,National Trade Lamb Indicator,c/kg cwt,31823.0,1181.0817399365
2025-08-04,Sheep,7,National Trade Lamb Indicator,c/kg cwt,32242.0,1191.3976038614
2025-08-05,Sheep,7,National Trade Lamb Indicator,c/kg cwt,37168.0,1223.0232795927
2025-08-06,Sheep,7,National Trade Lamb Indicator,c/kg cwt,36687.0,1230.8850866383
2025-08-07,Sheep,7,National Trade Lamb Indicator,c/kg cwt,41804.0,1224.5695621137
2025-08-08,Sheep,7,National Trade Lamb Indicator,c/kg cwt,41569.0,1223.3928288171
2025-08-09,Sheep,7,National Trade Lamb Indicator,c/kg cwt,41569.0,1223.3928288171
2025-08-10,Sheep,7,National Trade Lamb Indicator,c/kg cwt,41569.0,1223.3928288171
2025-08-11,Sheep,7,National Trade Lamb Indicator,c/kg cwt,40362.0,1209.8023439175
2025-08-12,Sheep,7,National Trade Lamb Indicator,c/kg cwt,41013.0,1184.5440590861
2025-08-13,Sheep,7,National Trade Lamb Indicator,c/kg cwt,40000.0,1174.793541555
2025-08-14,Sheep,7,National Trade Lamb Indicator,c/kg cwt,33962.0,1163.3508475237
2025-08-15,Sheep,7,National Trade Lamb Indicator,c/kg cwt,33879.0,1162.0763178222
2025-08-16,Sheep,7,National Trade Lamb Indicator,c/kg cwt,33879.0,1162.0763178222
2025-08-17,Sheep,7,National Trade Lamb Indicator,c/kg cwt,33879.0,1162.0763178222
2025-08-18,Sheep,7,National Trade Lamb Indicator,c/kg cwt,36088.0,1157.6761505237
2025-08-19,Sheep,7,National Trade Lamb Indicator,c/kg cwt,34439.0,1142.6347619327
2025-08-20,Sheep,7,National Trade Lamb Indicator,c/kg cwt,35005.0,1138.4052511413
2025-08-21,Sheep,7,National Trade Lamb Indicator,c/kg cwt,34311.0,1133.2215149398
2025-08-22,Sheep,7,National Trade Lamb Indicator,c/kg cwt,34659.0,1131.522474731
2025-08-23,Sheep,7,National Trade Lamb Indicator,c/kg cwt,34659.0,1131.522474731
2025-08-24,Sheep,7,National Trade Lamb Indicator,c/kg cwt,34659.0,1131.522474731
2025-08-25,Sheep,7,National Trade Lamb Indicator,c/kg cwt,31826.0,1122.4427910733
2025-08-26,Sheep,7,National Trade Lamb Indicator,c/kg cwt,30091.0,1122.0997367917
2025-08-27,Sheep,7,National Trade Lamb Indicator,c/kg cwt,29907.0,1129.2801462601
2025-08-28,Sheep,7,National Trade Lamb Indicator,c/kg cwt,32205.0,1144.5399772892
2025-08-29,Sheep,7,National Trade Lamb Indicator,c/kg cwt,32578.0,1146.8367371478
2025-08-30,Sheep,7,National Trade Lamb Indicator,c/kg cwt,32578.0,1146.8367371478
2025-08-31,Sheep,7,National Trade Lamb Indicator,c/kg cwt,32578.0,1146.8367371478
2025-09-01,Sheep,7,National Trade Lamb Indicator,c/kg cwt,33955.0,1156.6973309999
2025-09-02,Sheep,7,National Trade Lamb Indicator,c/kg cwt,34769.0,1191.5184504645
2025-09-03,Sheep,7,National Trade Lamb Indicator,c/kg cwt,34047.0,1196.7826810908
2025-09-04,Sheep,7,National Trade Lamb Indicator,c/kg cwt,34078.0,1190.1223384911
2025-09-05,Sheep,7,National Trade Lamb Indicator,c/kg cwt,34527.0,1187.065804663
2025-09-06,Sheep,7,National Trade Lamb Indicator,c/kg cwt,34527.0,1187.065804663
2025-09-07,Sheep,7,National Trade Lamb Indicator,c/kg cwt,34527.0,1187.065804663
2025-09-08,Sheep,7,National Trade Lamb Indicator,c/kg cwt,35724.0,1183.0427056181
2025-09-09,Sheep,7,National Trade Lamb Indicator,c/kg cwt,38339.0,1162.2995032917
2025-09-10,Sheep,7,National Trade Lamb Indicator,c/kg cwt,37831.0,1162.8084717057
2025-09-11,Sheep,7,National Trade Lamb Indicator,c/kg cwt,34985.0,1156.4356631185
2025-09-12,Sheep,7,National Trade Lamb Indicator,c/kg cwt,33854.0,1158.9337210847
2025-09-13,Sheep,7,National Trade Lamb Indicator,c/kg cwt,33854.0,1158.9337210847
2025-09-14,Sheep,7,National Trade Lamb Indicator,c/kg cwt,33854.0,1158.9337210847
2025-09-15,Sheep,7,National Trade Lamb Indicator,c/kg cwt,34164.0,1174.6371629464
2025-09-16,Sheep,7,National Trade Lamb Indicator,c/kg cwt,31225.0,1199.352302056
2025-09-17,Sheep,7,National Trade Lamb Indicator,c/kg cwt,32312.0,1196.3779265598
2025-09-18,Sheep,7,National Trade Lamb Indicator,c/kg cwt,37022.0,1194.7235745881
2025-09-19,Sheep,7,National Trade Lamb Indicator,c/kg cwt,38517.0,1193.6588799984
2025-09-20,Sheep,7,National Trade Lamb Indicator,c/kg cwt,38517.0,1193.6588799984
2025-09-21,Sheep,7,National Trade Lamb Indicator,c/kg cwt,38517.0,1193.6588799984
2025-09-22,Sheep,7,National Trade Lamb Indicator,c/kg cwt,38449.0,1190.0296404822
2025-09-23,Sheep,7,National Trade Lamb Indicator,c/kg cwt,42618.0,1171.9737068703
2025-09-24,Sheep,7,National Trade Lamb Indicator,c/kg cwt,42278.0,1170.9181247268
2025-09-25,Sheep,7,National Trade Lamb Indicator,c/kg cwt,42165.0,1160.1836829053
2025-09-26,Sheep,7,National Trade Lamb Indicator,c/kg cwt,42729.0,1157.5271815418
2025-09-27,Sheep,7,National Trade Lamb Indicator,c/kg cwt,42729.0,1157.5271815418
2025-09-28,Sheep,7,National Trade Lamb Indicator,c/kg cwt,42729.0,1157.5271815418
2025-09-29,Sheep,7,National Trade Lamb Indicator,c/kg cwt,45414.0,1149.4788693927
2025-09-30,Sheep,7,National Trade Lamb Indicator,c/kg cwt,39053.0,1147.5612542622
2025-10-01,Sheep,7,National Trade Lamb Indicator,c/kg cwt,41178.0,1143.1402015591
2025-10-02,Sheep,7,National Trade Lamb Indicator,c/kg cwt,40678.0,1156.7483650769
2025-10-03,Sheep,7,National Trade Lamb Indicator,c/kg cwt,39402.0,1159.0261938734
2025-10-04,Sheep,7,National Trade Lamb Indicator,c/kg cwt,39402.0,1159.0261938734
2025-10-05,Sheep,7,National Trade Lamb Indicator,c/kg cwt,39402.0,1159.0261938734
2025-10-06,Sheep,7,National Trade Lamb Indicator,c/kg cwt,32909.0,1156.3393093044
2025-10-07,Sheep,7,National Trade Lamb Indicator,c/kg cwt,41091.0,1148.164901813
2025-10-08,Sheep,7,National Trade Lamb Indicator,c/kg cwt,40979.0,1150.334178406
2025-10-09,Sheep,7,National Trade Lamb Indicator,c/kg cwt,49440.0,1138.2443570651
2025-10-10,Sheep,7,National Trade Lamb Indicator,c/kg cwt,51015.0,1134.1840070019
2025-10-11,Sheep,7,National Trade Lamb Indicator,c/kg cwt,51015.0,1134.1840070019
2025-10-12,Sheep,7,National Trade Lamb Indicator,c/kg cwt,51015.0,1134.1840070019
2025-10-13,Sheep,7,National Trade Lamb Indicator,c/kg cwt,59251.0,1119.2606653947
2025-10-14,Sheep,7,National Trade Lamb Indicator,c/kg cwt,52879.0,1095.9451896329
2025-10-15,Sheep,7,National Trade Lamb Indicator,c/kg cwt,51748.0,1088.1623315974
2025-10-16,Sheep,7,National Trade Lamb Indicator,c/kg cwt,46220.0,1065.1417152834
2025-10-17,Sheep,7,National Trade Lamb Indicator,c/kg cwt,44277.0,1063.1405511372
2025-10-18,Sheep,7,National Trade Lamb Indicator,c/kg cwt,44277.0,1063.1405511372
2025-10-19,Sheep,7,National Trade Lamb Indicator,c/kg cwt,44277.0,1063.1405511372
2025-10-20,Sheep,7,National Trade Lamb Indicator,c/kg cwt,43235.0,1072.8545570394
2025-10-21,Sheep,7,National Trade Lamb Indicator,c/kg cwt,46497.0,1067.1623592791
2025-10-22,Sheep,7,National Trade Lamb Indicator,c/kg cwt,45827.0,1065.8082917167
2025-10-23,Sheep,7,National Trade Lamb Indicator,c/kg cwt,42811.0,1063.3851588961
2025-10-24,Sheep,7,National Trade Lamb Indicator,c/kg cwt,43245.0,1064.0739809157
2025-10-25,Sheep,7,National Trade Lamb Indicator,c/kg cwt,43245.0,1064.0739809157
2025-10-26,Sheep,7,National Trade Lamb Indicator,c/kg cwt,43245.0,1064.0739809157
2025-10-27,Sheep,7,National Trade Lamb Indicator,c/kg cwt,40650.0,1060.9665625953
2025-10-28,Sheep,7,National Trade Lamb Indicator,c/kg cwt,39117.0,1063.848666204
2025-10-29,Sheep,7,National Trade Lamb Indicator,c/kg cwt,42599.0,1069.7073284608
2025-10-30,Sheep,7,National Trade Lamb Indicator,c/kg cwt,43251.0,1089.0406387251
2025-10-31,Sheep,7,National Trade Lamb Indicator,c/kg cwt,42896.0,1092.2939981816
2025-11-01,Sheep,7,National Trade Lamb Indicator,c/kg cwt,42896.0,1092.2939981816
2025-11-02,Sheep,7,National Trade Lamb Indicator,c/kg cwt,42896.0,1092.2939981816
2025-11-03,Sheep,7,National Trade Lamb Indicator,c/kg cwt,42855.0,1104.5473769898
2025-11-04,Sheep,7,National Trade Lamb Indicator,c/kg cwt,44813.0,1130.9642399527
2025-11-05,Sheep,7,National Trade Lamb Indicator,c/kg cwt,46784.0,1136.0076083255
2025-11-06,Sheep,7,National Trade Lamb Indicator,c/kg cwt,54092.0,1140.1034891722
2025-11-07,Sheep,7,National Trade Lamb Indicator,c/kg cwt,54670.0,1138.9071656119
2025-11-08,Sheep,7,National Trade Lamb Indicator,c/kg cwt,54670.0,1138.9071656119
2025-11-09,Sheep,7,National Trade Lamb Indicator,c/kg cwt,54670.0,1138.9071656119
2025-11-10,Sheep,7,National Trade Lamb Indicator,c/kg cwt,53214.0,1140.6921829068
2025-11-11,Sheep,7,National Trade Lamb Indicator,c/kg cwt,57929.0,1141.6352420049
2025-11-12,Sheep,7,National Trade Lamb Indicator,c/kg cwt,62297.0,1142.194703448
2025-11-13,Sheep,7,National Trade Lamb Indicator,c/kg cwt,57889.0,1147.4925178065
2025-11-14,Sheep,7,National Trade Lamb Indicator,c/kg cwt,56948.0,1148.7327047763
2025-11-15,Sheep,7,National Trade Lamb Indicator,c/kg cwt,56948.0,1148.7327047763
2025-11-16,Sheep,7,National Trade Lamb Indicator,c/kg cwt,56948.0,1148.7327047763
2025-11-17,Sheep,7,National Trade Lamb Indicator,c/kg cwt,60102.0,1156.4524121394
2025-11-18,Sheep,7,National Trade Lamb Indicator,c/kg cwt,59427.0,1151.6652948996
2025-11-19,Sheep,7,National Trade Lamb Indicator,c/kg cwt,72730.0,1145.5118935749
2025-11-20,Sheep,7,National Trade Lamb Indicator,c/kg cwt,69942.0,1138.571729137
2025-11-21,Sheep,7,National Trade Lamb Indicator,c/kg cwt,70331.0,1139.0002089193
2025-11-22,Sheep,7,National Trade Lamb Indicator,c/kg cwt,70331.0,1139.0002089193
2025-11-23,Sheep,7,National Trade Lamb Indicator,c/kg cwt,70331.0,1139.0002089193
2025-11-24,Sheep,7,National Trade Lamb Indicator,c/kg cwt,70648.0,1129.904633514
2025-11-25,Sheep,7,National Trade Lamb Indicator,c/kg cwt,69004.0,1125.0720222567
2025-11-26,Sheep,7,National Trade Lamb Indicator,c/kg cwt,70220.0,1103.1238538379
2025-11-27,Sheep,7,National Trade Lamb Indicator,c/kg cwt,67889.0,1096.1698861141
2025-11-28,Sheep,7,National Trade Lamb Indicator,c/kg cwt,67809.0,1094.779508083
2025-11-29,Sheep,7,National Trade Lamb Indicator,c/kg cwt,67809.0,1094.779508083
2025-11-30,Sheep,7,National Trade Lamb Indicator,c/kg cwt,67809.0,1094.779508083
2025-12-01,Sheep,7,National Trade Lamb Indicator,c/kg cwt,67165.0,1085.9206237996
2025-12-02,Sheep,7,National Trade Lamb Indicator,c/kg cwt,64133.0,1078.8843891491
2025-12-03,Sheep,7,National Trade Lamb Indicator,c/kg cwt,63442.0,1074.0588399278
2025-12-04,Sheep,7,National Trade Lamb Indicator,c/kg cwt,67264.0,1074.9745433486
2025-12-05,Sheep,7,National Trade Lamb Indicator,c/kg cwt,66562.0,1074.8123132748
2025-12-06,Sheep,7,National Trade Lamb Indicator,c/kg cwt,66562.0,1074.8123132748
2025-12-07,Sheep,7,National Trade Lamb Indicator,c/kg cwt,66562.0,1074.8123132748
2025-12-08,Sheep,7,National Trade Lamb Indicator,c/kg cwt,68429.0,1074.4572553479
2025-12-09,Sheep,7,National Trade Lamb Indicator,c/kg cwt,67093.0,1073.6531442162
2025-12-10,Sheep,7,National Trade Lamb Indicator,c/kg cwt,68264.0,1073.8640186321
2025-12-11,Sheep,7,National Trade Lamb Indicator,c/kg cwt,66524.0,1070.490048148
2025-12-12,Sheep,7,National Trade Lamb Indicator,c/kg cwt,66794.0,1070.4870421565
2025-12-13,Sheep,7,National Trade Lamb Indicator,c/kg cwt,66794.0,1070.4870421565
2025-12-14,Sheep,7,National Trade Lamb Indicator,c/kg cwt,66794.0,1070.4870421565
2025-12-15,Sheep,7,National Trade Lamb Indicator,c/kg cwt,64826.0,1070.5606020439
2025-12-16,Sheep,7,National Trade Lamb Indicator,c/kg cwt,62667.0,1072.1604306238
2025-12-17,Sheep,7,National Trade Lamb Indicator,c/kg cwt,57040.0,1080.5381441567
2025-12-18,Sheep,7,National Trade Lamb Indicator,c/kg cwt,52617.0,1083.6478768934
2025-12-19,Sheep,7,National Trade Lamb Indicator,c/kg cwt,51902.0,1083.7671774248
2025-12-20,Sheep,7,National Trade Lamb Indicator,c/kg cwt,51902.0,1083.7671774248
2025-12-21,Sheep,7,National Trade Lamb Indicator,c/kg cwt,51902.0,1083.7671774248
2025-12-22,Sheep,7,National Trade Lamb Indicator,c/kg cwt,40904.0,1087.1307140964
2025-12-23,Sheep,7,National Trade Lamb Indicator,c/kg cwt,27793.0,1074.2867386068
2025-12-24,Sheep,7,National Trade Lamb Indicator,c/kg cwt,4231.0,1082.2958378634
2025-04-01,Sheep,8,National Heavy Lamb Indicator,c/kg cwt,25475.0,804.3828852679
2025-04-02,Sheep,8,National Heavy Lamb Indicator,c/kg cwt,25790.0,805.8894754323
2025-04-03,Sheep,8,National Heavy Lamb Indicator,c/kg cwt,28278.0,819.6056915694
2025-04-04,Sheep,8,National Heavy Lamb Indicator,c/kg cwt,28986.0,820.7804682122
2025-04-05,Sheep,8,National Heavy Lamb Indicator,c/kg cwt,28986.0,820.7804682122
2025-04-06,Sheep,8,National Heavy Lamb Indicator,c/kg cwt,28986.0,820.7804682122
2025-04-07,Sheep,8,National Heavy Lamb Indicator,c/kg cwt,31551.0,818.4102678172
2025-04-08,Sheep,8,National Heavy Lamb Indicator,c/kg cwt,32192.0,816.7097271154
2025-04-09,Sheep,8,National Heavy Lamb Indicator,c/kg cwt,32089.0,814.4285598772
2025-04-10,Sheep,8,National Heavy Lamb Indicator,c/kg cwt,26985.0,808.0172792329
2025-04-11,Sheep,8,National Heavy Lamb Indicator,c/kg cwt,26105.0,806.8111647462
2025-04-12,Sheep,8,National Heavy Lamb Indicator,c/kg cwt,26105.0,806.8111647462
2025-04-13,Sheep,8,National Heavy Lamb Indicator,c/kg cwt,26105.0,806.8111647462
2025-04-14,Sheep,8,National Heavy Lamb Indicator,c/kg cwt,23236.0,807.4979714495
2025-04-15,Sheep,8,National Heavy Lamb Indicator,c/kg cwt,20157.0,808.3197052041
2025-04-16,Sheep,8,National Heavy Lamb Indicator,c/kg cwt,18332.0,814.0025368154
2025-04-17,Sheep,8,National Heavy Lamb Indicator,c/kg cwt,11798.0,814.5644606035
2025-04-18,Sheep,8,National Heavy Lamb Indicator,c/kg cwt,10633.0,815.240723634
2025-04-19,Sheep,8,National Heavy Lamb Indicator,c/kg cwt,10633.0,815.240723634
2025-04-20,Sheep,8,National Heavy Lamb Indicator,c/kg cwt,10633.0,815.240723634
2025-04-21,Sheep,8,National Heavy Lamb Indicator,c/kg cwt,6934.0,819.7426674791
2025-04-22,Sheep,8,National Heavy Lamb Indicator,c/kg cwt,5227.0,828.0166831643
2025-04-23,Sheep,8,National Heavy Lamb Indicator,c/kg cwt,5763.0,825.1503752906
2025-04-24,Sheep,8,National Heavy Lamb Indicator,c/kg cwt,16207.0,842.3028992904
2025-04-25,Sheep,8,National Heavy Lamb Indicator,c/kg cwt,16207.0,842.3028992904
2025-04-26,Sheep,8,National Heavy Lamb Indicator,c/kg cwt,16207.0,842.3028992904
2025-04-27,Sheep,8,National Heavy Lamb Indicator,c/kg cwt,16207.0,842.3028992904
2025-04-28,Sheep,8,National Heavy Lamb Indicator,c/kg cwt,22336.0,849.4489125492
2025-04-29,Sheep,8,National Heavy Lamb Indicator,c/kg cwt,31903.0,845.8714605805
2025-04-30,Sheep,8,National Heavy Lamb Indicator,c/kg cwt,34387.0,846.2945998953
2025-05-01,Sheep,8,National Heavy Lamb Indicator,c/kg cwt,38848.0,847.9158871937
2025-05-02,Sheep,8,National Heavy Lamb Indicator,c/kg cwt,40567.0,848.4026677496
2025-05-03,Sheep,8,National Heavy Lamb Indicator,c/kg cwt,40567.0,848.4026677496
2025-05-04,Sheep,8,National Heavy Lamb Indicator,c/kg cwt,40567.0,848.4026677496
2025-05-05,Sheep,8,National Heavy Lamb Indicator,c/kg cwt,40187.0,844.8372885635
2025-05-06,Sheep,8,National Heavy Lamb Indicator,c/kg cwt,36490.0,845.9537711948
2025-05-07,Sheep,8,National Heavy Lamb Indicator,c/kg cwt,33222.0,848.2285784029
2025-05-08,Sheep,8,National Heavy Lamb Indicator,c/kg cwt,29693.0,850.1375219479
2025-05-09,Sheep,8,National Heavy Lamb Indicator,c/kg cwt,29581.0,849.1084764849
2025-05-10,Sheep,8,National Heavy Lamb Indicator,c/kg cwt,29581.0,849.1084764849
2025-05-11,Sheep,8,National Heavy Lamb Indicator,c/kg cwt,29581.0,849.1084764849
2025-05-12,Sheep,8,National Heavy Lamb Indicator,c/kg cwt,27659.0,852.4961555696
2025-05-13,Sheep,8,National Heavy Lamb Indicator,c/kg cwt,27862.0,851.1821750736
2025-05-14,Sheep,8,National Heavy Lamb Indicator,c/kg cwt,28638.0,850.2261168797
2025-05-15,Sheep,8,National Heavy Lamb Indicator,c/kg cwt,27813.0,854.8700148204
2025-05-16,Sheep,8,National Heavy Lamb Indicator,c/kg cwt,27191.0,857.8371418447
2025-05-17,Sheep,8,National Heavy Lamb Indicator,c/kg cwt,27191.0,857.8371418447
2025-05-18,Sheep,8,National Heavy Lamb Indicator,c/kg cwt,27191.0,857.8371418447
2025-05-19,Sheep,8,National Heavy Lamb Indicator,c/kg cwt,29090.0,858.4589021279
2025-05-20,Sheep,8,National Heavy Lamb Indicator,c/kg cwt,31173.0,875.9373227665
2025-05-21,Sheep,8,National Heavy Lamb Indicator,c/kg cwt,32134.0,879.8132557727
2025-05-22,Sheep,8,National Heavy Lamb Indicator,c/kg cwt,30483.0,902.2023236821
2025-05-23,Sheep,8,National Heavy Lamb Indicator,c/kg cwt,29598.0,902.0998371005
2025-05-24,Sheep,8,National Heavy Lamb Indicator,c/kg cwt,29598.0,902.0998371005
2025-05-25,Sheep,8,National Heavy Lamb Indicator,c/kg cwt,29598.0,902.0998371005
2025-05-26,Sheep,8,National Heavy Lamb Indicator,c/kg cwt,29430.0,929.0336105539
2025-05-27,Sheep,8,National Heavy Lamb Indicator,c/kg cwt,24826.0,982.0353268469
2025-05-28,Sheep,8,National Heavy Lamb Indicator,c/kg cwt,25847.0,996.0991051495
2025-05-29,Sheep,8,National Heavy Lamb Indicator,c/kg cwt,24425.0,1004.5729480532
2025-05-30,Sheep,8,National Heavy Lamb Indicator,c/kg cwt,26704.0,1002.8789333733
2025-05-31,Sheep,8,National Heavy Lamb Indicator,c/kg cwt,26704.0,1002.8789333733
2025-06-01,Sheep,8,National Heavy Lamb Indicator,c/kg cwt,26704.0,1002.8789333733
2025-06-02,Sheep,8,National Heavy Lamb Indicator,c/kg cwt,27502.0,989.918790048
2025-06-03,Sheep,8,National Heavy Lamb Indicator,c/kg cwt,31190.0,978.4880393235
2025-06-04,Sheep,8,National Heavy Lamb Indicator,c/kg cwt,28977.0,973.9534912586
2025-06-05,Sheep,8,National Heavy Lamb Indicator,c/kg cwt,27338.0,972.8696272075
2025-06-06,Sheep,8,National Heavy Lamb Indicator,c/kg cwt,25647.0,973.1106537373
2025-06-07,Sheep,8,National Heavy Lamb Indicator,c/kg cwt,25647.0,973.1106537373
2025-06-08,Sheep,8,National Heavy Lamb Indicator,c/kg cwt,25647.0,973.1106537373
2025-06-09,Sheep,8,National Heavy Lamb Indicator,c/kg cwt,19291.0,980.1019776787
2025-06-10,Sheep,8,National Heavy Lamb Indicator,c/kg cwt,18021.0,995.0151622884
2025-06-11,Sheep,8,National Heavy Lamb Indicator,c/kg cwt,19681.0,1007.5781791017
2025-06-12,Sheep,8,National Heavy Lamb Indicator,c/kg cwt,20297.0,1041.2485799626
2025-06-13,Sheep,8,National Heavy Lamb Indicator,c/kg cwt,22069.0,1047.350669319
2025-06-14,Sheep,8,National Heavy Lamb Indicator,c/kg cwt,22069.0,1047.350669319
2025-06-15,Sheep,8,National Heavy Lamb Indicator,c/kg cwt,22069.0,1047.350669319
2025-06-16,Sheep,8,National Heavy Lamb Indicator,c/kg cwt,32275.0,1049.1544388908
2025-06-17,Sheep,8,National Heavy Lamb Indicator,c/kg cwt,36158.0,1070.5648312213
2025-06-18,Sheep,8,National Heavy Lamb Indicator,c/kg cwt,36298.0,1070.5543707808
2025-06-19,Sheep,8,National Heavy Lamb Indicator,c/kg cwt,47050.0,1061.2405822402
2025-06-20,Sheep,8,National Heavy Lamb Indicator,c/kg cwt,45754.0,1059.7589149517
2025-06-21,Sheep,8,National Heavy Lamb Indicator,c/kg cwt,45754.0,1059.7589149517
2025-06-22,Sheep,8,National Heavy Lamb Indicator,c/kg cwt,45754.0,1059.7589149517
2025-06-23,Sheep,8,National Heavy Lamb Indicator,c/kg cwt,41408.0,1056.5476570131
2025-06-24,Sheep,8,National Heavy Lamb Indicator,c/kg cwt,36678.0,1041.0207597143
2025-06-25,Sheep,8,National Heavy Lamb Indicator,c/kg cwt,36188.0,1037.265709669
2025-06-26,Sheep,8,National Heavy Lamb Indicator,c/kg cwt,23397.0,1030.080163038
2025-06-27,Sheep,8,National Heavy Lamb Indicator,c/kg cwt,23475.0,1030.5876269819
2025-06-28,Sheep,8,National Heavy Lamb Indicator,c/kg cwt,23475.0,1030.5876269819
2025-06-29,Sheep,8,National Heavy Lamb Indicator,c/kg cwt,23475.0,1030.5876269819
2025-06-30,Sheep,8,National Heavy Lamb Indicator,c/kg cwt,21730.0,1041.2870945789
2025-07-01,Sheep,8,National Heavy Lamb Indicator,c/kg cwt,22696.0,1063.6128341999
2025-07-02,Sheep,8,National Heavy Lamb Indicator,c/kg cwt,21755.0,1073.6325438888
2025-07-03,Sheep,8,National Heavy Lamb Indicator,c/kg cwt,21932.0,1097.1629901924
2025-07-04,Sheep,8,National Heavy Lamb Indicator,c/kg cwt,21588.0,1098.075616083
2025-07-05,Sheep,8,National Heavy Lamb Indicator,c/kg cwt,21588.0,1098.075616083
2025-07-06,Sheep,8,National Heavy Lamb Indicator,c/kg cwt,21588.0,1098.075616083
2025-07-07,Sheep,8,National Heavy Lamb Indicator,c/kg cwt,23780.0,1110.5144162069
2025-07-08,Sheep,8,National Heavy Lamb Indicator,c/kg cwt,21642.0,1124.9140601331
2025-07-09,Sheep,8,National Heavy Lamb Indicator,c/kg cwt,21518.0,1125.862819802
2025-07-10,Sheep,8,National Heavy Lamb Indicator,c/kg cwt,20083.0,1134.5875532191
2025-07-11,Sheep,8,National Heavy Lamb Indicator,c/kg cwt,20312.0,1139.2090672509
2025-07-12,Sheep,8,National Heavy Lamb Indicator,c/kg cwt,20312.0,1139.2090672509
2025-07-13,Sheep,8,National Heavy Lamb Indicator,c/kg cwt,20312.0,1139.2090672509
2025-07-14,Sheep,8,National Heavy Lamb Indicator,c/kg cwt,21808.0,1144.0964525862
2025-07-15,Sheep,8,National Heavy Lamb Indicator,c/kg cwt,22790.0,1155.1761658842
2025-07-16,Sheep,8,National Heavy Lamb Indicator,c/kg cwt,22554.0,1159.1637016804
2025-07-17,Sheep,8,National Heavy Lamb Indicator,c/kg cwt,22511.0,1159.8467521701
2025-07-18,Sheep,8,National Heavy Lamb Indicator,c/kg cwt,23057.0,1159.7426669471
2025-07-19,Sheep,8,National Heavy Lamb Indicator,c/kg cwt,23057.0,1159.7426669471
2025-07-20,Sheep,8,National Heavy Lamb Indicator,c/kg cwt,23057.0,1159.7426669471
2025-07-21,Sheep,8,National Heavy Lamb Indicator,c/kg cwt,20615.0,1169.0950622217
2025-07-22,Sheep,8,National Heavy Lamb Indicator,c/kg cwt,18538.0,1172.9871027997
2025-07-23,Sheep,8,National Heavy Lamb Indicator,c/kg cwt,18439.0,1171.0537449916
2025-07-24,Sheep,8,National Heavy Lamb Indicator,c/kg cwt,19160.0,1174.6690226514
2025-07-25,Sheep,8,National Heavy Lamb Indicator,c/kg cwt,18470.0,1175.6579419383
2025-07-26,Sheep,8,National Heavy Lamb Indicator,c/kg cwt,18470.0,1175.6579419383
2025-07-27,Sheep,8,National Heavy Lamb Indicator,c/kg cwt,18470.0,1175.6579419383
2025-07-28,Sheep,8,National Heavy Lamb Indicator,c/kg cwt,18501.0,1175.5326696935
2025-07-29,Sheep,8,National Heavy Lamb Indicator,c/kg cwt,19583.0,1181.1367045294
2025-07-30,Sheep,8,National Heavy Lamb Indicator,c/kg cwt,19132.0,1181.6403886316
2025-07-31,Sheep,8,National Heavy Lamb Indicator,c/kg cwt,17798.0,1178.9000280537
2025-08-01,Sheep,8,National Heavy Lamb Indicator,c/kg cwt,17938.0,1182.0098801817
2025-08-02,Sheep,8,National Heavy Lamb Indicator,c/kg cwt,17938.0,1182.0098801817
2025-08-03,Sheep,8,National Heavy Lamb Indicator,c/kg cwt,17938.0,1182.0098801817
2025-08-04,Sheep,8,National Heavy Lamb Indicator,c/kg cwt,18162.0,1197.8811205264
2025-08-05,Sheep,8,National Heavy Lamb Indicator,c/kg cwt,18781.0,1236.4391476492
2025-08-06,Sheep,8,National Heavy Lamb Indicator,c/kg cwt,21323.0,1240.3390888102
2025-08-07,Sheep,8,National Heavy Lamb Indicator,c/kg cwt,21261.0,1246.4972733456
2025-08-08,Sheep,8,National Heavy Lamb Indicator,c/kg cwt,20770.0,1245.9433379827
2025-08-09,Sheep,8,National Heavy Lamb Indicator,c/kg cwt,20770.0,1245.9433379827
2025-08-10,Sheep,8,National Heavy Lamb Indicator,c/kg cwt,20770.0,1245.9433379827
2025-08-11,Sheep,8,National Heavy Lamb Indicator,c/kg cwt,21024.0,1227.104499629
2025-08-12,Sheep,8,National Heavy Lamb Indicator,c/kg cwt,19141.0,1194.9695120109
2025-08-13,Sheep,8,National Heavy Lamb Indicator,c/kg cwt,17119.0,1178.5263721304
2025-08-14,Sheep,8,National Heavy Lamb Indicator,c/kg cwt,17738.0,1176.8120173864
2025-08-15,Sheep,8,National Heavy Lamb Indicator,c/kg cwt,18217.0,1179.0373614591
2025-08-16,Sheep,8,National Heavy Lamb Indicator,c/kg cwt,18217.0,1179.0373614591
2025-08-17,Sheep,8,National Heavy Lamb Indicator,c/kg cwt,18217.0,1179.0373614591
2025-08-18,Sheep,8,National Heavy Lamb Indicator,c/kg cwt,16585.0,1175.9910999035
2025-08-19,Sheep,8,National Heavy Lamb Indicator,c/kg cwt,13970.0,1169.4257871081
2025-08-20,Sheep,8,National Heavy Lamb Indicator,c/kg cwt,13275.0,1172.7896480753
2025-08-21,Sheep,8,National Heavy Lamb Indicator,c/kg cwt,13867.0,1161.8097184395
2025-08-22,Sheep,8,National Heavy Lamb Indicator,c/kg cwt,13372.0,1156.1111880123
2025-08-23,Sheep,8,National Heavy Lamb Indicator,c/kg cwt,13372.0,1156.1111880123
2025-08-24,Sheep,8,National Heavy Lamb Indicator,c/kg cwt,13372.0,1156.1111880123
2025-08-25,Sheep,8,National Heavy Lamb Indicator,c/kg cwt,13294.0,1135.6499098315
2025-08-26,Sheep,8,National Heavy Lamb Indicator,c/kg cwt,13787.0,1135.3400208747
2025-08-27,Sheep,8,National Heavy Lamb Indicator,c/kg cwt,14240.0,1137.3985779916
2025-08-28,Sheep,8,National Heavy Lamb Indicator,c/kg cwt,12097.0,1131.0633912044
2025-08-29,Sheep,8,National Heavy Lamb Indicator,c/kg cwt,12088.0,1130.1906599272
2025-08-30,Sheep,8,National Heavy Lamb Indicator,c/kg cwt,12088.0,1130.1906599272
2025-08-31,Sheep,8,National Heavy Lamb Indicator,c/kg cwt,12088.0,1130.1906599272
2025-09-01,Sheep,8,National Heavy Lamb Indicator,c/kg cwt,12913.0,1151.0965407884
2025-09-02,Sheep,8,National Heavy Lamb Indicator,c/kg cwt,12679.0,1155.6901658017
2025-09-03,Sheep,8,National Heavy Lamb Indicator,c/kg cwt,12220.0,1158.8711730278
2025-09-04,Sheep,8,National Heavy Lamb Indicator,c/kg cwt,12998.0,1159.2266640406
2025-09-05,Sheep,8,National Heavy Lamb Indicator,c/kg cwt,13829.0,1157.3924022778
2025-09-06,Sheep,8,National Heavy Lamb Indicator,c/kg cwt,13829.0,1157.3924022778
2025-09-07,Sheep,8,National Heavy Lamb Indicator,c/kg cwt,13829.0,1157.3924022778
2025-09-08,Sheep,8,National Heavy Lamb Indicator,c/kg cwt,15022.0,1158.59086593
2025-09-09,Sheep,8,National Heavy Lamb Indicator,c/kg cwt,15716.0,1166.6073413909
2025-09-10,Sheep,8,National Heavy Lamb Indicator,c/kg cwt,15416.0,1166.6897589647
2025-09-11,Sheep,8,National Heavy Lamb Indicator,c/kg cwt,14808.0,1156.1807525122
2025-09-12,Sheep,8,National Heavy Lamb Indicator,c/kg cwt,13806.0,1155.9779693394
2025-09-13,Sheep,8,National Heavy Lamb Indicator,c/kg cwt,13806.0,1155.9779693394
2025-09-14,Sheep,8,National Heavy Lamb Indicator,c/kg cwt,13806.0,1155.9779693394
2025-09-15,Sheep,8,National Heavy Lamb Indicator,c/kg cwt,11841.0,1176.2464056752
2025-09-16,Sheep,8,National Heavy Lamb Indicator,c/kg cwt,10036.0,1174.7039567557
2025-09-17,Sheep,8,National Heavy Lamb Indicator,c/kg cwt,10179.0,1174.1818059043
2025-09-18,Sheep,8,National Heavy Lamb Indicator,c/kg cwt,11782.0,1187.9250988627
2025-09-19,Sheep,8,National Heavy Lamb Indicator,c/kg cwt,12166.0,1189.6744112691
2025-09-20,Sheep,8,National Heavy Lamb Indicator,c/kg cwt,12166.0,1189.6744112691
2025-09-21,Sheep,8,National Heavy Lamb Indicator,c/kg cwt,12166.0,1189.6744112691
2025-09-22,Sheep,8,National Heavy Lamb Indicator,c/kg cwt,12272.0,1171.4913568041
2025-09-23,Sheep,8,National Heavy Lamb Indicator,c/kg cwt,12373.0,1162.5393596218
2025-09-24,Sheep,8,National Heavy Lamb Indicator,c/kg cwt,12366.0,1159.4925296862
2025-09-25,Sheep,8,National Heavy Lamb Indicator,c/kg cwt,11652.0,1142.1870006093
2025-09-26,Sheep,8,National Heavy Lamb Indicator,c/kg cwt,11321.0,1139.7042095751
2025-09-27,Sheep,8,National Heavy Lamb Indicator,c/kg cwt,11321.0,1139.7042095751
2025-09-28,Sheep,8,National Heavy Lamb Indicator,c/kg cwt,11321.0,1139.7042095751
2025-09-29,Sheep,8,National Heavy Lamb Indicator,c/kg cwt,11591.0,1126.1270996204
2025-09-30,Sheep,8,National Heavy Lamb Indicator,c/kg cwt,9722.0,1125.4184930261
2025-10-01,Sheep,8,National Heavy Lamb Indicator,c/kg cwt,9729.0,1123.7911650324
2025-10-02,Sheep,8,National Heavy Lamb Indicator,c/kg cwt,10942.0,1121.2468009139
2025-10-03,Sheep,8,National Heavy Lamb Indicator,c/kg cwt,11046.0,1120.5789791689
2025-10-04,Sheep,8,National Heavy Lamb Indicator,c/kg cwt,11046.0,1120.5789791689
2025-10-05,Sheep,8,National Heavy Lamb Indicator,c/kg cwt,11046.0,1120.5789791689
2025-10-06,Sheep,8,National Heavy Lamb Indicator,c/kg cwt,8656.0,1131.7968936114
2025-10-07,Sheep,8,National Heavy Lamb Indicator,c/kg cwt,12321.0,1126.6025737846
2025-10-08,Sheep,8,National Heavy Lamb Indicator,c/kg cwt,12271.0,1125.2773781925
2025-10-09,Sheep,8,National Heavy Lamb Indicator,c/kg cwt,11114.0,1122.4802879701
2025-10-10,Sheep,8,National Heavy Lamb Indicator,c/kg cwt,13937.0,1110.9702661261
2025-10-11,Sheep,8,National Heavy Lamb Indicator,c/kg cwt,13937.0,1110.9702661261
2025-10-12,Sheep,8,National Heavy Lamb Indicator,c/kg cwt,13937.0,1110.9702661261
2025-10-13,Sheep,8,National Heavy Lamb Indicator,c/kg cwt,15254.0,1091.8419882982
2025-10-14,Sheep,8,National Heavy Lamb Indicator,c/kg cwt,12610.0,1074.2073863521
2025-10-15,Sheep,8,National Heavy Lamb Indicator,c/kg cwt,12957.0,1069.2458486301
2025-10-16,Sheep,8,National Heavy Lamb Indicator,c/kg cwt,13939.0,1056.3679129493
2025-10-17,Sheep,8,National Heavy Lamb Indicator,c/kg cwt,11028.0,1052.0226860537
2025-10-18,Sheep,8,National Heavy Lamb Indicator,c/kg cwt,11028.0,1052.0226860537
2025-10-19,Sheep,8,National Heavy Lamb Indicator,c/kg cwt,11028.0,1052.0226860537
2025-10-20,Sheep,8,National Heavy Lamb Indicator,c/kg cwt,10997.0,1061.3725149041
2025-10-21,Sheep,8,National Heavy Lamb Indicator,c/kg cwt,12398.0,1060.3966781658
2025-10-22,Sheep,8,National Heavy Lamb Indicator,c/kg cwt,12530.0,1060.2462532083
2025-10-23,Sheep,8,National Heavy Lamb Indicator,c/kg cwt,12396.0,1054.1148212649
2025-10-24,Sheep,8,National Heavy Lamb Indicator,c/kg cwt,12706.0,1053.4389994648
2025-10-25,Sheep,8,National Heavy Lamb Indicator,c/kg cwt,12706.0,1053.4389994648
2025-10-26,Sheep,8,National Heavy Lamb Indicator,c/kg cwt,12706.0,1053.4389994648
2025-10-27,Sheep,8,National Heavy Lamb Indicator,c/kg cwt,11544.0,1052.1768472886
2025-10-28,Sheep,8,National Heavy Lamb Indicator,c/kg cwt,12770.0,1056.6188413782
2025-10-29,Sheep,8,National Heavy Lamb Indicator,c/kg cwt,14387.0,1066.9996027803
2025-10-30,Sheep,8,National Heavy Lamb Indicator,c/kg cwt,14406.0,1109.5194173955
2025-10-31,Sheep,8,National Heavy Lamb Indicator,c/kg cwt,14615.0,1115.9725995758
2025-11-01,Sheep,8,National Heavy Lamb Indicator,c/kg cwt,14615.0,1115.9725995758
2025-11-02,Sheep,8,National Heavy Lamb Indicator,c/kg cwt,14615.0,1115.9725995758
2025-11-03,Sheep,8,National Heavy Lamb Indicator,c/kg cwt,15936.0,1132.3712703878
2025-11-04,Sheep,8,National Heavy Lamb Indicator,c/kg cwt,17570.0,1151.0648443597
2025-11-05,Sheep,8,National Heavy Lamb Indicator,c/kg cwt,17318.0,1150.5648285599
2025-11-06,Sheep,8,National Heavy Lamb Indicator,c/kg cwt,18817.0,1140.1229312802
2025-11-07,Sheep,8,National Heavy Lamb Indicator,c/kg cwt,18143.0,1138.666199989
2025-11-08,Sheep,8,National Heavy Lamb Indicator,c/kg cwt,18143.0,1138.666199989
2025-11-09,Sheep,8,National Heavy Lamb Indicator,c/kg cwt,18143.0,1138.666199989
2025-11-10,Sheep,8,National Heavy Lamb Indicator,c/kg cwt,19510.0,1136.6157692517
2025-11-11,Sheep,8,National Heavy Lamb Indicator,c/kg cwt,18309.0,1142.8359925774
2025-11-12,Sheep,8,National Heavy Lamb Indicator,c/kg cwt,21477.0,1145.3542959724
2025-11-13,Sheep,8,National Heavy Lamb Indicator,c/kg cwt,20840.0,1157.8737352639
2025-11-14,Sheep,8,National Heavy Lamb Indicator,c/kg cwt,20921.0,1158.605363171
2025-11-15,Sheep,8,National Heavy Lamb Indicator,c/kg cwt,20921.0,1158.605363171
2025-11-16,Sheep,8,National Heavy Lamb Indicator,c/kg cwt,20921.0,1158.605363171
2025-11-17,Sheep,8,National Heavy Lamb Indicator,c/kg cwt,19152.0,1166.0881102809
2025-11-18,Sheep,8,National Heavy Lamb Indicator,c/kg cwt,23150.0,1166.3832491533
2025-11-19,Sheep,8,National Heavy Lamb Indicator,c/kg cwt,25083.0,1166.654463569
2025-11-20,Sheep,8,National Heavy Lamb Indicator,c/kg cwt,22218.0,1159.5064995589
2025-11-21,Sheep,8,National Heavy Lamb Indicator,c/kg cwt,22189.0,1158.1045102844
2025-11-22,Sheep,8,National Heavy Lamb Indicator,c/kg cwt,22189.0,1158.1045102844
2025-11-23,Sheep,8,National Heavy Lamb Indicator,c/kg cwt,22189.0,1158.1045102844
2025-11-24,Sheep,8,National Heavy Lamb Indicator,c/kg cwt,22913.0,1149.7831883385
2025-11-25,Sheep,8,National Heavy Lamb Indicator,c/kg cwt,19018.0,1142.8209509833
2025-11-26,Sheep,8,National Heavy Lamb Indicator,c/kg cwt,19339.0,1114.041406262
2025-11-27,Sheep,8,National Heavy Lamb Indicator,c/kg cwt,20038.0,1107.8940196127
2025-11-28,Sheep,8,National Heavy Lamb Indicator,c/kg cwt,20191.0,1107.5164963944
2025-11-29,Sheep,8,National Heavy Lamb Indicator,c/kg cwt,20191.0,1107.5164963944
2025-11-30,Sheep,8,National Heavy Lamb Indicator,c/kg cwt,20191.0,1107.5164963944
2025-12-01,Sheep,8,National Heavy Lamb Indicator,c/kg cwt,20451.0,1095.3004269718
2025-12-02,Sheep,8,National Heavy Lamb Indicator,c/kg cwt,21105.0,1087.8392763753
2025-12-03,Sheep,8,National Heavy Lamb Indicator,c/kg cwt,24555.0,1085.128856795
2025-12-04,Sheep,8,National Heavy Lamb Indicator,c/kg cwt,24532.0,1082.0244376732
2025-12-05,Sheep,8,National Heavy Lamb Indicator,c/kg cwt,24056.0,1082.0695876206
2025-12-06,Sheep,8,National Heavy Lamb Indicator,c/kg cwt,24056.0,1082.0695876206
2025-12-07,Sheep,8,National Heavy Lamb Indicator,c/kg cwt,24056.0,1082.0695876206
2025-12-08,Sheep,8,National Heavy Lamb Indicator,c/kg cwt,23491.0,1083.06320782
2025-12-09,Sheep,8,National Heavy Lamb Indicator,c/kg cwt,22523.0,1080.6664891533
2025-12-10,Sheep,8,National Heavy Lamb Indicator,c/kg cwt,22630.0,1074.4411663102
2025-12-11,Sheep,8,National Heavy Lamb Indicator,c/kg cwt,24222.0,1075.1227158327
2025-12-12,Sheep,8,National Heavy Lamb Indicator,c/kg cwt,24378.0,1075.3358390557
2025-12-13,Sheep,8,National Heavy Lamb Indicator,c/kg cwt,24378.0,1075.3358390557
2025-12-14,Sheep,8,National Heavy Lamb Indicator,c/kg cwt,24378.0,1075.3358390557
2025-12-15,Sheep,8,National Heavy Lamb Indicator,c/kg cwt,24700.0,1071.8204681377
2025-12-16,Sheep,8,National Heavy Lamb Indicator,c/kg cwt,23376.0,1076.1352357247
2025-12-17,Sheep,8,National Heavy Lamb Indicator,c/kg cwt,19979.0,1085.8521831623
2025-12-18,Sheep,8,National Heavy Lamb Indicator,c/kg cwt,18156.0,1086.5388040703
2025-12-19,Sheep,8,National Heavy Lamb Indicator,c/kg cwt,17921.0,1086.5828096535
2025-12-20,Sheep,8,National Heavy Lamb Indicator,c/kg cwt,17921.0,1086.5828096535
2025-12-21,Sheep,8,National Heavy Lamb Indicator,c/kg cwt,17921.0,1086.5828096535
2025-12-22,Sheep,8,National Heavy Lamb Indicator,c/kg cwt,13938.0,1093.1867052231
2025-12-23,Sheep,8,National Heavy Lamb Indicator,c/kg cwt,9995.0,1070.3409323762
2025-12-24,Sheep,8,National Heavy Lamb Indicator,c/kg cwt,1932.0,1075.1603799172
2025-04-01,Sheep,9,National Merino Lamb Indicator,c/kg cwt,13675.0,688.1698086508
2025-04-02,Sheep,9,National Merino Lamb Indicator,c/kg cwt,14170.0,668.9403541849
2025-04-03,Sheep,9,National Merino Lamb Indicator,c/kg cwt,18443.0,679.5546506859
2025-04-04,Sheep,9,National Merino Lamb Indicator,c/kg cwt,19150.0,684.5478342193
2025-04-05,Sheep,9,National Merino Lamb Indicator,c/kg cwt,19150.0,684.5478342193
2025-04-06,Sheep,9,National Merino Lamb Indicator,c/kg cwt,19150.0,684.5478342193
2025-04-07,Sheep,9,National Merino Lamb Indicator,c/kg cwt,21668.0,685.9300234724
2025-04-08,Sheep,9,National Merino Lamb Indicator,c/kg cwt,24666.0,675.1974764331
2025-04-09,Sheep,9,National Merino Lamb Indicator,c/kg cwt,25709.0,687.2416249874
2025-04-10,Sheep,9,National Merino Lamb Indicator,c/kg cwt,22249.0,679.9947661558
2025-04-11,Sheep,9,National Merino Lamb Indicator,c/kg cwt,22720.0,674.6718322667
2025-04-12,Sheep,9,National Merino Lamb Indicator,c/kg cwt,22720.0,674.6718322667
2025-04-13,Sheep,9,National Merino Lamb Indicator,c/kg cwt,22720.0,674.6718322667
2025-04-14,Sheep,9,National Merino Lamb Indicator,c/kg cwt,21544.0,661.324138549
2025-04-15,Sheep,9,National Merino Lamb Indicator,c/kg cwt,18884.0,628.8044344101
2025-04-16,Sheep,9,National Merino Lamb Indicator,c/kg cwt,16578.0,623.6280326035
2025-04-17,Sheep,9,National Merino Lamb Indicator,c/kg cwt,11080.0,598.0312558664
2025-04-18,Sheep,9,National Merino Lamb Indicator,c/kg cwt,9458.0,588.9259699196
2025-04-19,Sheep,9,National Merino Lamb Indicator,c/kg cwt,9458.0,588.9259699196
2025-04-20,Sheep,9,National Merino Lamb Indicator,c/kg cwt,9458.0,588.9259699196
2025-04-21,Sheep,9,National Merino Lamb Indicator,c/kg cwt,5412.0,530.1209903548
2025-04-22,Sheep,9,National Merino Lamb Indicator,c/kg cwt,2769.0,627.3241459733
2025-04-23,Sheep,9,National Merino Lamb Indicator,c/kg cwt,2265.0,662.9704873289
2025-04-24,Sheep,9,National Merino Lamb Indicator,c/kg cwt,6703.0,724.8638039833
2025-04-25,Sheep,9,National Merino Lamb Indicator,c/kg cwt,6703.0,724.8638039833
2025-04-26,Sheep,9,National Merino Lamb Indicator,c/kg cwt,6703.0,724.8638039833
2025-04-27,Sheep,9,National Merino Lamb Indicator,c/kg cwt,6703.0,724.8638039833
2025-04-28,Sheep,9,National Merino Lamb Indicator,c/kg cwt,9502.0,738.778136908
2025-04-29,Sheep,9,National Merino Lamb Indicator,c/kg cwt,15141.0,754.8204023182
2025-04-30,Sheep,9,National Merino Lamb Indicator,c/kg cwt,18167.0,748.8105398084
2025-05-01,Sheep,9,National Merino Lamb Indicator,c/kg cwt,20247.0,749.332586961
2025-05-02,Sheep,9,National Merino Lamb Indicator,c/kg cwt,22354.0,748.9842120515
2025-05-03,Sheep,9,National Merino Lamb Indicator,c/kg cwt,22354.0,748.9842120515
2025-05-04,Sheep,9,National Merino Lamb Indicator,c/kg cwt,22354.0,748.9842120515
2025-05-05,Sheep,9,National Merino Lamb Indicator,c/kg cwt,24748.0,733.1758502101
2025-05-06,Sheep,9,National Merino Lamb Indicator,c/kg cwt,23879.0,718.363241949
2025-05-07,Sheep,9,National Merino Lamb Indicator,c/kg cwt,24259.0,705.2378028979
2025-05-08,Sheep,9,National Merino Lamb Indicator,c/kg cwt,24892.0,699.6359098506
2025-05-09,Sheep,9,National Merino Lamb Indicator,c/kg cwt,23675.0,696.5601577782
2025-05-10,Sheep,9,National Merino Lamb Indicator,c/kg cwt,23675.0,696.5601577782
2025-05-11,Sheep,9,National Merino Lamb Indicator,c/kg cwt,23675.0,696.5601577782
2025-05-12,Sheep,9,National Merino Lamb Indicator,c/kg cwt,22199.0,700.8430226677
2025-05-13,Sheep,9,National Merino Lamb Indicator,c/kg cwt,20982.0,703.7334491278
2025-05-14,Sheep,9,National Merino Lamb Indicator,c/kg cwt,18997.0,713.50823001
2025-05-15,Sheep,9,National Merino Lamb Indicator,c/kg cwt,17689.0,722.1065019899
2025-05-16,Sheep,9,National Merino Lamb Indicator,c/kg cwt,17702.0,725.2033328776
2025-05-17,Sheep,9,National Merino Lamb Indicator,c/kg cwt,17702.0,725.2033328776
2025-05-18,Sheep,9,National Merino Lamb Indicator,c/kg cwt,17702.0,725.2033328776
2025-05-19,Sheep,9,National Merino Lamb Indicator,c/kg cwt,18256.0,730.4165131792
2025-05-20,Sheep,9,National Merino Lamb Indicator,c/kg cwt,21816.0,719.2505732261
2025-05-21,Sheep,9,National Merino Lamb Indicator,c/kg cwt,22871.0,722.79561132
2025-05-22,Sheep,9,National Merino Lamb Indicator,c/kg cwt,17028.0,709.4215066361
2025-05-23,Sheep,9,National Merino Lamb Indicator,c/kg cwt,16125.0,705.0568108341
2025-05-24,Sheep,9,National Merino Lamb Indicator,c/kg cwt,16125.0,705.0568108341
2025-05-25,Sheep,9,National Merino Lamb Indicator,c/kg cwt,16125.0,705.0568108341
2025-05-26,Sheep,9,National Merino Lamb Indicator,c/kg cwt,17076.0,725.6820792457
2025-05-27,Sheep,9,National Merino Lamb Indicator,c/kg cwt,13282.0,775.8420166315
2025-05-28,Sheep,9,National Merino Lamb Indicator,c/kg cwt,13430.0,785.1440111095
2025-05-29,Sheep,9,National Merino Lamb Indicator,c/kg cwt,17545.0,801.264249906
2025-05-30,Sheep,9,National Merino Lamb Indicator,c/kg cwt,19207.0,807.020083683
2025-05-31,Sheep,9,National Merino Lamb Indicator,c/kg cwt,19207.0,807.020083683
2025-06-01,Sheep,9,National Merino Lamb Indicator,c/kg cwt,19207.0,807.020083683
2025-06-02,Sheep,9,National Merino Lamb Indicator,c/kg cwt,17677.0,810.3774139447
2025-06-03,Sheep,9,National Merino Lamb Indicator,c/kg cwt,22547.0,844.1749941411
2025-06-04,Sheep,9,National Merino Lamb Indicator,c/kg cwt,21331.0,853.7189767287
2025-06-05,Sheep,9,National Merino Lamb Indicator,c/kg cwt,21677.0,846.2235654565
2025-06-06,Sheep,9,National Merino Lamb Indicator,c/kg cwt,20836.0,841.1749626656
2025-06-07,Sheep,9,National Merino Lamb Indicator,c/kg cwt,20836.0,841.1749626656
2025-06-08,Sheep,9,National Merino Lamb Indicator,c/kg cwt,20836.0,841.1749626656
2025-06-09,Sheep,9,National Merino Lamb Indicator,c/kg cwt,17144.0,848.8433841694
2025-06-10,Sheep,9,National Merino Lamb Indicator,c/kg cwt,13001.0,842.1303760865
2025-06-11,Sheep,9,National Merino Lamb Indicator,c/kg cwt,13747.0,856.3275362261
2025-06-12,Sheep,9,National Merino Lamb Indicator,c/kg cwt,14724.0,884.8568717943
2025-06-13,Sheep,9,National Merino Lamb Indicator,c/kg cwt,15482.0,897.2728339685
2025-06-14,Sheep,9,National Merino Lamb Indicator,c/kg cwt,15482.0,897.2728339685
2025-06-15,Sheep,9,National Merino Lamb Indicator,c/kg cwt,15482.0,897.2728339685
2025-06-16,Sheep,9,National Merino Lamb Indicator,c/kg cwt,20160.0,890.3500809623
2025-06-17,Sheep,9,National Merino Lamb Indicator,c/kg cwt,22528.0,855.2580232733
2025-06-18,Sheep,9,National Merino Lamb Indicator,c/kg cwt,24039.0,853.0118064104
2025-06-19,Sheep,9,National Merino Lamb Indicator,c/kg cwt,18601.0,838.7853848341
2025-06-20,Sheep,9,National Merino Lamb Indicator,c/kg cwt,18447.0,827.4794012685
2025-06-21,Sheep,9,National Merino Lamb Indicator,c/kg cwt,18447.0,827.4794012685
2025-06-22,Sheep,9,National Merino Lamb Indicator,c/kg cwt,18447.0,827.4794012685
2025-06-23,Sheep,9,National Merino Lamb Indicator,c/kg cwt,19715.0,807.0250657114
2025-06-24,Sheep,9,National Merino Lamb Indicator,c/kg cwt,18421.0,837.1725508333
2025-06-25,Sheep,9,National Merino Lamb Indicator,c/kg cwt,18494.0,838.8689896723
2025-06-26,Sheep,9,National Merino Lamb Indicator,c/kg cwt,21741.0,858.2766568235
2025-06-27,Sheep,9,National Merino Lamb Indicator,c/kg cwt,20776.0,862.0541002695
2025-06-28,Sheep,9,National Merino Lamb Indicator,c/kg cwt,20776.0,862.0541002695
2025-06-29,Sheep,9,National Merino Lamb Indicator,c/kg cwt,20776.0,862.0541002695
2025-06-30,Sheep,9,National Merino Lamb Indicator,c/kg cwt,21121.0,886.4115270536
2025-07-01,Sheep,9,National Merino Lamb Indicator,c/kg cwt,21804.0,912.7401952944
2025-07-02,Sheep,9,National Merino Lamb Indicator,c/kg cwt,21314.0,923.3478623393
2025-07-03,Sheep,9,National Merino Lamb Indicator,c/kg cwt,25263.0,934.3351140126
2025-07-04,Sheep,9,National Merino Lamb Indicator,c/kg cwt,26562.0,932.4596098411
2025-07-05,Sheep,9,National Merino Lamb Indicator,c/kg cwt,26562.0,932.4596098411
2025-07-06,Sheep,9,National Merino Lamb Indicator,c/kg cwt,26562.0,932.4596098411
2025-07-07,Sheep,9,National Merino Lamb Indicator,c/kg cwt,26314.0,947.7931942844
2025-07-08,Sheep,9,National Merino Lamb Indicator,c/kg cwt,26358.0,950.783608597
2025-07-09,Sheep,9,National Merino Lamb Indicator,c/kg cwt,27989.0,946.8055597592
2025-07-10,Sheep,9,National Merino Lamb Indicator,c/kg cwt,22393.0,940.8069111195
2025-07-11,Sheep,9,National Merino Lamb Indicator,c/kg cwt,21851.0,936.5172600567
2025-07-12,Sheep,9,National Merino Lamb Indicator,c/kg cwt,21851.0,936.5172600567
2025-07-13,Sheep,9,National Merino Lamb Indicator,c/kg cwt,21851.0,936.5172600567
2025-07-14,Sheep,9,National Merino Lamb Indicator,c/kg cwt,23399.0,948.0492263815
2025-07-15,Sheep,9,National Merino Lamb Indicator,c/kg cwt,25808.0,957.5170666847
2025-07-16,Sheep,9,National Merino Lamb Indicator,c/kg cwt,24365.0,962.2807815063
2025-07-17,Sheep,9,National Merino Lamb Indicator,c/kg cwt,28289.0,967.6954701227
2025-07-18,Sheep,9,National Merino Lamb Indicator,c/kg cwt,28297.0,972.2865699898
2025-07-19,Sheep,9,National Merino Lamb Indicator,c/kg cwt,28297.0,972.2865699898
2025-07-20,Sheep,9,National Merino Lamb Indicator,c/kg cwt,28297.0,972.2865699898
2025-07-21,Sheep,9,National Merino Lamb Indicator,c/kg cwt,30286.0,972.1202128409
2025-07-22,Sheep,9,National Merino Lamb Indicator,c/kg cwt,27876.0,964.9662550402
2025-07-23,Sheep,9,National Merino Lamb Indicator,c/kg cwt,29766.0,966.3654670396
2025-07-24,Sheep,9,National Merino Lamb Indicator,c/kg cwt,29956.0,963.4018021799
2025-07-25,Sheep,9,National Merino Lamb Indicator,c/kg cwt,29054.0,966.2722158326
2025-07-26,Sheep,9,National Merino Lamb Indicator,c/kg cwt,29054.0,966.2722158326
2025-07-27,Sheep,9,National Merino Lamb Indicator,c/kg cwt,29054.0,966.2722158326
2025-07-28,Sheep,9,National Merino Lamb Indicator,c/kg cwt,24745.0,975.5626442837
2025-07-29,Sheep,9,National Merino Lamb Indicator,c/kg cwt,25581.0,996.3735349126
2025-07-30,Sheep,9,National Merino Lamb Indicator,c/kg cwt,25334.0,1003.2624274572
2025-07-31,Sheep,9,National Merino Lamb Indicator,c/kg cwt,24443.0,1022.0735485047
2025-08-01,Sheep,9,National Merino Lamb Indicator,c/kg cwt,24414.0,1024.0094407021
2025-08-02,Sheep,9,National Merino Lamb Indicator,c/kg cwt,24414.0,1024.0094407021
2025-08-03,Sheep,9,National Merino Lamb Indicator,c/kg cwt,24414.0,1024.0094407021
2025-08-04,Sheep,9,National Merino Lamb Indicator,c/kg cwt,23764.0,1032.3290951607
2025-08-05,Sheep,9,National Merino Lamb Indicator,c/kg cwt,27793.0,1061.665058799
2025-08-06,Sheep,9,National Merino Lamb Indicator,c/kg cwt,29267.0,1074.2839768681
2025-08-07,Sheep,9,National Merino Lamb Indicator,c/kg cwt,29706.0,1074.3158180839
2025-08-08,Sheep,9,National Merino Lamb Indicator,c/kg cwt,29412.0,1073.8087797022
2025-08-09,Sheep,9,National Merino Lamb Indicator,c/kg cwt,29412.0,1073.8087797022
2025-08-10,Sheep,9,National Merino Lamb Indicator,c/kg cwt,29412.0,1073.8087797022
2025-08-11,Sheep,9,National Merino Lamb Indicator,c/kg cwt,31638.0,1050.4899470795
2025-08-12,Sheep,9,National Merino Lamb Indicator,c/kg cwt,34758.0,1045.1342760084
2025-08-13,Sheep,9,National Merino Lamb Indicator,c/kg cwt,31558.0,1043.7864093986
2025-08-14,Sheep,9,National Merino Lamb Indicator,c/kg cwt,34672.0,1038.1894597889
2025-08-15,Sheep,9,National Merino Lamb Indicator,c/kg cwt,36134.0,1035.7116457575
2025-08-16,Sheep,9,National Merino Lamb Indicator,c/kg cwt,36134.0,1035.7116457575
2025-08-17,Sheep,9,National Merino Lamb Indicator,c/kg cwt,36134.0,1035.7116457575
2025-08-18,Sheep,9,National Merino Lamb Indicator,c/kg cwt,38352.0,1034.0021726246
2025-08-19,Sheep,9,National Merino Lamb Indicator,c/kg cwt,31840.0,1015.7820188976
2025-08-20,Sheep,9,National Merino Lamb Indicator,c/kg cwt,33670.0,984.3644908554
2025-08-21,Sheep,9,National Merino Lamb Indicator,c/kg cwt,29401.0,973.6419327676
2025-08-22,Sheep,9,National Merino Lamb Indicator,c/kg cwt,28303.0,974.1050427481
2025-08-23,Sheep,9,National Merino Lamb Indicator,c/kg cwt,28303.0,974.1050427481
2025-08-24,Sheep,9,National Merino Lamb Indicator,c/kg cwt,28303.0,974.1050427481
2025-08-25,Sheep,9,National Merino Lamb Indicator,c/kg cwt,27166.0,957.6730442612
2025-08-26,Sheep,9,National Merino Lamb Indicator,c/kg cwt,25781.0,948.5377533416
2025-08-27,Sheep,9,National Merino Lamb Indicator,c/kg cwt,24800.0,972.1708437944
2025-08-28,Sheep,9,National Merino Lamb Indicator,c/kg cwt,24613.0,967.2588569252
2025-08-29,Sheep,9,National Merino Lamb Indicator,c/kg cwt,24991.0,967.0670563803
2025-08-30,Sheep,9,National Merino Lamb Indicator,c/kg cwt,24991.0,967.0670563803
2025-08-31,Sheep,9,National Merino Lamb Indicator,c/kg cwt,24991.0,967.0670563803
2025-09-01,Sheep,9,National Merino Lamb Indicator,c/kg cwt,26019.0,999.4618648565
2025-09-02,Sheep,9,National Merino Lamb Indicator,c/kg cwt,28078.0,1029.5120426669
2025-09-03,Sheep,9,National Merino Lamb Indicator,c/kg cwt,27457.0,1038.182848738
2025-09-04,Sheep,9,National Merino Lamb Indicator,c/kg cwt,28714.0,1049.5966494846
2025-09-05,Sheep,9,National Merino Lamb Indicator,c/kg cwt,29754.0,1048.9646254252
2025-09-06,Sheep,9,National Merino Lamb Indicator,c/kg cwt,29754.0,1048.9646254252
2025-09-07,Sheep,9,National Merino Lamb Indicator,c/kg cwt,29754.0,1048.9646254252
2025-09-08,Sheep,9,National Merino Lamb Indicator,c/kg cwt,31934.0,1048.9475851412
2025-09-09,Sheep,9,National Merino Lamb Indicator,c/kg cwt,27076.0,1023.6601537376
2025-09-10,Sheep,9,National Merino Lamb Indicator,c/kg cwt,27669.0,1025.1891238643
2025-09-11,Sheep,9,National Merino Lamb Indicator,c/kg cwt,24756.0,1016.4019108499
2025-09-12,Sheep,9,National Merino Lamb Indicator,c/kg cwt,23119.0,1015.6497761408
2025-09-13,Sheep,9,National Merino Lamb Indicator,c/kg cwt,23119.0,1015.6497761408
2025-09-14,Sheep,9,National Merino Lamb Indicator,c/kg cwt,23119.0,1015.6497761408
2025-09-15,Sheep,9,National Merino Lamb Indicator,c/kg cwt,21054.0,1037.5488593474
2025-09-16,Sheep,9,National Merino Lamb Indicator,c/kg cwt,23827.0,1060.8555957737
2025-09-17,Sheep,9,National Merino Lamb Indicator,c/kg cwt,22973.0,1073.2839140426
2025-09-18,Sheep,9,National Merino Lamb Indicator,c/kg cwt,24255.0,1075.3394014925
2025-09-19,Sheep,9,National Merino Lamb Indicator,c/kg cwt,24442.0,1076.6438749325
2025-09-20,Sheep,9,National Merino Lamb Indicator,c/kg cwt,24442.0,1076.6438749325
2025-09-21,Sheep,9,National Merino Lamb Indicator,c/kg cwt,24442.0,1076.6438749325
2025-09-22,Sheep,9,National Merino Lamb Indicator,c/kg cwt,23221.0,1085.8072081349
2025-09-23,Sheep,9,National Merino Lamb Indicator,c/kg cwt,25557.0,1098.0886560747
2025-09-24,Sheep,9,National Merino Lamb Indicator,c/kg cwt,27400.0,1085.4346806606
2025-09-25,Sheep,9,National Merino Lamb Indicator,c/kg cwt,27599.0,1079.0478581036
2025-09-26,Sheep,9,National Merino Lamb Indicator,c/kg cwt,27932.0,1076.2123914829
2025-09-27,Sheep,9,National Merino Lamb Indicator,c/kg cwt,27932.0,1076.2123914829
2025-09-28,Sheep,9,National Merino Lamb Indicator,c/kg cwt,27932.0,1076.2123914829
2025-09-29,Sheep,9,National Merino Lamb Indicator,c/kg cwt,27934.0,1052.8660595332
2025-09-30,Sheep,9,National Merino Lamb Indicator,c/kg cwt,24575.0,1025.0151954303
2025-10-01,Sheep,9,National Merino Lamb Indicator,c/kg cwt,20869.0,1025.4793954095
2025-10-02,Sheep,9,National Merino Lamb Indicator,c/kg cwt,20296.0,1031.9647021384
2025-10-03,Sheep,9,National Merino Lamb Indicator,c/kg cwt,20135.0,1034.4000787186
2025-10-04,Sheep,9,National Merino Lamb Indicator,c/kg cwt,20135.0,1034.4000787186
2025-10-05,Sheep,9,National Merino Lamb Indicator,c/kg cwt,20135.0,1034.4000787186
2025-10-06,Sheep,9,National Merino Lamb Indicator,c/kg cwt,13821.0,1040.9623092685
2025-10-07,Sheep,9,National Merino Lamb Indicator,c/kg cwt,17220.0,1035.4897899071
2025-10-08,Sheep,9,National Merino Lamb Indicator,c/kg cwt,17950.0,1032.9890140947
2025-10-09,Sheep,9,National Merino Lamb Indicator,c/kg cwt,19028.0,1018.6082152144
2025-10-10,Sheep,9,National Merino Lamb Indicator,c/kg cwt,19991.0,1012.3764521084
2025-10-11,Sheep,9,National Merino Lamb Indicator,c/kg cwt,19991.0,1012.3764521084
2025-10-12,Sheep,9,National Merino Lamb Indicator,c/kg cwt,19991.0,1012.3764521084
2025-10-13,Sheep,9,National Merino Lamb Indicator,c/kg cwt,27385.0,988.284131488
2025-10-14,Sheep,9,National Merino Lamb Indicator,c/kg cwt,26218.0,959.4530126936
2025-10-15,Sheep,9,National Merino Lamb Indicator,c/kg cwt,25399.0,952.9220882909
2025-10-16,Sheep,9,National Merino Lamb Indicator,c/kg cwt,26484.0,941.703858643
2025-10-17,Sheep,9,National Merino Lamb Indicator,c/kg cwt,25249.0,941.6147260882
2025-10-18,Sheep,9,National Merino Lamb Indicator,c/kg cwt,25249.0,941.6147260882
2025-10-19,Sheep,9,National Merino Lamb Indicator,c/kg cwt,25249.0,941.6147260882
2025-10-20,Sheep,9,National Merino Lamb Indicator,c/kg cwt,21400.0,938.9626066121
2025-10-21,Sheep,9,National Merino Lamb Indicator,c/kg cwt,16700.0,926.1492226108
2025-10-22,Sheep,9,National Merino Lamb Indicator,c/kg cwt,18840.0,903.334715982
2025-10-23,Sheep,9,National Merino Lamb Indicator,c/kg cwt,16767.0,893.3134127393
2025-10-24,Sheep,9,National Merino Lamb Indicator,c/kg cwt,17597.0,894.8196365971
2025-10-25,Sheep,9,National Merino Lamb Indicator,c/kg cwt,17597.0,894.8196365971
2025-10-26,Sheep,9,National Merino Lamb Indicator,c/kg cwt,17597.0,894.8196365971
2025-10-27,Sheep,9,National Merino Lamb Indicator,c/kg cwt,15330.0,900.3405258056
2025-10-28,Sheep,9,National Merino Lamb Indicator,c/kg cwt,17040.0,924.6904395657
2025-10-29,Sheep,9,National Merino Lamb Indicator,c/kg cwt,14563.0,955.6771120099
2025-10-30,Sheep,9,National Merino Lamb Indicator,c/kg cwt,14424.0,975.5229547629
2025-10-31,Sheep,9,National Merino Lamb Indicator,c/kg cwt,13932.0,979.5525048952
2025-11-01,Sheep,9,National Merino Lamb Indicator,c/kg cwt,13932.0,979.5525048952
2025-11-02,Sheep,9,National Merino Lamb Indicator,c/kg cwt,13932.0,979.5525048952
2025-11-03,Sheep,9,National Merino Lamb Indicator,c/kg cwt,18135.0,1000.3717753956
2025-11-04,Sheep,9,National Merino Lamb Indicator,c/kg cwt,16644.0,1001.9233517964
2025-11-05,Sheep,9,National Merino Lamb Indicator,c/kg cwt,16936.0,1003.4561725968
2025-11-06,Sheep,9,National Merino Lamb Indicator,c/kg cwt,18925.0,1011.5921295007
2025-11-07,Sheep,9,National Merino Lamb Indicator,c/kg cwt,19265.0,1012.6758860576
2025-11-08,Sheep,9,National Merino Lamb Indicator,c/kg cwt,19265.0,1012.6758860576
2025-11-09,Sheep,9,National Merino Lamb Indicator,c/kg cwt,19265.0,1012.6758860576
2025-11-10,Sheep,9,National Merino Lamb Indicator,c/kg cwt,16450.0,991.3954704985
2025-11-11,Sheep,9,National Merino Lamb Indicator,c/kg cwt,17079.0,999.3485865976
2025-11-12,Sheep,9,National Merino Lamb Indicator,c/kg cwt,17284.0,993.5494025862
2025-11-13,Sheep,9,National Merino Lamb Indicator,c/kg cwt,14798.0,995.631624902
2025-11-14,Sheep,9,National Merino Lamb Indicator,c/kg cwt,14037.0,995.0411752013
2025-11-15,Sheep,9,National Merino Lamb Indicator,c/kg cwt,14037.0,995.0411752013
2025-11-16,Sheep,9,National Merino Lamb Indicator,c/kg cwt,14037.0,995.0411752013
2025-11-17,Sheep,9,National Merino Lamb Indicator,c/kg cwt,13029.0,1015.7675042981
2025-11-18,Sheep,9,National Merino Lamb Indicator,c/kg cwt,11129.0,984.4576615689
2025-11-19,Sheep,9,National Merino Lamb Indicator,c/kg cwt,11509.0,1004.2711953602
2025-11-20,Sheep,9,National Merino Lamb Indicator,c/kg cwt,9701.0,990.3315126791
2025-11-21,Sheep,9,National Merino Lamb Indicator,c/kg cwt,9942.0,990.2399431503
2025-11-22,Sheep,9,National Merino Lamb Indicator,c/kg cwt,9942.0,990.2399431503
2025-11-23,Sheep,9,National Merino Lamb Indicator,c/kg cwt,9942.0,990.2399431503
2025-11-24,Sheep,9,National Merino Lamb Indicator,c/kg cwt,10583.0,959.4235777284
2025-11-25,Sheep,9,National Merino Lamb Indicator,c/kg cwt,9540.0,968.294714109
2025-11-26,Sheep,9,National Merino Lamb Indicator,c/kg cwt,8391.0,964.0568994756
2025-11-27,Sheep,9,National Merino Lamb Indicator,c/kg cwt,9246.0,956.8610653688
2025-11-28,Sheep,9,National Merino Lamb Indicator,c/kg cwt,9046.0,955.2242504753
2025-11-29,Sheep,9,National Merino Lamb Indicator,c/kg cwt,9046.0,955.2242504753
2025-11-30,Sheep,9,National Merino Lamb Indicator,c/kg cwt,9046.0,955.2242504753
2025-12-01,Sheep,9,National Merino Lamb Indicator,c/kg cwt,7277.0,958.0587244057
2025-12-02,Sheep,9,National Merino Lamb Indicator,c/kg cwt,6945.0,951.5803812095
2025-12-03,Sheep,9,National Merino Lamb Indicator,c/kg cwt,7839.0,945.555674882
2025-12-04,Sheep,9,National Merino Lamb Indicator,c/kg cwt,9314.0,959.4907412605
2025-12-05,Sheep,9,National Merino Lamb Indicator,c/kg cwt,9533.0,957.6783538341
2025-12-06,Sheep,9,National Merino Lamb Indicator,c/kg cwt,9533.0,957.6783538341
2025-12-07,Sheep,9,National Merino Lamb Indicator,c/kg cwt,9533.0,957.6783538341
2025-12-08,Sheep,9,National Merino Lamb Indicator,c/kg cwt,9410.0,959.8683303719
2025-12-09,Sheep,9,National Merino Lamb Indicator,c/kg cwt,10671.0,964.7091457408
2025-12-10,Sheep,9,National Merino Lamb Indicator,c/kg cwt,10802.0,970.4648214312
2025-12-11,Sheep,9,National Merino Lamb Indicator,c/kg cwt,10384.0,955.1010593028
2025-12-12,Sheep,9,National Merino Lamb Indicator,c/kg cwt,10120.0,956.5019995751
2025-12-13,Sheep,9,National Merino Lamb Indicator,c/kg cwt,10120.0,956.5019995751
2025-12-14,Sheep,9,National Merino Lamb Indicator,c/kg cwt,10120.0,956.5019995751
2025-12-15,Sheep,9,National Merino Lamb Indicator,c/kg cwt,10076.0,952.2895486205
2025-12-16,Sheep,9,National Merino Lamb Indicator,c/kg cwt,9460.0,954.6589732875
2025-12-17,Sheep,9,National Merino Lamb Indicator,c/kg cwt,8065.0,965.2351680471
2025-12-18,Sheep,9,National Merino Lamb Indicator,c/kg cwt,6056.0,979.4689846764
2025-12-19,Sheep,9,National Merino Lamb Indicator,c/kg cwt,5911.0,979.6010290306
2025-12-20,Sheep,9,National Merino Lamb Indicator,c/kg cwt,5911.0,979.6010290306
2025-12-21,Sheep,9,National Merino Lamb Indicator,c/kg cwt,5911.0,979.6010290306
2025-12-22,Sheep,9,National Merino Lamb Indicator,c/kg cwt,4010.0,1000.347113616
2025-12-23,Sheep,9,National Merino Lamb Indicator,c/kg cwt,1731.0,963.3776276719
2025-12-24,Sheep,9,National Merino Lamb Indicator,c/kg cwt,721.0,953.1588790569
2025-04-01,Sheep,10,National Restocker Lamb Indicator,c/kg cwt,29773.0,738.6753419508
2025-04-02,Sheep,10,National Restocker Lamb Indicator,c/kg cwt,29511.0,767.225647667
2025-04-03,Sheep,10,National Restocker Lamb Indicator,c/kg cwt,27607.0,777.2094197088
2025-04-04,Sheep,10,National Restocker Lamb Indicator,c/kg cwt,27656.0,777.0810595603
2025-04-05,Sheep,10,National Restocker Lamb Indicator,c/kg cwt,27656.0,777.0810595603
2025-04-06,Sheep,10,National Restocker Lamb Indicator,c/kg cwt,27656.0,777.0810595603
2025-04-07,Sheep,10,National Restocker Lamb Indicator,c/kg cwt,28867.0,770.0836917137
2025-04-08,Sheep,10,National Restocker Lamb Indicator,c/kg cwt,31323.0,759.2550482234
2025-04-09,Sheep,10,National Restocker Lamb Indicator,c/kg cwt,37877.0,726.6189727882
2025-04-10,Sheep,10,National Restocker Lamb Indicator,c/kg cwt,46577.0,750.4612939391
2025-04-11,Sheep,10,National Restocker Lamb Indicator,c/kg cwt,46740.0,749.9744139688
2025-04-12,Sheep,10,National Restocker Lamb Indicator,c/kg cwt,46740.0,749.9744139688
2025-04-13,Sheep,10,National Restocker Lamb Indicator,c/kg cwt,46740.0,749.9744139688
2025-04-14,Sheep,10,National Restocker Lamb Indicator,c/kg cwt,47563.0,743.2182156067
2025-04-15,Sheep,10,National Restocker Lamb Indicator,c/kg cwt,46216.0,735.4404860546
2025-04-16,Sheep,10,National Restocker Lamb Indicator,c/kg cwt,37068.0,750.402381132
2025-04-17,Sheep,10,National Restocker Lamb Indicator,c/kg cwt,24428.0,699.4133229409
2025-04-18,Sheep,10,National Restocker Lamb Indicator,c/kg cwt,24201.0,700.0523490104
2025-04-19,Sheep,10,National Restocker Lamb Indicator,c/kg cwt,24201.0,700.0523490104
2025-04-20,Sheep,10,National Restocker Lamb Indicator,c/kg cwt,24201.0,700.0523490104
2025-04-21,Sheep,10,National Restocker Lamb Indicator,c/kg cwt,19903.0,715.1506089283
2025-04-22,Sheep,10,National Restocker Lamb Indicator,c/kg cwt,9956.0,718.3231456609
2025-04-23,Sheep,10,National Restocker Lamb Indicator,c/kg cwt,5867.0,753.8927052667
2025-04-24,Sheep,10,National Restocker Lamb Indicator,c/kg cwt,11832.0,810.2178742478
2025-04-25,Sheep,10,National Restocker Lamb Indicator,c/kg cwt,11832.0,810.2178742478
2025-04-26,Sheep,10,National Restocker Lamb Indicator,c/kg cwt,11832.0,810.2178742478
2025-04-27,Sheep,10,National Restocker Lamb Indicator,c/kg cwt,11832.0,810.2178742478
2025-04-28,Sheep,10,National Restocker Lamb Indicator,c/kg cwt,14234.0,790.706937579
2025-04-29,Sheep,10,National Restocker Lamb Indicator,c/kg cwt,23409.0,800.8709323978
2025-04-30,Sheep,10,National Restocker Lamb Indicator,c/kg cwt,32115.0,799.4466691795
2025-05-01,Sheep,10,National Restocker Lamb Indicator,c/kg cwt,37338.0,806.0203460014
2025-05-02,Sheep,10,National Restocker Lamb Indicator,c/kg cwt,38085.0,805.1648259052
2025-05-03,Sheep,10,National Restocker Lamb Indicator,c/kg cwt,38085.0,805.1648259052
2025-05-04,Sheep,10,National Restocker Lamb Indicator,c/kg cwt,38085.0,805.1648259052
2025-05-05,Sheep,10,National Restocker Lamb Indicator,c/kg cwt,40547.0,809.3412210644
2025-05-06,Sheep,10,National Restocker Lamb Indicator,c/kg cwt,47727.0,799.091446678
2025-05-07,Sheep,10,National Restocker Lamb Indicator,c/kg cwt,48115.0,771.5196595448
2025-05-08,Sheep,10,National Restocker Lamb Indicator,c/kg cwt,54377.0,761.7072752064
2025-05-09,Sheep,10,National Restocker Lamb Indicator,c/kg cwt,53819.0,761.2507823408
2025-05-10,Sheep,10,National Restocker Lamb Indicator,c/kg cwt,53819.0,761.2507823408
2025-05-11,Sheep,10,National Restocker Lamb Indicator,c/kg cwt,53819.0,761.2507823408
2025-05-12,Sheep,10,National Restocker Lamb Indicator,c/kg cwt,51920.0,756.601174193
2025-05-13,Sheep,10,National Restocker Lamb Indicator,c/kg cwt,50941.0,742.5760194225
2025-05-14,Sheep,10,National Restocker Lamb Indicator,c/kg cwt,53849.0,752.0534001764
2025-05-15,Sheep,10,National Restocker Lamb Indicator,c/kg cwt,44992.0,742.8380953036
2025-05-16,Sheep,10,National Restocker Lamb Indicator,c/kg cwt,45336.0,742.7378821511
2025-05-17,Sheep,10,National Restocker Lamb Indicator,c/kg cwt,45336.0,742.7378821511
2025-05-18,Sheep,10,National Restocker Lamb Indicator,c/kg cwt,45336.0,742.7378821511
2025-05-19,Sheep,10,National Restocker Lamb Indicator,c/kg cwt,47641.0,749.4752626561
2025-05-20,Sheep,10,National Restocker Lamb Indicator,c/kg cwt,43801.0,770.2504747494
2025-05-21,Sheep,10,National Restocker Lamb Indicator,c/kg cwt,37768.0,788.2733789001
2025-05-22,Sheep,10,National Restocker Lamb Indicator,c/kg cwt,29508.0,788.3806813712
2025-05-23,Sheep,10,National Restocker Lamb Indicator,c/kg cwt,28975.0,790.0821410906
2025-05-24,Sheep,10,National Restocker Lamb Indicator,c/kg cwt,28975.0,790.0821410906
2025-05-25,Sheep,10,National Restocker Lamb Indicator,c/kg cwt,28975.0,790.0821410906
2025-05-26,Sheep,10,National Restocker Lamb Indicator,c/kg cwt,26799.0,793.1723231874
2025-05-27,Sheep,10,National Restocker Lamb Indicator,c/kg cwt,27437.0,797.9434203739
2025-05-28,Sheep,10,National Restocker Lamb Indicator,c/kg cwt,29263.0,845.6561490551
2025-05-29,Sheep,10,National Restocker Lamb Indicator,c/kg cwt,34647.0,861.8132176437
2025-05-30,Sheep,10,National Restocker Lamb Indicator,c/kg cwt,35193.0,862.3948357457
2025-05-31,Sheep,10,National Restocker Lamb Indicator,c/kg cwt,35193.0,862.3948357457
2025-06-01,Sheep,10,National Restocker Lamb Indicator,c/kg cwt,35193.0,862.3948357457
2025-06-02,Sheep,10,National Restocker Lamb Indicator,c/kg cwt,36102.0,854.0810294831
2025-06-03,Sheep,10,National Restocker Lamb Indicator,c/kg cwt,33753.0,869.1267327289
2025-06-04,Sheep,10,National Restocker Lamb Indicator,c/kg cwt,34399.0,860.7346007587
2025-06-05,Sheep,10,National Restocker Lamb Indicator,c/kg cwt,37842.0,875.2118057027
2025-06-06,Sheep,10,National Restocker Lamb Indicator,c/kg cwt,37758.0,872.1959328937
2025-06-07,Sheep,10,National Restocker Lamb Indicator,c/kg cwt,37758.0,872.1959328937
2025-06-08,Sheep,10,National Restocker Lamb Indicator,c/kg cwt,37758.0,872.1959328937
2025-06-09,Sheep,10,National Restocker Lamb Indicator,c/kg cwt,33755.0,886.3564770138
2025-06-10,Sheep,10,National Restocker Lamb Indicator,c/kg cwt,29101.0,915.8462794852
2025-06-11,Sheep,10,National Restocker Lamb Indicator,c/kg cwt,22950.0,932.2141911111
2025-06-12,Sheep,10,National Restocker Lamb Indicator,c/kg cwt,18937.0,924.0562150129
2025-06-13,Sheep,10,National Restocker Lamb Indicator,c/kg cwt,18475.0,930.7293509175
2025-06-14,Sheep,10,National Restocker Lamb Indicator,c/kg cwt,18475.0,930.7293509175
2025-06-15,Sheep,10,National Restocker Lamb Indicator,c/kg cwt,18475.0,930.7293509175
2025-06-16,Sheep,10,National Restocker Lamb Indicator,c/kg cwt,22442.0,920.980945201
2025-06-17,Sheep,10,National Restocker Lamb Indicator,c/kg cwt,30159.0,902.1265804801
2025-06-18,Sheep,10,National Restocker Lamb Indicator,c/kg cwt,39108.0,894.8858892298
2025-06-19,Sheep,10,National Restocker Lamb Indicator,c/kg cwt,34805.0,883.022142945
2025-06-20,Sheep,10,National Restocker Lamb Indicator,c/kg cwt,36033.0,883.8268080038
2025-06-21,Sheep,10,National Restocker Lamb Indicator,c/kg cwt,36033.0,883.8268080038
2025-06-22,Sheep,10,National Restocker Lamb Indicator,c/kg cwt,36033.0,883.8268080038
2025-06-23,Sheep,10,National Restocker Lamb Indicator,c/kg cwt,35959.0,876.8996520649
2025-06-24,Sheep,10,National Restocker Lamb Indicator,c/kg cwt,33771.0,865.9813460721
2025-06-25,Sheep,10,National Restocker Lamb Indicator,c/kg cwt,26812.0,859.2607959682
2025-06-26,Sheep,10,National Restocker Lamb Indicator,c/kg cwt,30293.0,882.9133707457
2025-06-27,Sheep,10,National Restocker Lamb Indicator,c/kg cwt,29197.0,881.849782464
2025-06-28,Sheep,10,National Restocker Lamb Indicator,c/kg cwt,29197.0,881.849782464
2025-06-29,Sheep,10,National Restocker Lamb Indicator,c/kg cwt,29197.0,881.849782464
2025-06-30,Sheep,10,National Restocker Lamb Indicator,c/kg cwt,29490.0,866.2837506036
2025-07-01,Sheep,10,National Restocker Lamb Indicator,c/kg cwt,27423.0,895.6736538672
2025-07-02,Sheep,10,National Restocker Lamb Indicator,c/kg cwt,28272.0,919.925854913
2025-07-03,Sheep,10,National Restocker Lamb Indicator,c/kg cwt,28978.0,928.8646659535
2025-07-04,Sheep,10,National Restocker Lamb Indicator,c/kg cwt,28846.0,929.1416918741
2025-07-05,Sheep,10,National Restocker Lamb Indicator,c/kg cwt,28846.0,929.1416918741
2025-07-06,Sheep,10,National Restocker Lamb Indicator,c/kg cwt,28846.0,929.1416918741
2025-07-07,Sheep,10,National Restocker Lamb Indicator,c/kg cwt,27815.0,936.416399885
2025-07-08,Sheep,10,National Restocker Lamb Indicator,c/kg cwt,25454.0,919.0962440284
2025-07-09,Sheep,10,National Restocker Lamb Indicator,c/kg cwt,23352.0,906.4580157631
2025-07-10,Sheep,10,National Restocker Lamb Indicator,c/kg cwt,20541.0,887.6185549925
2025-07-11,Sheep,10,National Restocker Lamb Indicator,c/kg cwt,21151.0,885.0666834854
2025-07-12,Sheep,10,National Restocker Lamb Indicator,c/kg cwt,21151.0,885.0666834854
2025-07-13,Sheep,10,National Restocker Lamb Indicator,c/kg cwt,21151.0,885.0666834854
2025-07-14,Sheep,10,National Restocker Lamb Indicator,c/kg cwt,19393.0,920.7805586861
2025-07-15,Sheep,10,National Restocker Lamb Indicator,c/kg cwt,22526.0,942.1943150493
2025-07-16,Sheep,10,National Restocker Lamb Indicator,c/kg cwt,19141.0,961.6528754193
2025-07-17,Sheep,10,National Restocker Lamb Indicator,c/kg cwt,18203.0,952.3695542823
2025-07-18,Sheep,10,National Restocker Lamb Indicator,c/kg cwt,17766.0,957.8384375042
2025-07-19,Sheep,10,National Restocker Lamb Indicator,c/kg cwt,17766.0,957.8384375042
2025-07-20,Sheep,10,National Restocker Lamb Indicator,c/kg cwt,17766.0,957.8384375042
2025-07-21,Sheep,10,National Restocker Lamb Indicator,c/kg cwt,18959.0,960.7142919458
2025-07-22,Sheep,10,National Restocker Lamb Indicator,c/kg cwt,16837.0,975.845963598
2025-07-23,Sheep,10,National Restocker Lamb Indicator,c/kg cwt,20757.0,967.8257067736
2025-07-24,Sheep,10,National Restocker Lamb Indicator,c/kg cwt,21340.0,963.7283112043
2025-07-25,Sheep,10,National Restocker Lamb Indicator,c/kg cwt,21336.0,965.8264451865
2025-07-26,Sheep,10,National Restocker Lamb Indicator,c/kg cwt,21336.0,965.8264451865
2025-07-27,Sheep,10,National Restocker Lamb Indicator,c/kg cwt,21336.0,965.8264451865
2025-07-28,Sheep,10,National Restocker Lamb Indicator,c/kg cwt,19408.0,961.7494932863
2025-07-29,Sheep,10,National Restocker Lamb Indicator,c/kg cwt,16713.0,950.9345881769
2025-07-30,Sheep,10,National Restocker Lamb Indicator,c/kg cwt,14339.0,937.6736771811
2025-07-31,Sheep,10,National Restocker Lamb Indicator,c/kg cwt,14812.0,956.4191222995
2025-08-01,Sheep,10,National Restocker Lamb Indicator,c/kg cwt,14839.0,954.1037352315
2025-08-02,Sheep,10,National Restocker Lamb Indicator,c/kg cwt,14839.0,954.1037352315
2025-08-03,Sheep,10,National Restocker Lamb Indicator,c/kg cwt,14839.0,954.1037352315
2025-08-04,Sheep,10,National Restocker Lamb Indicator,c/kg cwt,15220.0,966.6854975493
2025-08-05,Sheep,10,National Restocker Lamb Indicator,c/kg cwt,12757.0,992.7190469625
2025-08-06,Sheep,10,National Restocker Lamb Indicator,c/kg cwt,12829.0,1052.6984217944
2025-08-07,Sheep,10,National Restocker Lamb Indicator,c/kg cwt,15361.0,1062.3618793698
2025-08-08,Sheep,10,National Restocker Lamb Indicator,c/kg cwt,15608.0,1064.1659594118
2025-08-09,Sheep,10,National Restocker Lamb Indicator,c/kg cwt,15608.0,1064.1659594118
2025-08-10,Sheep,10,National Restocker Lamb Indicator,c/kg cwt,15608.0,1064.1659594118
2025-08-11,Sheep,10,National Restocker Lamb Indicator,c/kg cwt,17736.0,1048.0158273399
2025-08-12,Sheep,10,National Restocker Lamb Indicator,c/kg cwt,22660.0,1034.3208134157
2025-08-13,Sheep,10,National Restocker Lamb Indicator,c/kg cwt,24735.0,993.2745457894
2025-08-14,Sheep,10,National Restocker Lamb Indicator,c/kg cwt,22968.0,983.5487666057
2025-08-15,Sheep,10,National Restocker Lamb Indicator,c/kg cwt,22769.0,983.0773940841
2025-08-16,Sheep,10,National Restocker Lamb Indicator,c/kg cwt,22769.0,983.0773940841
2025-08-17,Sheep,10,National Restocker Lamb Indicator,c/kg cwt,22769.0,983.0773940841
2025-08-18,Sheep,10,National Restocker Lamb Indicator,c/kg cwt,26657.0,982.4466628128
2025-08-19,Sheep,10,National Restocker Lamb Indicator,c/kg cwt,27849.0,980.1496846027
2025-08-20,Sheep,10,National Restocker Lamb Indicator,c/kg cwt,24045.0,979.300182408
2025-08-21,Sheep,10,National Restocker Lamb Indicator,c/kg cwt,30878.0,1023.197926378
2025-08-22,Sheep,10,National Restocker Lamb Indicator,c/kg cwt,31242.0,1025.5768416491
2025-08-23,Sheep,10,National Restocker Lamb Indicator,c/kg cwt,31242.0,1025.5768416491
2025-08-24,Sheep,10,National Restocker Lamb Indicator,c/kg cwt,31242.0,1025.5768416491
2025-08-25,Sheep,10,National Restocker Lamb Indicator,c/kg cwt,26791.0,1024.2383420962
2025-08-26,Sheep,10,National Restocker Lamb Indicator,c/kg cwt,22046.0,1036.4866496734
2025-08-27,Sheep,10,National Restocker Lamb Indicator,c/kg cwt,21989.0,1053.2064145163
2025-08-28,Sheep,10,National Restocker Lamb Indicator,c/kg cwt,20733.0,1091.3413926494
2025-08-29,Sheep,10,National Restocker Lamb Indicator,c/kg cwt,20942.0,1087.7990161685
2025-08-30,Sheep,10,National Restocker Lamb Indicator,c/kg cwt,20942.0,1087.7990161685
2025-08-31,Sheep,10,National Restocker Lamb Indicator,c/kg cwt,20942.0,1087.7990161685
2025-09-01,Sheep,10,National Restocker Lamb Indicator,c/kg cwt,21014.0,1104.0786284763
2025-09-02,Sheep,10,National Restocker Lamb Indicator,c/kg cwt,20943.0,1109.3356671346
2025-09-03,Sheep,10,National Restocker Lamb Indicator,c/kg cwt,18782.0,1132.9051466031
2025-09-04,Sheep,10,National Restocker Lamb Indicator,c/kg cwt,16622.0,1100.5310243051
2025-09-05,Sheep,10,National Restocker Lamb Indicator,c/kg cwt,17001.0,1092.0780208929
2025-09-06,Sheep,10,National Restocker Lamb Indicator,c/kg cwt,17001.0,1092.0780208929
2025-09-07,Sheep,10,National Restocker Lamb Indicator,c/kg cwt,17001.0,1092.0780208929
2025-09-08,Sheep,10,National Restocker Lamb Indicator,c/kg cwt,17333.0,1080.5864322333
2025-09-09,Sheep,10,National Restocker Lamb Indicator,c/kg cwt,18266.0,1112.2503330943
2025-09-10,Sheep,10,National Restocker Lamb Indicator,c/kg cwt,21165.0,1147.1257599622
2025-09-11,Sheep,10,National Restocker Lamb Indicator,c/kg cwt,20067.0,1144.1081265959
2025-09-12,Sheep,10,National Restocker Lamb Indicator,c/kg cwt,19583.0,1146.5397174897
2025-09-13,Sheep,10,National Restocker Lamb Indicator,c/kg cwt,19583.0,1146.5397174897
2025-09-14,Sheep,10,National Restocker Lamb Indicator,c/kg cwt,19583.0,1146.5397174897
2025-09-15,Sheep,10,National Restocker Lamb Indicator,c/kg cwt,20775.0,1151.4838973622
2025-09-16,Sheep,10,National Restocker Lamb Indicator,c/kg cwt,23559.0,1135.8549937773
2025-09-17,Sheep,10,National Restocker Lamb Indicator,c/kg cwt,23550.0,1122.3134591125
2025-09-18,Sheep,10,National Restocker Lamb Indicator,c/kg cwt,24267.0,1130.2187336506
2025-09-19,Sheep,10,National Restocker Lamb Indicator,c/kg cwt,25130.0,1137.170677875
2025-09-20,Sheep,10,National Restocker Lamb Indicator,c/kg cwt,25130.0,1137.170677875
2025-09-21,Sheep,10,National Restocker Lamb Indicator,c/kg cwt,25130.0,1137.170677875
2025-09-22,Sheep,10,National Restocker Lamb Indicator,c/kg cwt,24718.0,1155.782601776
2025-09-23,Sheep,10,National Restocker Lamb Indicator,c/kg cwt,26274.0,1142.0235279249
2025-09-24,Sheep,10,National Restocker Lamb Indicator,c/kg cwt,27854.0,1149.6588674086
2025-09-25,Sheep,10,National Restocker Lamb Indicator,c/kg cwt,24639.0,1116.9254607817
2025-09-26,Sheep,10,National Restocker Lamb Indicator,c/kg cwt,25646.0,1115.7637347033
2025-09-27,Sheep,10,National Restocker Lamb Indicator,c/kg cwt,25646.0,1115.7637347033
2025-09-28,Sheep,10,National Restocker Lamb Indicator,c/kg cwt,25646.0,1115.7637347033
2025-09-29,Sheep,10,National Restocker Lamb Indicator,c/kg cwt,26587.0,1094.6733978975
2025-09-30,Sheep,10,National Restocker Lamb Indicator,c/kg cwt,25492.0,1112.5930122313
2025-10-01,Sheep,10,National Restocker Lamb Indicator,c/kg cwt,27522.0,1122.159794132
2025-10-02,Sheep,10,National Restocker Lamb Indicator,c/kg cwt,28839.0,1133.7352577413
2025-10-03,Sheep,10,National Restocker Lamb Indicator,c/kg cwt,27137.0,1132.5248772746
2025-10-04,Sheep,10,National Restocker Lamb Indicator,c/kg cwt,27137.0,1132.5248772746
2025-10-05,Sheep,10,National Restocker Lamb Indicator,c/kg cwt,27137.0,1132.5248772746
2025-10-06,Sheep,10,National Restocker Lamb Indicator,c/kg cwt,28017.0,1134.2214146911
2025-10-07,Sheep,10,National Restocker Lamb Indicator,c/kg cwt,30614.0,1111.8890639152
2025-10-08,Sheep,10,National Restocker Lamb Indicator,c/kg cwt,30688.0,1111.95468183
2025-10-09,Sheep,10,National Restocker Lamb Indicator,c/kg cwt,43434.0,1107.7435458166
2025-10-10,Sheep,10,National Restocker Lamb Indicator,c/kg cwt,44456.0,1105.3980439491
2025-10-11,Sheep,10,National Restocker Lamb Indicator,c/kg cwt,44456.0,1105.3980439491
2025-10-12,Sheep,10,National Restocker Lamb Indicator,c/kg cwt,44456.0,1105.3980439491
2025-10-13,Sheep,10,National Restocker Lamb Indicator,c/kg cwt,47994.0,1095.1048546714
2025-10-14,Sheep,10,National Restocker Lamb Indicator,c/kg cwt,50297.0,1078.2614430602
2025-10-15,Sheep,10,National Restocker Lamb Indicator,c/kg cwt,50579.0,1054.3925535637
2025-10-16,Sheep,10,National Restocker Lamb Indicator,c/kg cwt,45289.0,1024.6321744088
2025-10-17,Sheep,10,National Restocker Lamb Indicator,c/kg cwt,43602.0,1024.5685611532
2025-10-18,Sheep,10,National Restocker Lamb Indicator,c/kg cwt,43602.0,1024.5685611532
2025-10-19,Sheep,10,National Restocker Lamb Indicator,c/kg cwt,43602.0,1024.5685611532
2025-10-20,Sheep,10,National Restocker Lamb Indicator,c/kg cwt,44039.0,1028.1437946343
2025-10-21,Sheep,10,National Restocker Lamb Indicator,c/kg cwt,49931.0,1041.9611421462
2025-10-22,Sheep,10,National Restocker Lamb Indicator,c/kg cwt,56983.0,1035.4951120439
2025-10-23,Sheep,10,National Restocker Lamb Indicator,c/kg cwt,53411.0,1042.2166691
2025-10-24,Sheep,10,National Restocker Lamb Indicator,c/kg cwt,53474.0,1041.1264613906
2025-10-25,Sheep,10,National Restocker Lamb Indicator,c/kg cwt,53474.0,1041.1264613906
2025-10-26,Sheep,10,National Restocker Lamb Indicator,c/kg cwt,53474.0,1041.1264613906
2025-10-27,Sheep,10,National Restocker Lamb Indicator,c/kg cwt,49824.0,1040.7452239724
2025-10-28,Sheep,10,National Restocker Lamb Indicator,c/kg cwt,43634.0,1047.4407100999
2025-10-29,Sheep,10,National Restocker Lamb Indicator,c/kg cwt,37072.0,1070.6618406371
2025-10-30,Sheep,10,National Restocker Lamb Indicator,c/kg cwt,38847.0,1089.8825911525
2025-10-31,Sheep,10,National Restocker Lamb Indicator,c/kg cwt,38884.0,1090.9903741462
2025-11-01,Sheep,10,National Restocker Lamb Indicator,c/kg cwt,38884.0,1090.9903741462
2025-11-02,Sheep,10,National Restocker Lamb Indicator,c/kg cwt,38884.0,1090.9903741462
2025-11-03,Sheep,10,National Restocker Lamb Indicator,c/kg cwt,37587.0,1096.5874195786
2025-11-04,Sheep,10,National Restocker Lamb Indicator,c/kg cwt,38976.0,1102.7716755901
2025-11-05,Sheep,10,National Restocker Lamb Indicator,c/kg cwt,40751.0,1104.7148783122
2025-11-06,Sheep,10,National Restocker Lamb Indicator,c/kg cwt,38583.0,1115.5588673535
2025-11-07,Sheep,10,National Restocker Lamb Indicator,c/kg cwt,39360.0,1105.4624784654
2025-11-08,Sheep,10,National Restocker Lamb Indicator,c/kg cwt,39360.0,1105.4624784654
2025-11-09,Sheep,10,National Restocker Lamb Indicator,c/kg cwt,39360.0,1105.4624784654
2025-11-10,Sheep,10,National Restocker Lamb Indicator,c/kg cwt,42476.0,1102.8785413481
2025-11-11,Sheep,10,National Restocker Lamb Indicator,c/kg cwt,42633.0,1116.7247340933
2025-11-12,Sheep,10,National Restocker Lamb Indicator,c/kg cwt,49444.0,1149.6344268789
2025-11-13,Sheep,10,National Restocker Lamb Indicator,c/kg cwt,50059.0,1140.1013159392
2025-11-14,Sheep,10,National Restocker Lamb Indicator,c/kg cwt,50427.0,1147.9189361969
2025-11-15,Sheep,10,National Restocker Lamb Indicator,c/kg cwt,50427.0,1147.9189361969
2025-11-16,Sheep,10,National Restocker Lamb Indicator,c/kg cwt,50427.0,1147.9189361969
2025-11-17,Sheep,10,National Restocker Lamb Indicator,c/kg cwt,49112.0,1163.4148488312
2025-11-18,Sheep,10,National Restocker Lamb Indicator,c/kg cwt,52313.0,1156.0456295835
2025-11-19,Sheep,10,National Restocker Lamb Indicator,c/kg cwt,55031.0,1134.1645011648
2025-11-20,Sheep,10,National Restocker Lamb Indicator,c/kg cwt,70036.0,1142.9820115898
2025-11-21,Sheep,10,National Restocker Lamb Indicator,c/kg cwt,69182.0,1143.2906704779
2025-11-22,Sheep,10,National Restocker Lamb Indicator,c/kg cwt,69182.0,1143.2906704779
2025-11-23,Sheep,10,National Restocker Lamb Indicator,c/kg cwt,69182.0,1143.2906704779
2025-11-24,Sheep,10,National Restocker Lamb Indicator,c/kg cwt,71153.0,1140.2013254747
2025-11-25,Sheep,10,National Restocker Lamb Indicator,c/kg cwt,73497.0,1143.0893426534
2025-11-26,Sheep,10,National Restocker Lamb Indicator,c/kg cwt,78679.0,1125.0867080441
2025-11-27,Sheep,10,National Restocker Lamb Indicator,c/kg cwt,67194.0,1104.8964142036
2025-11-28,Sheep,10,National Restocker Lamb Indicator,c/kg cwt,67292.0,1104.7864493759
2025-11-29,Sheep,10,National Restocker Lamb Indicator,c/kg cwt,67292.0,1104.7864493759
2025-11-30,Sheep,10,National Restocker Lamb Indicator,c/kg cwt,67292.0,1104.7864493759
2025-12-01,Sheep,10,National Restocker Lamb Indicator,c/kg cwt,67987.0,1094.9583979687
2025-12-02,Sheep,10,National Restocker Lamb Indicator,c/kg cwt,69851.0,1084.1760992412
2025-12-03,Sheep,10,National Restocker Lamb Indicator,c/kg cwt,65992.0,1086.4138100088
2025-12-04,Sheep,10,National Restocker Lamb Indicator,c/kg cwt,73150.0,1097.1431249925
2025-12-05,Sheep,10,National Restocker Lamb Indicator,c/kg cwt,72960.0,1096.5324936911
2025-12-06,Sheep,10,National Restocker Lamb Indicator,c/kg cwt,72960.0,1096.5324936911
2025-12-07,Sheep,10,National Restocker Lamb Indicator,c/kg cwt,72960.0,1096.5324936911
2025-12-08,Sheep,10,National Restocker Lamb Indicator,c/kg cwt,72509.0,1089.45566967
2025-12-09,Sheep,10,National Restocker Lamb Indicator,c/kg cwt,70092.0,1083.0336743879
2025-12-10,Sheep,10,National Restocker Lamb Indicator,c/kg cwt,72294.0,1076.8403400559
2025-12-11,Sheep,10,National Restocker Lamb Indicator,c/kg cwt,72496.0,1062.6750761063
2025-12-12,Sheep,10,National Restocker Lamb Indicator,c/kg cwt,72892.0,1063.3058251317
2025-12-13,Sheep,10,National Restocker Lamb Indicator,c/kg cwt,72892.0,1063.3058251317
2025-12-14,Sheep,10,National Restocker Lamb Indicator,c/kg cwt,72892.0,1063.3058251317
2025-12-15,Sheep,10,National Restocker Lamb Indicator,c/kg cwt,79356.0,1079.6825405552
2025-12-16,Sheep,10,National Restocker Lamb Indicator,c/kg cwt,75546.0,1091.2055213671
2025-12-17,Sheep,10,National Restocker Lamb Indicator,c/kg cwt,67199.0,1096.9480452566
2025-12-18,Sheep,10,National Restocker Lamb Indicator,c/kg cwt,56057.0,1105.7797926129
2025-12-19,Sheep,10,National Restocker Lamb Indicator,c/kg cwt,55147.0,1106.5136432771
2025-12-20,Sheep,10,National Restocker Lamb Indicator,c/kg cwt,55147.0,1106.5136432771
2025-12-21,Sheep,10,National Restocker Lamb Indicator,c/kg cwt,55147.0,1106.5136432771
2025-12-22,Sheep,10,National Restocker Lamb Indicator,c/kg cwt,40026.0,1104.9467490281
2025-12-23,Sheep,10,National Restocker Lamb Indicator,c/kg cwt,23512.0,1092.2642513015
2025-12-24,Sheep,10,National Restocker Lamb Indicator,c/kg cwt,8085.0,1104.4440191589
2025-04-01,Sheep,11,National Mutton Indicator,c/kg cwt,58835.0,470.5575297289
2025-04-02,Sheep,11,National Mutton Indicator,c/kg cwt,62334.0,498.3358172282
2025-04-03,Sheep,11,National Mutton Indicator,c/kg cwt,63560.0,545.5987623883
2025-04-04,Sheep,11,National Mutton Indicator,c/kg cwt,65225.0,550.6116286715
2025-04-05,Sheep,11,National Mutton Indicator,c/kg cwt,65225.0,550.6116286715
2025-04-06,Sheep,11,National Mutton Indicator,c/kg cwt,65225.0,550.6116286715
2025-04-07,Sheep,11,National Mutton Indicator,c/kg cwt,82195.0,546.6917013188
2025-04-08,Sheep,11,National Mutton Indicator,c/kg cwt,100251.0,530.2701053994
2025-04-09,Sheep,11,National Mutton Indicator,c/kg cwt,107819.0,509.599672887
2025-04-10,Sheep,11,National Mutton Indicator,c/kg cwt,126832.0,468.0732833512
2025-04-11,Sheep,11,National Mutton Indicator,c/kg cwt,128217.0,462.7734652534
2025-04-12,Sheep,11,National Mutton Indicator,c/kg cwt,128217.0,462.7734652534
2025-04-13,Sheep,11,National Mutton Indicator,c/kg cwt,128217.0,462.7734652534
2025-04-14,Sheep,11,National Mutton Indicator,c/kg cwt,116732.0,447.3053555786
2025-04-15,Sheep,11,National Mutton Indicator,c/kg cwt,99410.0,431.0215814616
2025-04-16,Sheep,11,National Mutton Indicator,c/kg cwt,79507.0,431.1064820192
2025-04-17,Sheep,11,National Mutton Indicator,c/kg cwt,45410.0,435.3847018498
2025-04-18,Sheep,11,National Mutton Indicator,c/kg cwt,40940.0,435.8285488422
2025-04-19,Sheep,11,National Mutton Indicator,c/kg cwt,40940.0,435.8285488422
2025-04-20,Sheep,11,National Mutton Indicator,c/kg cwt,40940.0,435.8285488422
2025-04-21,Sheep,11,National Mutton Indicator,c/kg cwt,25790.0,433.3134209383
2025-04-22,Sheep,11,National Mutton Indicator,c/kg cwt,15074.0,468.857516691
2025-04-23,Sheep,11,National Mutton Indicator,c/kg cwt,17075.0,519.2870156662
2025-04-24,Sheep,11,National Mutton Indicator,c/kg cwt,31616.0,562.1852279257
2025-04-25,Sheep,11,National Mutton Indicator,c/kg cwt,31616.0,562.1852279257
2025-04-26,Sheep,11,National Mutton Indicator,c/kg cwt,31616.0,562.1852279257
2025-04-27,Sheep,11,National Mutton Indicator,c/kg cwt,31616.0,562.1852279257
2025-04-28,Sheep,11,National Mutton Indicator,c/kg cwt,44185.0,591.1340988797
2025-04-29,Sheep,11,National Mutton Indicator,c/kg cwt,60899.0,609.064216772
2025-04-30,Sheep,11,National Mutton Indicator,c/kg cwt,75806.0,616.9931617695
2025-05-01,Sheep,11,National Mutton Indicator,c/kg cwt,80588.0,625.2490383717
2025-05-02,Sheep,11,National Mutton Indicator,c/kg cwt,83437.0,624.3847647195
2025-05-03,Sheep,11,National Mutton Indicator,c/kg cwt,83437.0,624.3847647195
2025-05-04,Sheep,11,National Mutton Indicator,c/kg cwt,83437.0,624.3847647195
2025-05-05,Sheep,11,National Mutton Indicator,c/kg cwt,90555.0,607.7269892872
2025-05-06,Sheep,11,National Mutton Indicator,c/kg cwt,99633.0,589.137264023
2025-05-07,Sheep,11,National Mutton Indicator,c/kg cwt,96129.0,564.1565948632
2025-05-08,Sheep,11,National Mutton Indicator,c/kg cwt,98125.0,533.6336191164
2025-05-09,Sheep,11,National Mutton Indicator,c/kg cwt,98239.0,529.2341947353
2025-05-10,Sheep,11,National Mutton Indicator,c/kg cwt,98239.0,529.2341947353
2025-05-11,Sheep,11,National Mutton Indicator,c/kg cwt,98239.0,529.2341947353
2025-05-12,Sheep,11,National Mutton Indicator,c/kg cwt,96150.0,520.6402250369
2025-05-13,Sheep,11,National Mutton Indicator,c/kg cwt,87117.0,504.9482170862
2025-05-14,Sheep,11,National Mutton Indicator,c/kg cwt,84381.0,506.3391165677
2025-05-15,Sheep,11,National Mutton Indicator,c/kg cwt,79108.0,512.8323067667
2025-05-16,Sheep,11,National Mutton Indicator,c/kg cwt,77865.0,516.9945948501
2025-05-17,Sheep,11,National Mutton Indicator,c/kg cwt,77865.0,516.9945948501
2025-05-18,Sheep,11,National Mutton Indicator,c/kg cwt,77865.0,516.9945948501
2025-05-19,Sheep,11,National Mutton Indicator,c/kg cwt,73289.0,524.5815546508
2025-05-20,Sheep,11,National Mutton Indicator,c/kg cwt,78836.0,540.525492421
2025-05-21,Sheep,11,National Mutton Indicator,c/kg cwt,75933.0,551.0961940013
2025-05-22,Sheep,11,National Mutton Indicator,c/kg cwt,71112.0,570.1366391003
2025-05-23,Sheep,11,National Mutton Indicator,c/kg cwt,69392.0,569.5044008675
2025-05-24,Sheep,11,National Mutton Indicator,c/kg cwt,69392.0,569.5044008675
2025-05-25,Sheep,11,National Mutton Indicator,c/kg cwt,69392.0,569.5044008675
2025-05-26,Sheep,11,National Mutton Indicator,c/kg cwt,69445.0,579.4396362431
2025-05-27,Sheep,11,National Mutton Indicator,c/kg cwt,59994.0,592.926613503
2025-05-28,Sheep,11,National Mutton Indicator,c/kg cwt,59523.0,611.4468797557
2025-05-29,Sheep,11,National Mutton Indicator,c/kg cwt,58827.0,616.3192495198
2025-05-30,Sheep,11,National Mutton Indicator,c/kg cwt,60816.0,619.3497104364
2025-05-31,Sheep,11,National Mutton Indicator,c/kg cwt,60816.0,619.3497104364
2025-06-01,Sheep,11,National Mutton Indicator,c/kg cwt,60816.0,619.3497104364
2025-06-02,Sheep,11,National Mutton Indicator,c/kg cwt,62976.0,623.2801034489
2025-06-03,Sheep,11,National Mutton Indicator,c/kg cwt,63466.0,636.4632865471
2025-06-04,Sheep,11,National Mutton Indicator,c/kg cwt,60982.0,635.4420767768
2025-06-05,Sheep,11,National Mutton Indicator,c/kg cwt,61449.0,634.5568840307
2025-06-06,Sheep,11,National Mutton Indicator,c/kg cwt,62250.0,633.2484897912
2025-06-07,Sheep,11,National Mutton Indicator,c/kg cwt,62250.0,633.2484897912
2025-06-08,Sheep,11,National Mutton Indicator,c/kg cwt,62250.0,633.2484897912
2025-06-09,Sheep,11,National Mutton Indicator,c/kg cwt,47015.0,629.0489338573
2025-06-10,Sheep,11,National Mutton Indicator,c/kg cwt,41470.0,633.2021357584
2025-06-11,Sheep,11,National Mutton Indicator,c/kg cwt,42206.0,648.6789635265
2025-06-12,Sheep,11,National Mutton Indicator,c/kg cwt,43648.0,667.1307395734
2025-06-13,Sheep,11,National Mutton Indicator,c/kg cwt,42617.0,670.7279860056
2025-06-14,Sheep,11,National Mutton Indicator,c/kg cwt,42617.0,670.7279860056
2025-06-15,Sheep,11,National Mutton Indicator,c/kg cwt,42617.0,670.7279860056
2025-06-16,Sheep,11,National Mutton Indicator,c/kg cwt,61307.0,678.3838586817
2025-06-17,Sheep,11,National Mutton Indicator,c/kg cwt,65587.0,686.4882150518
2025-06-18,Sheep,11,National Mutton Indicator,c/kg cwt,65941.0,683.2729472468
2025-06-19,Sheep,11,National Mutton Indicator,c/kg cwt,65741.0,673.7485878691
2025-06-20,Sheep,11,National Mutton Indicator,c/kg cwt,66402.0,672.0272867248
2025-06-21,Sheep,11,National Mutton Indicator,c/kg cwt,66402.0,672.0272867248
2025-06-22,Sheep,11,National Mutton Indicator,c/kg cwt,66402.0,672.0272867248
2025-06-23,Sheep,11,National Mutton Indicator,c/kg cwt,59603.0,657.045137374
2025-06-24,Sheep,11,National Mutton Indicator,c/kg cwt,57358.0,639.4909345043
2025-06-25,Sheep,11,National Mutton Indicator,c/kg cwt,55581.0,638.397614021
2025-06-26,Sheep,11,National Mutton Indicator,c/kg cwt,52698.0,645.4326695966
2025-06-27,Sheep,11,National Mutton Indicator,c/kg cwt,52862.0,646.6774371458
2025-06-28,Sheep,11,National Mutton Indicator,c/kg cwt,52862.0,646.6774371458
2025-06-29,Sheep,11,National Mutton Indicator,c/kg cwt,52862.0,646.6774371458
2025-06-30,Sheep,11,National Mutton Indicator,c/kg cwt,53643.0,655.7021310367
2025-07-01,Sheep,11,National Mutton Indicator,c/kg cwt,52995.0,677.1407540598
2025-07-02,Sheep,11,National Mutton Indicator,c/kg cwt,52039.0,689.1885835931
2025-07-03,Sheep,11,National Mutton Indicator,c/kg cwt,54152.0,680.8917727268
2025-07-04,Sheep,11,National Mutton Indicator,c/kg cwt,53599.0,679.9113601056
2025-07-05,Sheep,11,National Mutton Indicator,c/kg cwt,53599.0,679.9113601056
2025-07-06,Sheep,11,National Mutton Indicator,c/kg cwt,53599.0,679.9113601056
2025-07-07,Sheep,11,National Mutton Indicator,c/kg cwt,53651.0,683.9684403497
2025-07-08,Sheep,11,National Mutton Indicator,c/kg cwt,57244.0,685.928267925
2025-07-09,Sheep,11,National Mutton Indicator,c/kg cwt,54511.0,683.8293772596
2025-07-10,Sheep,11,National Mutton Indicator,c/kg cwt,47243.0,690.6985793917
2025-07-11,Sheep,11,National Mutton Indicator,c/kg cwt,47577.0,692.4279413876
2025-07-12,Sheep,11,National Mutton Indicator,c/kg cwt,47577.0,692.4279413876
2025-07-13,Sheep,11,National Mutton Indicator,c/kg cwt,47577.0,692.4279413876
2025-07-14,Sheep,11,National Mutton Indicator,c/kg cwt,51600.0,698.0783676105
2025-07-15,Sheep,11,National Mutton Indicator,c/kg cwt,52506.0,693.359729149
2025-07-16,Sheep,11,National Mutton Indicator,c/kg cwt,51981.0,693.6279573075
2025-07-17,Sheep,11,National Mutton Indicator,c/kg cwt,57373.0,691.6816391282
2025-07-18,Sheep,11,National Mutton Indicator,c/kg cwt,58096.0,691.1721632677
2025-07-19,Sheep,11,National Mutton Indicator,c/kg cwt,58096.0,691.1721632677
2025-07-20,Sheep,11,National Mutton Indicator,c/kg cwt,58096.0,691.1721632677
2025-07-21,Sheep,11,National Mutton Indicator,c/kg cwt,59855.0,690.3277175491
2025-07-22,Sheep,11,National Mutton Indicator,c/kg cwt,58561.0,694.8999216253
2025-07-23,Sheep,11,National Mutton Indicator,c/kg cwt,62465.0,694.5630908173
2025-07-24,Sheep,11,National Mutton Indicator,c/kg cwt,60309.0,695.5600461308
2025-07-25,Sheep,11,National Mutton Indicator,c/kg cwt,60173.0,696.1890941785
2025-07-26,Sheep,11,National Mutton Indicator,c/kg cwt,60173.0,696.1890941785
2025-07-27,Sheep,11,National Mutton Indicator,c/kg cwt,60173.0,696.1890941785
2025-07-28,Sheep,11,National Mutton Indicator,c/kg cwt,52375.0,704.9676047561
2025-07-29,Sheep,11,National Mutton Indicator,c/kg cwt,47878.0,720.653087723
2025-07-30,Sheep,11,National Mutton Indicator,c/kg cwt,46922.0,729.7051795363
2025-07-31,Sheep,11,National Mutton Indicator,c/kg cwt,46273.0,743.3719515074
2025-08-01,Sheep,11,National Mutton Indicator,c/kg cwt,44575.0,748.6447242984
2025-08-02,Sheep,11,National Mutton Indicator,c/kg cwt,44575.0,748.6447242984
2025-08-03,Sheep,11,National Mutton Indicator,c/kg cwt,44575.0,748.6447242984
2025-08-04,Sheep,11,National Mutton Indicator,c/kg cwt,49342.0,770.1055216367
2025-08-05,Sheep,11,National Mutton Indicator,c/kg cwt,55614.0,771.8729813266
2025-08-06,Sheep,11,National Mutton Indicator,c/kg cwt,57743.0,775.6034563376
2025-08-07,Sheep,11,National Mutton Indicator,c/kg cwt,53541.0,770.4667585757
2025-08-08,Sheep,11,National Mutton Indicator,c/kg cwt,54109.0,771.9306445471
2025-08-09,Sheep,11,National Mutton Indicator,c/kg cwt,54109.0,771.9306445471
2025-08-10,Sheep,11,National Mutton Indicator,c/kg cwt,54109.0,771.9306445471
2025-08-11,Sheep,11,National Mutton Indicator,c/kg cwt,56182.0,751.4326906055
2025-08-12,Sheep,11,National Mutton Indicator,c/kg cwt,57152.0,753.2215032282
2025-08-13,Sheep,11,National Mutton Indicator,c/kg cwt,58750.0,741.1645015779
2025-08-14,Sheep,11,National Mutton Indicator,c/kg cwt,67840.0,741.9343576577
2025-08-15,Sheep,11,National Mutton Indicator,c/kg cwt,71159.0,742.1110897539
2025-08-16,Sheep,11,National Mutton Indicator,c/kg cwt,71159.0,742.1110897539
2025-08-17,Sheep,11,National Mutton Indicator,c/kg cwt,71159.0,742.1110897539
2025-08-18,Sheep,11,National Mutton Indicator,c/kg cwt,70649.0,736.5165643618
2025-08-19,Sheep,11,National Mutton Indicator,c/kg cwt,71816.0,729.135456014
2025-08-20,Sheep,11,National Mutton Indicator,c/kg cwt,68041.0,723.7537579621
2025-08-21,Sheep,11,National Mutton Indicator,c/kg cwt,64115.0,717.6845409124
2025-08-22,Sheep,11,National Mutton Indicator,c/kg cwt,63367.0,714.5898261161
2025-08-23,Sheep,11,National Mutton Indicator,c/kg cwt,63367.0,714.5898261161
2025-08-24,Sheep,11,National Mutton Indicator,c/kg cwt,63367.0,714.5898261161
2025-08-25,Sheep,11,National Mutton Indicator,c/kg cwt,59869.0,705.9801013596
2025-08-26,Sheep,11,National Mutton Indicator,c/kg cwt,59878.0,709.6005168476
2025-08-27,Sheep,11,National Mutton Indicator,c/kg cwt,62816.0,710.5512939315
2025-08-28,Sheep,11,National Mutton Indicator,c/kg cwt,61825.0,709.5108712026
2025-08-29,Sheep,11,National Mutton Indicator,c/kg cwt,60959.0,705.0984548221
2025-08-30,Sheep,11,National Mutton Indicator,c/kg cwt,60959.0,705.0984548221
2025-08-31,Sheep,11,National Mutton Indicator,c/kg cwt,60959.0,705.0984548221
2025-09-01,Sheep,11,National Mutton Indicator,c/kg cwt,61228.0,708.154608777
2025-09-02,Sheep,11,National Mutton Indicator,c/kg cwt,50369.0,709.6081027418
2025-09-03,Sheep,11,National Mutton Indicator,c/kg cwt,49090.0,713.2666839214
2025-09-04,Sheep,11,National Mutton Indicator,c/kg cwt,52664.0,709.4028004804
2025-09-05,Sheep,11,National Mutton Indicator,c/kg cwt,54860.0,714.1536117791
2025-09-06,Sheep,11,National Mutton Indicator,c/kg cwt,54860.0,714.1536117791
2025-09-07,Sheep,11,National Mutton Indicator,c/kg cwt,54860.0,714.1536117791
2025-09-08,Sheep,11,National Mutton Indicator,c/kg cwt,56117.0,715.1553148636
2025-09-09,Sheep,11,National Mutton Indicator,c/kg cwt,65193.0,722.5298643857
2025-09-10,Sheep,11,National Mutton Indicator,c/kg cwt,62079.0,729.928710949
2025-09-11,Sheep,11,National Mutton Indicator,c/kg cwt,60067.0,744.7955494498
2025-09-12,Sheep,11,National Mutton Indicator,c/kg cwt,55276.0,745.1359750109
2025-09-13,Sheep,11,National Mutton Indicator,c/kg cwt,55276.0,745.1359750109
2025-09-14,Sheep,11,National Mutton Indicator,c/kg cwt,55276.0,745.1359750109
2025-09-15,Sheep,11,National Mutton Indicator,c/kg cwt,55636.0,756.1354616993
2025-09-16,Sheep,11,National Mutton Indicator,c/kg cwt,56904.0,763.2695793986
2025-09-17,Sheep,11,National Mutton Indicator,c/kg cwt,60291.0,766.4482650777
2025-09-18,Sheep,11,National Mutton Indicator,c/kg cwt,61060.0,762.6036322322
2025-09-19,Sheep,11,National Mutton Indicator,c/kg cwt,63897.0,767.4669038124
2025-09-20,Sheep,11,National Mutton Indicator,c/kg cwt,63897.0,767.4669038124
2025-09-21,Sheep,11,National Mutton Indicator,c/kg cwt,63897.0,767.4669038124
2025-09-22,Sheep,11,National Mutton Indicator,c/kg cwt,62692.0,769.8547606361
2025-09-23,Sheep,11,National Mutton Indicator,c/kg cwt,64547.0,769.8755553008
2025-09-24,Sheep,11,National Mutton Indicator,c/kg cwt,65068.0,765.0326565531
2025-09-25,Sheep,11,National Mutton Indicator,c/kg cwt,61747.0,772.7809492332
2025-09-26,Sheep,11,National Mutton Indicator,c/kg cwt,62927.0,770.0079564209
2025-09-27,Sheep,11,National Mutton Indicator,c/kg cwt,62927.0,770.0079564209
2025-09-28,Sheep,11,National Mutton Indicator,c/kg cwt,62927.0,770.0079564209
2025-09-29,Sheep,11,National Mutton Indicator,c/kg cwt,67370.0,775.703605455
2025-09-30,Sheep,11,National Mutton Indicator,c/kg cwt,62515.0,797.6217149196
2025-10-01,Sheep,11,National Mutton Indicator,c/kg cwt,65970.0,802.5377805412
2025-10-02,Sheep,11,National Mutton Indicator,c/kg cwt,73770.0,801.5044285631
2025-10-03,Sheep,11,National Mutton Indicator,c/kg cwt,74525.0,802.8183245944
2025-10-04,Sheep,11,National Mutton Indicator,c/kg cwt,74525.0,802.8183245944
2025-10-05,Sheep,11,National Mutton Indicator,c/kg cwt,74525.0,802.8183245944
2025-10-06,Sheep,11,National Mutton Indicator,c/kg cwt,66903.0,810.4672976488
2025-10-07,Sheep,11,National Mutton Indicator,c/kg cwt,77226.0,802.0579525535
2025-10-08,Sheep,11,National Mutton Indicator,c/kg cwt,80691.0,798.8438818121
2025-10-09,Sheep,11,National Mutton Indicator,c/kg cwt,81642.0,780.6422168222
2025-10-10,Sheep,11,National Mutton Indicator,c/kg cwt,82311.0,772.8066625153
2025-10-11,Sheep,11,National Mutton Indicator,c/kg cwt,82311.0,772.8066625153
2025-10-12,Sheep,11,National Mutton Indicator,c/kg cwt,82311.0,772.8066625153
2025-10-13,Sheep,11,National Mutton Indicator,c/kg cwt,94766.0,747.4894654264
2025-10-14,Sheep,11,National Mutton Indicator,c/kg cwt,94092.0,713.3819596182
2025-10-15,Sheep,11,National Mutton Indicator,c/kg cwt,90109.0,696.4536571108
2025-10-16,Sheep,11,National Mutton Indicator,c/kg cwt,92673.0,686.1684682302
2025-10-17,Sheep,11,National Mutton Indicator,c/kg cwt,88715.0,682.4324360649
2025-10-18,Sheep,11,National Mutton Indicator,c/kg cwt,88715.0,682.4324360649
2025-10-19,Sheep,11,National Mutton Indicator,c/kg cwt,88715.0,682.4324360649
2025-10-20,Sheep,11,National Mutton Indicator,c/kg cwt,85753.0,680.3669217975
2025-10-21,Sheep,11,National Mutton Indicator,c/kg cwt,83469.0,685.2690913417
2025-10-22,Sheep,11,National Mutton Indicator,c/kg cwt,87584.0,678.7373521773
2025-10-23,Sheep,11,National Mutton Indicator,c/kg cwt,79378.0,682.4993382713
2025-10-24,Sheep,11,National Mutton Indicator,c/kg cwt,78751.0,685.3343226423
2025-10-25,Sheep,11,National Mutton Indicator,c/kg cwt,78751.0,685.3343226423
2025-10-26,Sheep,11,National Mutton Indicator,c/kg cwt,78751.0,685.3343226423
2025-10-27,Sheep,11,National Mutton Indicator,c/kg cwt,73621.0,689.8564080127
2025-10-28,Sheep,11,National Mutton Indicator,c/kg cwt,66959.0,687.9716903657
2025-10-29,Sheep,11,National Mutton Indicator,c/kg cwt,62697.0,699.9077538
2025-10-30,Sheep,11,National Mutton Indicator,c/kg cwt,71547.0,732.597048364
2025-10-31,Sheep,11,National Mutton Indicator,c/kg cwt,71458.0,734.6795024756
2025-11-01,Sheep,11,National Mutton Indicator,c/kg cwt,71458.0,734.6795024756
2025-11-02,Sheep,11,National Mutton Indicator,c/kg cwt,71458.0,734.6795024756
2025-11-03,Sheep,11,National Mutton Indicator,c/kg cwt,69692.0,744.8404888079
2025-11-04,Sheep,11,National Mutton Indicator,c/kg cwt,74866.0,753.9135774744
2025-11-05,Sheep,11,National Mutton Indicator,c/kg cwt,78873.0,751.7573169513
2025-11-06,Sheep,11,National Mutton Indicator,c/kg cwt,82093.0,735.8902443095
2025-11-07,Sheep,11,National Mutton Indicator,c/kg cwt,83137.0,734.5372768623
2025-11-08,Sheep,11,National Mutton Indicator,c/kg cwt,83137.0,734.5372768623
2025-11-09,Sheep,11,National Mutton Indicator,c/kg cwt,83137.0,734.5372768623
2025-11-10,Sheep,11,National Mutton Indicator,c/kg cwt,90362.0,730.2217647053
2025-11-11,Sheep,11,National Mutton Indicator,c/kg cwt,88593.0,721.2885067658
2025-11-12,Sheep,11,National Mutton Indicator,c/kg cwt,86960.0,728.6467556957
2025-11-13,Sheep,11,National Mutton Indicator,c/kg cwt,83527.0,733.2337972284
2025-11-14,Sheep,11,National Mutton Indicator,c/kg cwt,82503.0,733.7090921518
2025-11-15,Sheep,11,National Mutton Indicator,c/kg cwt,82503.0,733.7090921518
2025-11-16,Sheep,11,National Mutton Indicator,c/kg cwt,82503.0,733.7090921518
2025-11-17,Sheep,11,National Mutton Indicator,c/kg cwt,76997.0,737.6964834825
2025-11-18,Sheep,11,National Mutton Indicator,c/kg cwt,77824.0,743.4862011385
2025-11-19,Sheep,11,National Mutton Indicator,c/kg cwt,73230.0,753.5442124116
2025-11-20,Sheep,11,National Mutton Indicator,c/kg cwt,74003.0,751.3787488872
2025-11-21,Sheep,11,National Mutton Indicator,c/kg cwt,78076.0,747.7649254035
2025-11-22,Sheep,11,National Mutton Indicator,c/kg cwt,78076.0,747.7649254035
2025-11-23,Sheep,11,National Mutton Indicator,c/kg cwt,78076.0,747.7649254035
2025-11-24,Sheep,11,National Mutton Indicator,c/kg cwt,83184.0,747.1159719658
2025-11-25,Sheep,11,National Mutton Indicator,c/kg cwt,80201.0,753.7083742983
2025-11-26,Sheep,11,National Mutton Indicator,c/kg cwt,87692.0,750.2416111378
2025-11-27,Sheep,11,National Mutton Indicator,c/kg cwt,90918.0,753.6162549319
2025-11-28,Sheep,11,National Mutton Indicator,c/kg cwt,95068.0,752.4101429472
2025-11-29,Sheep,11,National Mutton Indicator,c/kg cwt,95068.0,752.4101429472
2025-11-30,Sheep,11,National Mutton Indicator,c/kg cwt,95068.0,752.4101429472
2025-12-01,Sheep,11,National Mutton Indicator,c/kg cwt,94941.0,758.0651026817
2025-12-02,Sheep,11,National Mutton Indicator,c/kg cwt,105703.0,758.5109351579
2025-12-03,Sheep,11,National Mutton Indicator,c/kg cwt,102519.0,763.3323537861
2025-12-04,Sheep,11,National Mutton Indicator,c/kg cwt,97223.0,765.800673135
2025-12-05,Sheep,11,National Mutton Indicator,c/kg cwt,100434.0,767.4847531215
2025-12-06,Sheep,11,National Mutton Indicator,c/kg cwt,100434.0,767.4847531215
2025-12-07,Sheep,11,National Mutton Indicator,c/kg cwt,100434.0,767.4847531215
2025-12-08,Sheep,11,National Mutton Indicator,c/kg cwt,94425.0,767.4264417379
2025-12-09,Sheep,11,National Mutton Indicator,c/kg cwt,91369.0,765.9712288139
2025-12-10,Sheep,11,National Mutton Indicator,c/kg cwt,96154.0,752.8366582649
2025-12-11,Sheep,11,National Mutton Indicator,c/kg cwt,102794.0,739.9848459647
2025-12-12,Sheep,11,National Mutton Indicator,c/kg cwt,103430.0,728.0644708624
2025-12-13,Sheep,11,National Mutton Indicator,c/kg cwt,103430.0,728.0644708624
2025-12-14,Sheep,11,National Mutton Indicator,c/kg cwt,103430.0,728.0644708624
2025-12-15,Sheep,11,National Mutton Indicator,c/kg cwt,104121.0,720.6532969459
2025-12-16,Sheep,11,National Mutton Indicator,c/kg cwt,97052.0,721.2821000608
2025-12-17,Sheep,11,National Mutton Indicator,c/kg cwt,84559.0,715.9478874052
2025-12-18,Sheep,11,National Mutton Indicator,c/kg cwt,68557.0,712.7081012807
2025-12-19,Sheep,11,National Mutton Indicator,c/kg cwt,54768.0,728.8253363862
2025-12-20,Sheep,11,National Mutton Indicator,c/kg cwt,54768.0,728.8253363862
2025-12-21,Sheep,11,National Mutton Indicator,c/kg cwt,54768.0,728.8253363862
2025-12-22,Sheep,11,National Mutton Indicator,c/kg cwt,39747.0,734.0431387501
2025-12-23,Sheep,11,National Mutton Indicator,c/kg cwt,17333.0,654.0570372757
2025-12-24,Sheep,11,National Mutton Indicator,c/kg cwt,6855.0,690.5587368344
2025-04-01,Cattle,12,National Restocker Yearling Heifer Indicator,c/kg lwt,1726.0,304.7915432793
2025-04-02,Cattle,12,National Restocker Yearling Heifer Indicator,c/kg lwt,1223.0,318.7003296811
2025-04-03,Cattle,12,National Restocker Yearling Heifer Indicator,c/kg lwt,997.0,325.4689099298
2025-04-04,Cattle,12,National Restocker Yearling Heifer Indicator,c/kg lwt,997.0,325.4689099298
2025-04-05,Cattle,12,National Restocker Yearling Heifer Indicator,c/kg lwt,997.0,325.4689099298
2025-04-06,Cattle,12,National Restocker Yearling Heifer Indicator,c/kg lwt,997.0,325.4689099298
2025-04-07,Cattle,12,National Restocker Yearling Heifer Indicator,c/kg lwt,1102.0,314.7503656987
2025-04-08,Cattle,12,National Restocker Yearling Heifer Indicator,c/kg lwt,1509.0,326.0404946322
2025-04-09,Cattle,12,National Restocker Yearling Heifer Indicator,c/kg lwt,1927.0,321.6253277115
2025-04-10,Cattle,12,National Restocker Yearling Heifer Indicator,c/kg lwt,2169.0,319.7846964039
2025-04-11,Cattle,12,National Restocker Yearling Heifer Indicator,c/kg lwt,2169.0,319.7846964039
2025-04-12,Cattle,12,National Restocker Yearling Heifer Indicator,c/kg lwt,2169.0,319.7846964039
2025-04-13,Cattle,12,National Restocker Yearling Heifer Indicator,c/kg lwt,2169.0,319.7846964039
2025-04-14,Cattle,12,National Restocker Yearling Heifer Indicator,c/kg lwt,1996.0,325.8064161824
2025-04-15,Cattle,12,National Restocker Yearling Heifer Indicator,c/kg lwt,2471.0,327.0100405099
2025-04-16,Cattle,12,National Restocker Yearling Heifer Indicator,c/kg lwt,2592.0,324.2662851852
2025-04-17,Cattle,12,National Restocker Yearling Heifer Indicator,c/kg lwt,2302.0,325.8762863597
2025-04-18,Cattle,12,National Restocker Yearling Heifer Indicator,c/kg lwt,2302.0,325.8762863597
2025-04-19,Cattle,12,National Restocker Yearling Heifer Indicator,c/kg lwt,2302.0,325.8762863597
2025-04-20,Cattle,12,National Restocker Yearling Heifer Indicator,c/kg lwt,2302.0,325.8762863597
2025-04-21,Cattle,12,National Restocker Yearling Heifer Indicator,c/kg lwt,2104.0,325.3605565589
2025-04-22,Cattle,12,National Restocker Yearling Heifer Indicator,c/kg lwt,1499.0,325.9714538359
2025-04-23,Cattle,12,National Restocker Yearling Heifer Indicator,c/kg lwt,1073.0,332.3481891892
2025-04-24,Cattle,12,National Restocker Yearling Heifer Indicator,c/kg lwt,1161.0,330.8851050818
2025-04-25,Cattle,12,National Restocker Yearling Heifer Indicator,c/kg lwt,1161.0,330.8851050818
2025-04-26,Cattle,12,National Restocker Yearling Heifer Indicator,c/kg lwt,1161.0,330.8851050818
2025-04-27,Cattle,12,National Restocker Yearling Heifer Indicator,c/kg lwt,1161.0,330.8851050818
2025-04-28,Cattle,12,National Restocker Yearling Heifer Indicator,c/kg lwt,1586.0,334.6996261034
2025-04-29,Cattle,12,National Restocker Yearling Heifer Indicator,c/kg lwt,3300.0,332.501643303
2025-04-30,Cattle,12,National Restocker Yearling Heifer Indicator,c/kg lwt,3838.0,328.5968283481
2025-05-01,Cattle,12,National Restocker Yearling Heifer Indicator,c/kg lwt,5042.0,325.7732303054
2025-05-02,Cattle,12,National Restocker Yearling Heifer Indicator,c/kg lwt,5042.0,325.7732303054
2025-05-03,Cattle,12,National Restocker Yearling Heifer Indicator,c/kg lwt,5042.0,325.7732303054
2025-05-04,Cattle,12,National Restocker Yearling Heifer Indicator,c/kg lwt,5042.0,325.7732303054
2025-05-05,Cattle,12,National Restocker Yearling Heifer Indicator,c/kg lwt,5339.0,322.1553527252
2025-05-06,Cattle,12,National Restocker Yearling Heifer Indicator,c/kg lwt,4697.0,319.573221056
2025-05-07,Cattle,12,National Restocker Yearling Heifer Indicator,c/kg lwt,4867.0,316.3235705568
2025-05-08,Cattle,12,National Restocker Yearling Heifer Indicator,c/kg lwt,4180.0,312.3722052392
2025-05-09,Cattle,12,National Restocker Yearling Heifer Indicator,c/kg lwt,4180.0,312.3722052392
2025-05-10,Cattle,12,National Restocker Yearling Heifer Indicator,c/kg lwt,4180.0,312.3722052392
2025-05-11,Cattle,12,National Restocker Yearling Heifer Indicator,c/kg lwt,4180.0,312.3722052392
2025-05-12,Cattle,12,National Restocker Yearling Heifer Indicator,c/kg lwt,4473.0,309.3425926448
2025-05-13,Cattle,12,National Restocker Yearling Heifer Indicator,c/kg lwt,4546.0,303.4684595469
2025-05-14,Cattle,12,National Restocker Yearling Heifer Indicator,c/kg lwt,4382.0,298.5842118895
2025-05-15,Cattle,12,National Restocker Yearling Heifer Indicator,c/kg lwt,4446.0,294.7719335358
2025-05-16,Cattle,12,National Restocker Yearling Heifer Indicator,c/kg lwt,4446.0,294.7719335358
2025-05-17,Cattle,12,National Restocker Yearling Heifer Indicator,c/kg lwt,4446.0,294.7719335358
2025-05-18,Cattle,12,National Restocker Yearling Heifer Indicator,c/kg lwt,4446.0,294.7719335358
2025-05-19,Cattle,12,National Restocker Yearling Heifer Indicator,c/kg lwt,3791.0,295.5366965181
2025-05-20,Cattle,12,National Restocker Yearling Heifer Indicator,c/kg lwt,4270.0,295.1594900234
2025-05-21,Cattle,12,National Restocker Yearling Heifer Indicator,c/kg lwt,4338.0,303.6795816505
2025-05-22,Cattle,12,National Restocker Yearling Heifer Indicator,c/kg lwt,3745.0,310.5094860347
2025-05-23,Cattle,12,National Restocker Yearling Heifer Indicator,c/kg lwt,3745.0,310.5094860347
2025-05-24,Cattle,12,National Restocker Yearling Heifer Indicator,c/kg lwt,3745.0,310.5094860347
2025-05-25,Cattle,12,National Restocker Yearling Heifer Indicator,c/kg lwt,3745.0,310.5094860347
2025-05-26,Cattle,12,National Restocker Yearling Heifer Indicator,c/kg lwt,3698.0,313.5291036236
2025-05-27,Cattle,12,National Restocker Yearling Heifer Indicator,c/kg lwt,2542.0,323.2728591267
2025-05-28,Cattle,12,National Restocker Yearling Heifer Indicator,c/kg lwt,2213.0,322.7793062359
2025-05-29,Cattle,12,National Restocker Yearling Heifer Indicator,c/kg lwt,2935.0,322.6316881772
2025-05-30,Cattle,12,National Restocker Yearling Heifer Indicator,c/kg lwt,2935.0,322.6316881772
2025-05-31,Cattle,12,National Restocker Yearling Heifer Indicator,c/kg lwt,2935.0,322.6316881772
2025-06-01,Cattle,12,National Restocker Yearling Heifer Indicator,c/kg lwt,2935.0,322.6316881772
2025-06-02,Cattle,12,National Restocker Yearling Heifer Indicator,c/kg lwt,2843.0,322.6175184312
2025-06-03,Cattle,12,National Restocker Yearling Heifer Indicator,c/kg lwt,3185.0,327.7961732182
2025-06-04,Cattle,12,National Restocker Yearling Heifer Indicator,c/kg lwt,3815.0,327.5994793185
2025-06-05,Cattle,12,National Restocker Yearling Heifer Indicator,c/kg lwt,3345.0,329.3096004484
2025-06-06,Cattle,12,National Restocker Yearling Heifer Indicator,c/kg lwt,3345.0,329.3096004484
2025-06-07,Cattle,12,National Restocker Yearling Heifer Indicator,c/kg lwt,3345.0,329.3096004484
2025-06-08,Cattle,12,National Restocker Yearling Heifer Indicator,c/kg lwt,3345.0,329.3096004484
2025-06-09,Cattle,12,National Restocker Yearling Heifer Indicator,c/kg lwt,3124.0,327.3938583227
2025-06-10,Cattle,12,National Restocker Yearling Heifer Indicator,c/kg lwt,4258.0,321.3107157586
2025-06-11,Cattle,12,National Restocker Yearling Heifer Indicator,c/kg lwt,4237.0,319.8234189993
2025-06-12,Cattle,12,National Restocker Yearling Heifer Indicator,c/kg lwt,4091.0,318.8017175018
2025-06-13,Cattle,12,National Restocker Yearling Heifer Indicator,c/kg lwt,4091.0,318.8017175018
2025-06-14,Cattle,12,National Restocker Yearling Heifer Indicator,c/kg lwt,4091.0,318.8017175018
2025-06-15,Cattle,12,National Restocker Yearling Heifer Indicator,c/kg lwt,4091.0,318.8017175018
2025-06-16,Cattle,12,National Restocker Yearling Heifer Indicator,c/kg lwt,4553.0,321.7407920712
2025-06-17,Cattle,12,National Restocker Yearling Heifer Indicator,c/kg lwt,4490.0,323.0142150111
2025-06-18,Cattle,12,National Restocker Yearling Heifer Indicator,c/kg lwt,3998.0,321.0517318909
2025-06-19,Cattle,12,National Restocker Yearling Heifer Indicator,c/kg lwt,4106.0,320.3947452752
2025-06-20,Cattle,12,National Restocker Yearling Heifer Indicator,c/kg lwt,4106.0,320.3947452752
2025-06-21,Cattle,12,National Restocker Yearling Heifer Indicator,c/kg lwt,4106.0,320.3947452752
2025-06-22,Cattle,12,National Restocker Yearling Heifer Indicator,c/kg lwt,4106.0,320.3947452752
2025-06-23,Cattle,12,National Restocker Yearling Heifer Indicator,c/kg lwt,3734.0,316.8307509909
2025-06-24,Cattle,12,National Restocker Yearling Heifer Indicator,c/kg lwt,3538.0,312.8260097795
2025-06-25,Cattle,12,National Restocker Yearling Heifer Indicator,c/kg lwt,3588.0,311.7687358974
2025-06-26,Cattle,12,National Restocker Yearling Heifer Indicator,c/kg lwt,4136.0,311.8308086074
2025-06-27,Cattle,12,National Restocker Yearling Heifer Indicator,c/kg lwt,4136.0,311.8308086074
2025-06-28,Cattle,12,National Restocker Yearling Heifer Indicator,c/kg lwt,4136.0,311.8308086074
2025-06-29,Cattle,12,National Restocker Yearling Heifer Indicator,c/kg lwt,4136.0,311.8308086074
2025-06-30,Cattle,12,National Restocker Yearling Heifer Indicator,c/kg lwt,4264.0,312.5619194418
2025-07-01,Cattle,12,National Restocker Yearling Heifer Indicator,c/kg lwt,3169.0,307.2142667087
2025-07-02,Cattle,12,National Restocker Yearling Heifer Indicator,c/kg lwt,2886.0,313.2261990991
2025-07-03,Cattle,12,National Restocker Yearling Heifer Indicator,c/kg lwt,2110.0,315.8937490995
2025-07-04,Cattle,12,National Restocker Yearling Heifer Indicator,c/kg lwt,2110.0,315.8937490995
2025-07-05,Cattle,12,National Restocker Yearling Heifer Indicator,c/kg lwt,2110.0,315.8937490995
2025-07-06,Cattle,12,National Restocker Yearling Heifer Indicator,c/kg lwt,2110.0,315.8937490995
2025-07-07,Cattle,12,National Restocker Yearling Heifer Indicator,c/kg lwt,2186.0,318.2918621683
2025-07-08,Cattle,12,National Restocker Yearling Heifer Indicator,c/kg lwt,2979.0,317.2863443437
2025-07-09,Cattle,12,National Restocker Yearling Heifer Indicator,c/kg lwt,3223.0,317.8140621471
2025-07-10,Cattle,12,National Restocker Yearling Heifer Indicator,c/kg lwt,3494.0,314.3984325987
2025-07-11,Cattle,12,National Restocker Yearling Heifer Indicator,c/kg lwt,3494.0,314.3984325987
2025-07-12,Cattle,12,National Restocker Yearling Heifer Indicator,c/kg lwt,3494.0,314.3984325987
2025-07-13,Cattle,12,National Restocker Yearling Heifer Indicator,c/kg lwt,3494.0,314.3984325987
2025-07-14,Cattle,12,National Restocker Yearling Heifer Indicator,c/kg lwt,3427.0,313.3725483513
2025-07-15,Cattle,12,National Restocker Yearling Heifer Indicator,c/kg lwt,2821.0,318.741765615
2025-07-16,Cattle,12,National Restocker Yearling Heifer Indicator,c/kg lwt,3066.0,313.7255120678
2025-07-17,Cattle,12,National Restocker Yearling Heifer Indicator,c/kg lwt,3102.0,318.6041324307
2025-07-18,Cattle,12,National Restocker Yearling Heifer Indicator,c/kg lwt,3102.0,318.6041324307
2025-07-19,Cattle,12,National Restocker Yearling Heifer Indicator,c/kg lwt,3102.0,318.6041324307
2025-07-20,Cattle,12,National Restocker Yearling Heifer Indicator,c/kg lwt,3102.0,318.6041324307
2025-07-21,Cattle,12,National Restocker Yearling Heifer Indicator,c/kg lwt,3260.0,326.3196377301
2025-07-22,Cattle,12,National Restocker Yearling Heifer Indicator,c/kg lwt,3641.0,333.0752039
2025-07-23,Cattle,12,National Restocker Yearling Heifer Indicator,c/kg lwt,3274.0,339.0102064753
2025-07-24,Cattle,12,National Restocker Yearling Heifer Indicator,c/kg lwt,3536.0,336.1901628959
2025-07-25,Cattle,12,National Restocker Yearling Heifer Indicator,c/kg lwt,3536.0,336.1901628959
2025-07-26,Cattle,12,National Restocker Yearling Heifer Indicator,c/kg lwt,3536.0,336.1901628959
2025-07-27,Cattle,12,National Restocker Yearling Heifer Indicator,c/kg lwt,3536.0,336.1901628959
2025-07-28,Cattle,12,National Restocker Yearling Heifer Indicator,c/kg lwt,3323.0,329.3348226903
2025-07-29,Cattle,12,National Restocker Yearling Heifer Indicator,c/kg lwt,3139.0,351.9213818095
2025-07-30,Cattle,12,National Restocker Yearling Heifer Indicator,c/kg lwt,2932.0,362.5898420873
2025-07-31,Cattle,12,National Restocker Yearling Heifer Indicator,c/kg lwt,3058.0,374.346441138
2025-08-01,Cattle,12,National Restocker Yearling Heifer Indicator,c/kg lwt,3058.0,374.346441138
2025-08-02,Cattle,12,National Restocker Yearling Heifer Indicator,c/kg lwt,3058.0,374.346441138
2025-08-03,Cattle,12,National Restocker Yearling Heifer Indicator,c/kg lwt,3058.0,374.346441138
2025-08-04,Cattle,12,National Restocker Yearling Heifer Indicator,c/kg lwt,3084.0,381.4660237678
2025-08-05,Cattle,12,National Restocker Yearling Heifer Indicator,c/kg lwt,2960.0,386.2822988851
2025-08-06,Cattle,12,National Restocker Yearling Heifer Indicator,c/kg lwt,3005.0,387.1802341098
2025-08-07,Cattle,12,National Restocker Yearling Heifer Indicator,c/kg lwt,2647.0,394.0062725727
2025-08-08,Cattle,12,National Restocker Yearling Heifer Indicator,c/kg lwt,2647.0,394.0062725727
2025-08-09,Cattle,12,National Restocker Yearling Heifer Indicator,c/kg lwt,2647.0,394.0062725727
2025-08-10,Cattle,12,National Restocker Yearling Heifer Indicator,c/kg lwt,2647.0,394.0062725727
2025-08-11,Cattle,12,National Restocker Yearling Heifer Indicator,c/kg lwt,2866.0,390.997139986
2025-08-12,Cattle,12,National Restocker Yearling Heifer Indicator,c/kg lwt,2594.0,388.4242146492
2025-08-13,Cattle,12,National Restocker Yearling Heifer Indicator,c/kg lwt,3048.0,392.2917357283
2025-08-14,Cattle,12,National Restocker Yearling Heifer Indicator,c/kg lwt,3252.0,389.8976662054
2025-08-15,Cattle,12,National Restocker Yearling Heifer Indicator,c/kg lwt,3252.0,389.8976662054
2025-08-16,Cattle,12,National Restocker Yearling Heifer Indicator,c/kg lwt,3252.0,389.8976662054
2025-08-17,Cattle,12,National Restocker Yearling Heifer Indicator,c/kg lwt,3252.0,389.8976662054
2025-08-18,Cattle,12,National Restocker Yearling Heifer Indicator,c/kg lwt,3644.0,396.6237131723
2025-08-19,Cattle,12,National Restocker Yearling Heifer Indicator,c/kg lwt,4281.0,401.0585414623
2025-08-20,Cattle,12,National Restocker Yearling Heifer Indicator,c/kg lwt,4299.0,404.3915846011
2025-08-21,Cattle,12,National Restocker Yearling Heifer Indicator,c/kg lwt,3731.0,406.7846213348
2025-08-22,Cattle,12,National Restocker Yearling Heifer Indicator,c/kg lwt,3731.0,406.7846213348
2025-08-23,Cattle,12,National Restocker Yearling Heifer Indicator,c/kg lwt,3731.0,406.7846213348
2025-08-24,Cattle,12,National Restocker Yearling Heifer Indicator,c/kg lwt,3731.0,406.7846213348
2025-08-25,Cattle,12,National Restocker Yearling Heifer Indicator,c/kg lwt,3074.0,402.6053421926
2025-08-26,Cattle,12,National Restocker Yearling Heifer Indicator,c/kg lwt,2892.0,416.5604504495
2025-08-27,Cattle,12,National Restocker Yearling Heifer Indicator,c/kg lwt,2438.0,412.9968901148
2025-08-28,Cattle,12,National Restocker Yearling Heifer Indicator,c/kg lwt,4144.0,409.6757765685
2025-08-29,Cattle,12,National Restocker Yearling Heifer Indicator,c/kg lwt,4144.0,409.6757765685
2025-08-30,Cattle,12,National Restocker Yearling Heifer Indicator,c/kg lwt,4144.0,409.6757765685
2025-08-31,Cattle,12,National Restocker Yearling Heifer Indicator,c/kg lwt,4144.0,409.6757765685
2025-09-01,Cattle,12,National Restocker Yearling Heifer Indicator,c/kg lwt,4169.0,410.901755361
2025-09-02,Cattle,12,National Restocker Yearling Heifer Indicator,c/kg lwt,3902.0,411.2126120195
2025-09-03,Cattle,12,National Restocker Yearling Heifer Indicator,c/kg lwt,4580.0,412.9300912664
2025-09-04,Cattle,12,National Restocker Yearling Heifer Indicator,c/kg lwt,3199.0,415.6804682713
2025-09-05,Cattle,12,National Restocker Yearling Heifer Indicator,c/kg lwt,3199.0,415.6804682713
2025-09-06,Cattle,12,National Restocker Yearling Heifer Indicator,c/kg lwt,3199.0,415.6804682713
2025-09-07,Cattle,12,National Restocker Yearling Heifer Indicator,c/kg lwt,3199.0,415.6804682713
2025-09-08,Cattle,12,National Restocker Yearling Heifer Indicator,c/kg lwt,3149.0,413.9289355668
2025-09-09,Cattle,12,National Restocker Yearling Heifer Indicator,c/kg lwt,3466.0,411.3755973168
2025-09-10,Cattle,12,National Restocker Yearling Heifer Indicator,c/kg lwt,2927.0,409.672673659
2025-09-11,Cattle,12,National Restocker Yearling Heifer Indicator,c/kg lwt,3041.0,412.744135416
2025-09-12,Cattle,12,National Restocker Yearling Heifer Indicator,c/kg lwt,3041.0,412.744135416
2025-09-13,Cattle,12,National Restocker Yearling Heifer Indicator,c/kg lwt,3041.0,412.744135416
2025-09-14,Cattle,12,National Restocker Yearling Heifer Indicator,c/kg lwt,3041.0,412.744135416
2025-09-15,Cattle,12,National Restocker Yearling Heifer Indicator,c/kg lwt,3105.0,415.8877023188
2025-09-16,Cattle,12,National Restocker Yearling Heifer Indicator,c/kg lwt,2875.0,405.7922137043
2025-09-17,Cattle,12,National Restocker Yearling Heifer Indicator,c/kg lwt,2515.0,416.206406004
2025-09-18,Cattle,12,National Restocker Yearling Heifer Indicator,c/kg lwt,2817.0,399.1612037984
2025-09-19,Cattle,12,National Restocker Yearling Heifer Indicator,c/kg lwt,3091.0,390.1514432546
2025-09-20,Cattle,12,National Restocker Yearling Heifer Indicator,c/kg lwt,3091.0,390.1514432546
2025-09-21,Cattle,12,National Restocker Yearling Heifer Indicator,c/kg lwt,3091.0,390.1514432546
2025-09-22,Cattle,12,National Restocker Yearling Heifer Indicator,c/kg lwt,3258.0,393.2541779926
2025-09-23,Cattle,12,National Restocker Yearling Heifer Indicator,c/kg lwt,4383.0,397.0392022359
2025-09-24,Cattle,12,National Restocker Yearling Heifer Indicator,c/kg lwt,5292.0,394.0210567649
2025-09-25,Cattle,12,National Restocker Yearling Heifer Indicator,c/kg lwt,6045.0,393.27153555
2025-09-26,Cattle,12,National Restocker Yearling Heifer Indicator,c/kg lwt,5771.0,397.817610882
2025-09-27,Cattle,12,National Restocker Yearling Heifer Indicator,c/kg lwt,5771.0,397.817610882
2025-09-28,Cattle,12,National Restocker Yearling Heifer Indicator,c/kg lwt,5771.0,397.817610882
2025-09-29,Cattle,12,National Restocker Yearling Heifer Indicator,c/kg lwt,5584.0,395.3219254477
2025-09-30,Cattle,12,National Restocker Yearling Heifer Indicator,c/kg lwt,5085.0,395.7241742773
2025-10-01,Cattle,12,National Restocker Yearling Heifer Indicator,c/kg lwt,4955.0,391.4044850858
2025-10-02,Cattle,12,National Restocker Yearling Heifer Indicator,c/kg lwt,4179.0,399.0464760948
2025-10-03,Cattle,12,National Restocker Yearling Heifer Indicator,c/kg lwt,4179.0,399.0464760948
2025-10-04,Cattle,12,National Restocker Yearling Heifer Indicator,c/kg lwt,4179.0,399.0464760948
2025-10-05,Cattle,12,National Restocker Yearling Heifer Indicator,c/kg lwt,4179.0,399.0464760948
2025-10-06,Cattle,12,National Restocker Yearling Heifer Indicator,c/kg lwt,4009.0,397.1123031928
2025-10-07,Cattle,12,National Restocker Yearling Heifer Indicator,c/kg lwt,3605.0,380.8367873232
2025-10-08,Cattle,12,National Restocker Yearling Heifer Indicator,c/kg lwt,2951.0,384.9760807523
2025-10-09,Cattle,12,National Restocker Yearling Heifer Indicator,c/kg lwt,2792.0,377.4390470272
2025-10-10,Cattle,12,National Restocker Yearling Heifer Indicator,c/kg lwt,2792.0,377.4390470272
2025-10-11,Cattle,12,National Restocker Yearling Heifer Indicator,c/kg lwt,2792.0,377.4390470272
2025-10-12,Cattle,12,National Restocker Yearling Heifer Indicator,c/kg lwt,2792.0,377.4390470272
2025-10-13,Cattle,12,National Restocker Yearling Heifer Indicator,c/kg lwt,3063.0,379.3595231472
2025-10-14,Cattle,12,National Restocker Yearling Heifer Indicator,c/kg lwt,2808.0,377.2887525641
2025-10-15,Cattle,12,National Restocker Yearling Heifer Indicator,c/kg lwt,3097.0,369.8654247013
2025-10-16,Cattle,12,National Restocker Yearling Heifer Indicator,c/kg lwt,2868.0,373.4835478731
2025-10-17,Cattle,12,National Restocker Yearling Heifer Indicator,c/kg lwt,3398.0,357.6941775456
2025-10-18,Cattle,12,National Restocker Yearling Heifer Indicator,c/kg lwt,3398.0,357.6941775456
2025-10-19,Cattle,12,National Restocker Yearling Heifer Indicator,c/kg lwt,3398.0,357.6941775456
2025-10-20,Cattle,12,National Restocker Yearling Heifer Indicator,c/kg lwt,3468.0,360.4918730392
2025-10-21,Cattle,12,National Restocker Yearling Heifer Indicator,c/kg lwt,3882.0,373.7552859351
2025-10-22,Cattle,12,National Restocker Yearling Heifer Indicator,c/kg lwt,3875.0,374.6664561548
2025-10-23,Cattle,12,National Restocker Yearling Heifer Indicator,c/kg lwt,4250.0,372.2161217882
2025-10-24,Cattle,12,National Restocker Yearling Heifer Indicator,c/kg lwt,3720.0,386.4582036559
2025-10-25,Cattle,12,National Restocker Yearling Heifer Indicator,c/kg lwt,3720.0,386.4582036559
2025-10-26,Cattle,12,National Restocker Yearling Heifer Indicator,c/kg lwt,3720.0,386.4582036559
2025-10-27,Cattle,12,National Restocker Yearling Heifer Indicator,c/kg lwt,3596.0,381.7555943548
2025-10-28,Cattle,12,National Restocker Yearling Heifer Indicator,c/kg lwt,3067.0,378.7773436583
2025-10-29,Cattle,12,National Restocker Yearling Heifer Indicator,c/kg lwt,3030.0,379.0873967327
2025-10-30,Cattle,12,National Restocker Yearling Heifer Indicator,c/kg lwt,3998.0,386.4711886193
2025-10-31,Cattle,12,National Restocker Yearling Heifer Indicator,c/kg lwt,3998.0,386.4711886193
2025-11-01,Cattle,12,National Restocker Yearling Heifer Indicator,c/kg lwt,3998.0,386.4711886193
2025-11-02,Cattle,12,National Restocker Yearling Heifer Indicator,c/kg lwt,3998.0,386.4711886193
2025-11-03,Cattle,12,National Restocker Yearling Heifer Indicator,c/kg lwt,4362.0,395.139113503
2025-11-04,Cattle,12,National Restocker Yearling Heifer Indicator,c/kg lwt,4344.0,394.7948927256
2025-11-05,Cattle,12,National Restocker Yearling Heifer Indicator,c/kg lwt,4961.0,399.0147990728
2025-11-06,Cattle,12,National Restocker Yearling Heifer Indicator,c/kg lwt,3680.0,401.9876680435
2025-11-07,Cattle,12,National Restocker Yearling Heifer Indicator,c/kg lwt,3680.0,401.9876680435
2025-11-08,Cattle,12,National Restocker Yearling Heifer Indicator,c/kg lwt,3680.0,401.9876680435
2025-11-09,Cattle,12,National Restocker Yearling Heifer Indicator,c/kg lwt,3680.0,401.9876680435
2025-11-10,Cattle,12,National Restocker Yearling Heifer Indicator,c/kg lwt,3552.0,399.1119417793
2025-11-11,Cattle,12,National Restocker Yearling Heifer Indicator,c/kg lwt,3511.0,408.1764778126
2025-11-12,Cattle,12,National Restocker Yearling Heifer Indicator,c/kg lwt,3718.0,418.045405191
2025-11-13,Cattle,12,National Restocker Yearling Heifer Indicator,c/kg lwt,4140.0,418.1607768841
2025-11-14,Cattle,12,National Restocker Yearling Heifer Indicator,c/kg lwt,4140.0,418.1607768841
2025-11-15,Cattle,12,National Restocker Yearling Heifer Indicator,c/kg lwt,4140.0,418.1607768841
2025-11-16,Cattle,12,National Restocker Yearling Heifer Indicator,c/kg lwt,4140.0,418.1607768841
2025-11-17,Cattle,12,National Restocker Yearling Heifer Indicator,c/kg lwt,4120.0,420.5845186408
2025-11-18,Cattle,12,National Restocker Yearling Heifer Indicator,c/kg lwt,3766.0,422.2728654806
2025-11-19,Cattle,12,National Restocker Yearling Heifer Indicator,c/kg lwt,3864.0,425.9530057971
2025-11-20,Cattle,12,National Restocker Yearling Heifer Indicator,c/kg lwt,3723.0,427.8792410422
2025-11-21,Cattle,12,National Restocker Yearling Heifer Indicator,c/kg lwt,3723.0,427.8792410422
2025-11-22,Cattle,12,National Restocker Yearling Heifer Indicator,c/kg lwt,3723.0,427.8792410422
2025-11-23,Cattle,12,National Restocker Yearling Heifer Indicator,c/kg lwt,3723.0,427.8792410422
2025-11-24,Cattle,12,National Restocker Yearling Heifer Indicator,c/kg lwt,3976.0,426.5259596328
2025-11-25,Cattle,12,National Restocker Yearling Heifer Indicator,c/kg lwt,5127.0,428.5179694558
2025-11-26,Cattle,12,National Restocker Yearling Heifer Indicator,c/kg lwt,5103.0,421.9026694102
2025-11-27,Cattle,12,National Restocker Yearling Heifer Indicator,c/kg lwt,6315.0,419.2363138559
2025-11-28,Cattle,12,National Restocker Yearling Heifer Indicator,c/kg lwt,6315.0,419.2363138559
2025-11-29,Cattle,12,National Restocker Yearling Heifer Indicator,c/kg lwt,6315.0,419.2363138559
2025-11-30,Cattle,12,National Restocker Yearling Heifer Indicator,c/kg lwt,6315.0,419.2363138559
2025-12-01,Cattle,12,National Restocker Yearling Heifer Indicator,c/kg lwt,6444.0,417.1060708566
2025-12-02,Cattle,12,National Restocker Yearling Heifer Indicator,c/kg lwt,6174.0,406.5225645773
2025-12-03,Cattle,12,National Restocker Yearling Heifer Indicator,c/kg lwt,6039.0,406.3803637192
2025-12-04,Cattle,12,National Restocker Yearling Heifer Indicator,c/kg lwt,4839.0,405.6412516016
2025-12-05,Cattle,12,National Restocker Yearling Heifer Indicator,c/kg lwt,4839.0,405.6412516016
2025-12-06,Cattle,12,National Restocker Yearling Heifer Indicator,c/kg lwt,4839.0,405.6412516016
2025-12-07,Cattle,12,National Restocker Yearling Heifer Indicator,c/kg lwt,4839.0,405.6412516016
2025-12-08,Cattle,12,National Restocker Yearling Heifer Indicator,c/kg lwt,4693.0,403.1616487748
2025-12-09,Cattle,12,National Restocker Yearling Heifer Indicator,c/kg lwt,5460.0,407.7021484799
2025-12-10,Cattle,12,National Restocker Yearling Heifer Indicator,c/kg lwt,5499.0,401.4724729587
2025-12-11,Cattle,12,National Restocker Yearling Heifer Indicator,c/kg lwt,5063.0,400.3205863717
2025-12-12,Cattle,12,National Restocker Yearling Heifer Indicator,c/kg lwt,5067.0,400.1861315966
2025-12-13,Cattle,12,National Restocker Yearling Heifer Indicator,c/kg lwt,5067.0,400.1861315966
2025-12-14,Cattle,12,National Restocker Yearling Heifer Indicator,c/kg lwt,5067.0,400.1861315966
2025-12-15,Cattle,12,National Restocker Yearling Heifer Indicator,c/kg lwt,4823.0,398.7576046859
2025-12-16,Cattle,12,National Restocker Yearling Heifer Indicator,c/kg lwt,4081.0,392.2854253124
2025-12-17,Cattle,12,National Restocker Yearling Heifer Indicator,c/kg lwt,2592.0,397.0895890046
2025-12-18,Cattle,12,National Restocker Yearling Heifer Indicator,c/kg lwt,2333.0,397.098248907
2025-12-19,Cattle,12,National Restocker Yearling Heifer Indicator,c/kg lwt,2329.0,397.385236024
2025-12-20,Cattle,12,National Restocker Yearling Heifer Indicator,c/kg lwt,2329.0,397.385236024
2025-12-21,Cattle,12,National Restocker Yearling Heifer Indicator,c/kg lwt,2329.0,397.385236024
2025-12-22,Cattle,12,National Restocker Yearling Heifer Indicator,c/kg lwt,1903.0,399.9013214398
2025-12-23,Cattle,12,National Restocker Yearling Heifer Indicator,c/kg lwt,80.0,386.725
2025-12-24,Cattle,12,National Restocker Yearling Heifer Indicator,c/kg lwt,25.0,430.32
2025-04-01,Cattle,13,National Processor Cow Indicator,c/kg lwt,10024.0,307.4037515862
2025-04-02,Cattle,13,National Processor Cow Indicator,c/kg lwt,9097.0,317.2372437727
2025-04-03,Cattle,13,National Processor Cow Indicator,c/kg lwt,9587.0,318.5484725774
2025-04-04,Cattle,13,National Processor Cow Indicator,c/kg lwt,9587.0,318.5484725774
2025-04-05,Cattle,13,National Processor Cow Indicator,c/kg lwt,9587.0,318.5484725774
2025-04-06,Cattle,13,National Processor Cow Indicator,c/kg lwt,9587.0,318.5484725774
2025-04-07,Cattle,13,National Processor Cow Indicator,c/kg lwt,12462.0,311.9493023672
2025-04-08,Cattle,13,National Processor Cow Indicator,c/kg lwt,12632.0,306.4164826314
2025-04-09,Cattle,13,National Processor Cow Indicator,c/kg lwt,14152.0,300.1955207179
2025-04-10,Cattle,13,National Processor Cow Indicator,c/kg lwt,13928.0,297.6272981907
2025-04-11,Cattle,13,National Processor Cow Indicator,c/kg lwt,13928.0,297.6272981907
2025-04-12,Cattle,13,National Processor Cow Indicator,c/kg lwt,13928.0,297.6272981907
2025-04-13,Cattle,13,National Processor Cow Indicator,c/kg lwt,13928.0,297.6272981907
2025-04-14,Cattle,13,National Processor Cow Indicator,c/kg lwt,11150.0,291.3403237578
2025-04-15,Cattle,13,National Processor Cow Indicator,c/kg lwt,11284.0,284.89162648
2025-04-16,Cattle,13,National Processor Cow Indicator,c/kg lwt,9144.0,285.3666349191
2025-04-17,Cattle,13,National Processor Cow Indicator,c/kg lwt,7593.0,283.9141985645
2025-04-18,Cattle,13,National Processor Cow Indicator,c/kg lwt,7593.0,283.9141985645
2025-04-19,Cattle,13,National Processor Cow Indicator,c/kg lwt,7593.0,283.9141985645
2025-04-20,Cattle,13,National Processor Cow Indicator,c/kg lwt,7593.0,283.9141985645
2025-04-21,Cattle,13,National Processor Cow Indicator,c/kg lwt,5039.0,285.1395333399
2025-04-22,Cattle,13,National Processor Cow Indicator,c/kg lwt,2681.0,288.626484185
2025-04-23,Cattle,13,National Processor Cow Indicator,c/kg lwt,2463.0,286.1249705238
2025-04-24,Cattle,13,National Processor Cow Indicator,c/kg lwt,2763.0,287.067246616
2025-04-25,Cattle,13,National Processor Cow Indicator,c/kg lwt,2763.0,287.067246616
2025-04-26,Cattle,13,National Processor Cow Indicator,c/kg lwt,2763.0,287.067246616
2025-04-27,Cattle,13,National Processor Cow Indicator,c/kg lwt,2763.0,287.067246616
2025-04-28,Cattle,13,National Processor Cow Indicator,c/kg lwt,4503.0,291.1358655785
2025-04-29,Cattle,13,National Processor Cow Indicator,c/kg lwt,7756.0,291.4416460547
2025-04-30,Cattle,13,National Processor Cow Indicator,c/kg lwt,9576.0,287.8404981203
2025-05-01,Cattle,13,National Processor Cow Indicator,c/kg lwt,10759.0,286.5216665118
2025-05-02,Cattle,13,National Processor Cow Indicator,c/kg lwt,10759.0,286.5216665118
2025-05-03,Cattle,13,National Processor Cow Indicator,c/kg lwt,10759.0,286.5216665118
2025-05-04,Cattle,13,National Processor Cow Indicator,c/kg lwt,10759.0,286.5216665118
2025-05-05,Cattle,13,National Processor Cow Indicator,c/kg lwt,12481.0,280.5018996795
2025-05-06,Cattle,13,National Processor Cow Indicator,c/kg lwt,12706.0,272.5864480088
2025-05-07,Cattle,13,National Processor Cow Indicator,c/kg lwt,12715.0,268.8649631773
2025-05-08,Cattle,13,National Processor Cow Indicator,c/kg lwt,13257.0,264.0313801614
2025-05-09,Cattle,13,National Processor Cow Indicator,c/kg lwt,13257.0,264.0313801614
2025-05-10,Cattle,13,National Processor Cow Indicator,c/kg lwt,13257.0,264.0313801614
2025-05-11,Cattle,13,National Processor Cow Indicator,c/kg lwt,13257.0,264.0313801614
2025-05-12,Cattle,13,National Processor Cow Indicator,c/kg lwt,12544.0,259.9256542251
2025-05-13,Cattle,13,National Processor Cow Indicator,c/kg lwt,12119.0,247.743989075
2025-05-14,Cattle,13,National Processor Cow Indicator,c/kg lwt,11799.0,243.4987203831
2025-05-15,Cattle,13,National Processor Cow Indicator,c/kg lwt,10733.0,243.790496767
2025-05-16,Cattle,13,National Processor Cow Indicator,c/kg lwt,10733.0,243.790496767
2025-05-17,Cattle,13,National Processor Cow Indicator,c/kg lwt,10733.0,243.790496767
2025-05-18,Cattle,13,National Processor Cow Indicator,c/kg lwt,10733.0,243.790496767
2025-05-19,Cattle,13,National Processor Cow Indicator,c/kg lwt,9437.0,242.5912897955
2025-05-20,Cattle,13,National Processor Cow Indicator,c/kg lwt,7574.0,249.7257991154
2025-05-21,Cattle,13,National Processor Cow Indicator,c/kg lwt,7296.0,254.2609928043
2025-05-22,Cattle,13,National Processor Cow Indicator,c/kg lwt,6936.0,255.583795199
2025-05-23,Cattle,13,National Processor Cow Indicator,c/kg lwt,6936.0,255.583795199
2025-05-24,Cattle,13,National Processor Cow Indicator,c/kg lwt,6936.0,255.583795199
2025-05-25,Cattle,13,National Processor Cow Indicator,c/kg lwt,6936.0,255.583795199
2025-05-26,Cattle,13,National Processor Cow Indicator,c/kg lwt,7144.0,263.3575033175
2025-05-27,Cattle,13,National Processor Cow Indicator,c/kg lwt,7483.0,274.0976616999
2025-05-28,Cattle,13,National Processor Cow Indicator,c/kg lwt,7466.0,278.987168966
2025-05-29,Cattle,13,National Processor Cow Indicator,c/kg lwt,7614.0,279.9223803257
2025-05-30,Cattle,13,National Processor Cow Indicator,c/kg lwt,7614.0,279.9223803257
2025-05-31,Cattle,13,National Processor Cow Indicator,c/kg lwt,7614.0,279.9223803257
2025-06-01,Cattle,13,National Processor Cow Indicator,c/kg lwt,7614.0,279.9223803257
2025-06-02,Cattle,13,National Processor Cow Indicator,c/kg lwt,8293.0,280.1306648619
2025-06-03,Cattle,13,National Processor Cow Indicator,c/kg lwt,9206.0,281.5807094069
2025-06-04,Cattle,13,National Processor Cow Indicator,c/kg lwt,10377.0,280.223273846
2025-06-05,Cattle,13,National Processor Cow Indicator,c/kg lwt,10522.0,280.0750914655
2025-06-06,Cattle,13,National Processor Cow Indicator,c/kg lwt,10522.0,280.0750914655
2025-06-07,Cattle,13,National Processor Cow Indicator,c/kg lwt,10522.0,280.0750914655
2025-06-08,Cattle,13,National Processor Cow Indicator,c/kg lwt,10522.0,280.0750914655
2025-06-09,Cattle,13,National Processor Cow Indicator,c/kg lwt,8189.0,278.3078657101
2025-06-10,Cattle,13,National Processor Cow Indicator,c/kg lwt,8229.0,275.7972918945
2025-06-11,Cattle,13,National Processor Cow Indicator,c/kg lwt,7702.0,273.3619076993
2025-06-12,Cattle,13,National Processor Cow Indicator,c/kg lwt,8222.0,272.1416216371
2025-06-13,Cattle,13,National Processor Cow Indicator,c/kg lwt,8222.0,272.1416216371
2025-06-14,Cattle,13,National Processor Cow Indicator,c/kg lwt,8222.0,272.1416216371
2025-06-15,Cattle,13,National Processor Cow Indicator,c/kg lwt,8222.0,272.1416216371
2025-06-16,Cattle,13,National Processor Cow Indicator,c/kg lwt,10597.0,275.6923481363
2025-06-17,Cattle,13,National Processor Cow Indicator,c/kg lwt,10199.0,277.4442208354
2025-06-18,Cattle,13,National Processor Cow Indicator,c/kg lwt,10808.0,281.3192460492
2025-06-19,Cattle,13,National Processor Cow Indicator,c/kg lwt,10500.0,282.1233725048
2025-06-20,Cattle,13,National Processor Cow Indicator,c/kg lwt,10500.0,282.1233725048
2025-06-21,Cattle,13,National Processor Cow Indicator,c/kg lwt,10500.0,282.1233725048
2025-06-22,Cattle,13,National Processor Cow Indicator,c/kg lwt,10500.0,282.1233725048
2025-06-23,Cattle,13,National Processor Cow Indicator,c/kg lwt,9506.0,282.9188734904
2025-06-24,Cattle,13,National Processor Cow Indicator,c/kg lwt,9458.0,285.5184616727
2025-06-25,Cattle,13,National Processor Cow Indicator,c/kg lwt,9163.0,289.6554856488
2025-06-26,Cattle,13,National Processor Cow Indicator,c/kg lwt,9014.0,291.8688944974
2025-06-27,Cattle,13,National Processor Cow Indicator,c/kg lwt,9014.0,291.8688944974
2025-06-28,Cattle,13,National Processor Cow Indicator,c/kg lwt,9014.0,291.8688944974
2025-06-29,Cattle,13,National Processor Cow Indicator,c/kg lwt,9014.0,291.8688944974
2025-06-30,Cattle,13,National Processor Cow Indicator,c/kg lwt,9013.0,293.5534688672
2025-07-01,Cattle,13,National Processor Cow Indicator,c/kg lwt,9254.0,297.6278604928
2025-07-02,Cattle,13,National Processor Cow Indicator,c/kg lwt,8807.0,298.0259360168
2025-07-03,Cattle,13,National Processor Cow Indicator,c/kg lwt,8966.0,300.799622853
2025-07-04,Cattle,13,National Processor Cow Indicator,c/kg lwt,8966.0,300.799622853
2025-07-05,Cattle,13,National Processor Cow Indicator,c/kg lwt,8966.0,300.799622853
2025-07-06,Cattle,13,National Processor Cow Indicator,c/kg lwt,8966.0,300.799622853
2025-07-07,Cattle,13,National Processor Cow Indicator,c/kg lwt,9201.0,303.280036909
2025-07-08,Cattle,13,National Processor Cow Indicator,c/kg lwt,9829.0,309.1138187913
2025-07-09,Cattle,13,National Processor Cow Indicator,c/kg lwt,11172.0,309.881742526
2025-07-10,Cattle,13,National Processor Cow Indicator,c/kg lwt,11810.0,309.9747869517
2025-07-11,Cattle,13,National Processor Cow Indicator,c/kg lwt,11810.0,309.9747869517
2025-07-12,Cattle,13,National Processor Cow Indicator,c/kg lwt,11810.0,309.9747869517
2025-07-13,Cattle,13,National Processor Cow Indicator,c/kg lwt,11810.0,309.9747869517
2025-07-14,Cattle,13,National Processor Cow Indicator,c/kg lwt,11838.0,309.9845440868
2025-07-15,Cattle,13,National Processor Cow Indicator,c/kg lwt,10895.0,312.4405250757
2025-07-16,Cattle,13,National Processor Cow Indicator,c/kg lwt,10666.0,313.1033017814
2025-07-17,Cattle,13,National Processor Cow Indicator,c/kg lwt,9813.0,314.0022837461
2025-07-18,Cattle,13,National Processor Cow Indicator,c/kg lwt,9813.0,314.0022837461
2025-07-19,Cattle,13,National Processor Cow Indicator,c/kg lwt,9813.0,314.0022837461
2025-07-20,Cattle,13,National Processor Cow Indicator,c/kg lwt,9813.0,314.0022837461
2025-07-21,Cattle,13,National Processor Cow Indicator,c/kg lwt,9491.0,315.3507545359
2025-07-22,Cattle,13,National Processor Cow Indicator,c/kg lwt,9340.0,319.6831713383
2025-07-23,Cattle,13,National Processor Cow Indicator,c/kg lwt,9503.0,324.6601101442
2025-07-24,Cattle,13,National Processor Cow Indicator,c/kg lwt,9647.0,328.1207656992
2025-07-25,Cattle,13,National Processor Cow Indicator,c/kg lwt,9647.0,328.1207656992
2025-07-26,Cattle,13,National Processor Cow Indicator,c/kg lwt,9647.0,328.1207656992
2025-07-27,Cattle,13,National Processor Cow Indicator,c/kg lwt,9647.0,328.1207656992
2025-07-28,Cattle,13,National Processor Cow Indicator,c/kg lwt,9178.0,331.7431060035
2025-07-29,Cattle,13,National Processor Cow Indicator,c/kg lwt,9024.0,348.798229211
2025-07-30,Cattle,13,National Processor Cow Indicator,c/kg lwt,8613.0,369.6326851852
2025-07-31,Cattle,13,National Processor Cow Indicator,c/kg lwt,9123.0,373.9979521539
2025-08-01,Cattle,13,National Processor Cow Indicator,c/kg lwt,9123.0,373.9979521539
2025-08-02,Cattle,13,National Processor Cow Indicator,c/kg lwt,9123.0,373.9979521539
2025-08-03,Cattle,13,National Processor Cow Indicator,c/kg lwt,9123.0,373.9979521539
2025-08-04,Cattle,13,National Processor Cow Indicator,c/kg lwt,9336.0,375.3550041024
2025-08-05,Cattle,13,National Processor Cow Indicator,c/kg lwt,10329.0,370.2367037855
2025-08-06,Cattle,13,National Processor Cow Indicator,c/kg lwt,10911.0,364.7719743562
2025-08-07,Cattle,13,National Processor Cow Indicator,c/kg lwt,12247.0,359.8833193598
2025-08-08,Cattle,13,National Processor Cow Indicator,c/kg lwt,12247.0,359.8833193598
2025-08-09,Cattle,13,National Processor Cow Indicator,c/kg lwt,12247.0,359.8833193598
2025-08-10,Cattle,13,National Processor Cow Indicator,c/kg lwt,12247.0,359.8833193598
2025-08-11,Cattle,13,National Processor Cow Indicator,c/kg lwt,12504.0,358.3724417147
2025-08-12,Cattle,13,National Processor Cow Indicator,c/kg lwt,11756.0,356.0702804695
2025-08-13,Cattle,13,National Processor Cow Indicator,c/kg lwt,10943.0,355.696573956
2025-08-14,Cattle,13,National Processor Cow Indicator,c/kg lwt,9848.0,355.5178319253
2025-08-15,Cattle,13,National Processor Cow Indicator,c/kg lwt,9848.0,355.5178319253
2025-08-16,Cattle,13,National Processor Cow Indicator,c/kg lwt,9848.0,355.5178319253
2025-08-17,Cattle,13,National Processor Cow Indicator,c/kg lwt,9848.0,355.5178319253
2025-08-18,Cattle,13,National Processor Cow Indicator,c/kg lwt,9902.0,355.4717237629
2025-08-19,Cattle,13,National Processor Cow Indicator,c/kg lwt,9802.0,354.3512965211
2025-08-20,Cattle,13,National Processor Cow Indicator,c/kg lwt,9726.0,353.1766413222
2025-08-21,Cattle,13,National Processor Cow Indicator,c/kg lwt,8341.0,354.5426224074
2025-08-22,Cattle,13,National Processor Cow Indicator,c/kg lwt,8341.0,354.5426224074
2025-08-23,Cattle,13,National Processor Cow Indicator,c/kg lwt,8341.0,354.5426224074
2025-08-24,Cattle,13,National Processor Cow Indicator,c/kg lwt,8341.0,354.5426224074
2025-08-25,Cattle,13,National Processor Cow Indicator,c/kg lwt,7820.0,354.4892343734
2025-08-26,Cattle,13,National Processor Cow Indicator,c/kg lwt,6974.0,357.3512211213
2025-08-27,Cattle,13,National Processor Cow Indicator,c/kg lwt,6263.0,368.4749987227
2025-08-28,Cattle,13,National Processor Cow Indicator,c/kg lwt,6900.0,367.7127415942
2025-08-29,Cattle,13,National Processor Cow Indicator,c/kg lwt,6900.0,367.7127415942
2025-08-30,Cattle,13,National Processor Cow Indicator,c/kg lwt,6900.0,367.7127415942
2025-08-31,Cattle,13,National Processor Cow Indicator,c/kg lwt,6900.0,367.7127415942
2025-09-01,Cattle,13,National Processor Cow Indicator,c/kg lwt,7124.0,369.2142500561
2025-09-02,Cattle,13,National Processor Cow Indicator,c/kg lwt,7208.0,372.1478515261
2025-09-03,Cattle,13,National Processor Cow Indicator,c/kg lwt,7494.0,371.653511249
2025-09-04,Cattle,13,National Processor Cow Indicator,c/kg lwt,7960.0,374.3361072111
2025-09-05,Cattle,13,National Processor Cow Indicator,c/kg lwt,7960.0,374.3361072111
2025-09-06,Cattle,13,National Processor Cow Indicator,c/kg lwt,7960.0,374.3361072111
2025-09-07,Cattle,13,National Processor Cow Indicator,c/kg lwt,7960.0,374.3361072111
2025-09-08,Cattle,13,National Processor Cow Indicator,c/kg lwt,7624.0,374.8943616868
2025-09-09,Cattle,13,National Processor Cow Indicator,c/kg lwt,9085.0,378.1219832911
2025-09-10,Cattle,13,National Processor Cow Indicator,c/kg lwt,9123.0,379.3217820344
2025-09-11,Cattle,13,National Processor Cow Indicator,c/kg lwt,8958.0,379.1749963608
2025-09-12,Cattle,13,National Processor Cow Indicator,c/kg lwt,8958.0,379.1749963608
2025-09-13,Cattle,13,National Processor Cow Indicator,c/kg lwt,8958.0,379.1749963608
2025-09-14,Cattle,13,National Processor Cow Indicator,c/kg lwt,8958.0,379.1749963608
2025-09-15,Cattle,13,National Processor Cow Indicator,c/kg lwt,9160.0,379.662534607
2025-09-16,Cattle,13,National Processor Cow Indicator,c/kg lwt,9048.0,384.0714647325
2025-09-17,Cattle,13,National Processor Cow Indicator,c/kg lwt,8692.0,391.5019567763
2025-09-18,Cattle,13,National Processor Cow Indicator,c/kg lwt,9314.0,391.9105656324
2025-09-19,Cattle,13,National Processor Cow Indicator,c/kg lwt,9522.0,390.6995387839
2025-09-20,Cattle,13,National Processor Cow Indicator,c/kg lwt,9522.0,390.6995387839
2025-09-21,Cattle,13,National Processor Cow Indicator,c/kg lwt,9522.0,390.6995387839
2025-09-22,Cattle,13,National Processor Cow Indicator,c/kg lwt,9947.0,391.27857736
2025-09-23,Cattle,13,National Processor Cow Indicator,c/kg lwt,9607.0,386.581305954
2025-09-24,Cattle,13,National Processor Cow Indicator,c/kg lwt,10292.0,378.7945791683
2025-09-25,Cattle,13,National Processor Cow Indicator,c/kg lwt,9777.0,379.4438793904
2025-09-26,Cattle,13,National Processor Cow Indicator,c/kg lwt,9569.0,380.3779714495
2025-09-27,Cattle,13,National Processor Cow Indicator,c/kg lwt,9569.0,380.3779714495
2025-09-28,Cattle,13,National Processor Cow Indicator,c/kg lwt,9569.0,380.3779714495
2025-09-29,Cattle,13,National Processor Cow Indicator,c/kg lwt,9050.0,379.104045116
2025-09-30,Cattle,13,National Processor Cow Indicator,c/kg lwt,9212.0,379.7387335323
2025-10-01,Cattle,13,National Processor Cow Indicator,c/kg lwt,9469.0,379.3620677579
2025-10-02,Cattle,13,National Processor Cow Indicator,c/kg lwt,9733.0,374.838736217
2025-10-03,Cattle,13,National Processor Cow Indicator,c/kg lwt,9733.0,374.838736217
2025-10-04,Cattle,13,National Processor Cow Indicator,c/kg lwt,9733.0,374.838736217
2025-10-05,Cattle,13,National Processor Cow Indicator,c/kg lwt,9733.0,374.838736217
2025-10-06,Cattle,13,National Processor Cow Indicator,c/kg lwt,9274.0,372.9742095105
2025-10-07,Cattle,13,National Processor Cow Indicator,c/kg lwt,8930.0,366.8098783987
2025-10-08,Cattle,13,National Processor Cow Indicator,c/kg lwt,8111.0,365.7585266921
2025-10-09,Cattle,13,National Processor Cow Indicator,c/kg lwt,7751.0,364.9480082183
2025-10-10,Cattle,13,National Processor Cow Indicator,c/kg lwt,7751.0,364.9480082183
2025-10-11,Cattle,13,National Processor Cow Indicator,c/kg lwt,7751.0,364.9480082183
2025-10-12,Cattle,13,National Processor Cow Indicator,c/kg lwt,7751.0,364.9480082183
2025-10-13,Cattle,13,National Processor Cow Indicator,c/kg lwt,9600.0,365.22262625
2025-10-14,Cattle,13,National Processor Cow Indicator,c/kg lwt,9798.0,363.4419279751
2025-10-15,Cattle,13,National Processor Cow Indicator,c/kg lwt,9467.0,363.1104899968
2025-10-16,Cattle,13,National Processor Cow Indicator,c/kg lwt,9562.0,361.6127804957
2025-10-17,Cattle,13,National Processor Cow Indicator,c/kg lwt,9700.0,360.8294440412
2025-10-18,Cattle,13,National Processor Cow Indicator,c/kg lwt,9700.0,360.8294440412
2025-10-19,Cattle,13,National Processor Cow Indicator,c/kg lwt,9700.0,360.8294440412
2025-10-20,Cattle,13,National Processor Cow Indicator,c/kg lwt,9174.0,361.6048405276
2025-10-21,Cattle,13,National Processor Cow Indicator,c/kg lwt,8413.0,361.8069899679
2025-10-22,Cattle,13,National Processor Cow Indicator,c/kg lwt,9097.0,360.9526443553
2025-10-23,Cattle,13,National Processor Cow Indicator,c/kg lwt,9309.0,360.8908804061
2025-10-24,Cattle,13,National Processor Cow Indicator,c/kg lwt,9171.0,361.7085383928
2025-10-25,Cattle,13,National Processor Cow Indicator,c/kg lwt,9171.0,361.7085383928
2025-10-26,Cattle,13,National Processor Cow Indicator,c/kg lwt,9171.0,361.7085383928
2025-10-27,Cattle,13,National Processor Cow Indicator,c/kg lwt,8948.0,361.8236261399
2025-10-28,Cattle,13,National Processor Cow Indicator,c/kg lwt,9184.0,369.0746525044
2025-10-29,Cattle,13,National Processor Cow Indicator,c/kg lwt,8187.0,376.0032012703
2025-10-30,Cattle,13,National Processor Cow Indicator,c/kg lwt,7482.0,381.4450426223
2025-10-31,Cattle,13,National Processor Cow Indicator,c/kg lwt,7482.0,381.4450426223
2025-11-01,Cattle,13,National Processor Cow Indicator,c/kg lwt,7482.0,381.4450426223
2025-11-02,Cattle,13,National Processor Cow Indicator,c/kg lwt,7482.0,381.4450426223
2025-11-03,Cattle,13,National Processor Cow Indicator,c/kg lwt,7755.0,387.7175512315
2025-11-04,Cattle,13,National Processor Cow Indicator,c/kg lwt,7225.0,392.6512398201
2025-11-05,Cattle,13,National Processor Cow Indicator,c/kg lwt,7531.0,396.4782908777
2025-11-06,Cattle,13,National Processor Cow Indicator,c/kg lwt,9090.0,397.6179987789
2025-11-07,Cattle,13,National Processor Cow Indicator,c/kg lwt,9090.0,397.6179987789
2025-11-08,Cattle,13,National Processor Cow Indicator,c/kg lwt,9090.0,397.6179987789
2025-11-09,Cattle,13,National Processor Cow Indicator,c/kg lwt,9090.0,397.6179987789
2025-11-10,Cattle,13,National Processor Cow Indicator,c/kg lwt,9744.0,396.104003243
2025-11-11,Cattle,13,National Processor Cow Indicator,c/kg lwt,11965.0,396.878780468
2025-11-12,Cattle,13,National Processor Cow Indicator,c/kg lwt,12562.0,396.473237303
2025-11-13,Cattle,13,National Processor Cow Indicator,c/kg lwt,12547.0,394.7671639914
2025-11-14,Cattle,13,National Processor Cow Indicator,c/kg lwt,12547.0,394.7671639914
2025-11-15,Cattle,13,National Processor Cow Indicator,c/kg lwt,12547.0,394.7671639914
2025-11-16,Cattle,13,National Processor Cow Indicator,c/kg lwt,12547.0,394.7671639914
2025-11-17,Cattle,13,National Processor Cow Indicator,c/kg lwt,12417.0,394.3837325038
2025-11-18,Cattle,13,National Processor Cow Indicator,c/kg lwt,11355.0,394.1468962395
2025-11-19,Cattle,13,National Processor Cow Indicator,c/kg lwt,11660.0,394.8157812779
2025-11-20,Cattle,13,National Processor Cow Indicator,c/kg lwt,11405.0,395.8675150986
2025-11-21,Cattle,13,National Processor Cow Indicator,c/kg lwt,11405.0,395.8675150986
2025-11-22,Cattle,13,National Processor Cow Indicator,c/kg lwt,11405.0,395.8675150986
2025-11-23,Cattle,13,National Processor Cow Indicator,c/kg lwt,11405.0,395.8675150986
2025-11-24,Cattle,13,National Processor Cow Indicator,c/kg lwt,11904.0,395.0744631552
2025-11-25,Cattle,13,National Processor Cow Indicator,c/kg lwt,13005.0,394.9095587389
2025-11-26,Cattle,13,National Processor Cow Indicator,c/kg lwt,13211.0,392.6328067898
2025-11-27,Cattle,13,National Processor Cow Indicator,c/kg lwt,12198.0,392.8134128956
2025-11-28,Cattle,13,National Processor Cow Indicator,c/kg lwt,12198.0,392.8134128956
2025-11-29,Cattle,13,National Processor Cow Indicator,c/kg lwt,12198.0,392.8134128956
2025-11-30,Cattle,13,National Processor Cow Indicator,c/kg lwt,12198.0,392.8134128956
2025-12-01,Cattle,13,National Processor Cow Indicator,c/kg lwt,12288.0,392.4699390951
2025-12-02,Cattle,13,National Processor Cow Indicator,c/kg lwt,12629.0,390.2232489192
2025-12-03,Cattle,13,National Processor Cow Indicator,c/kg lwt,12552.0,391.1957623805
2025-12-04,Cattle,13,National Processor Cow Indicator,c/kg lwt,13931.0,388.6648632115
2025-12-05,Cattle,13,National Processor Cow Indicator,c/kg lwt,14045.0,388.0120476611
2025-12-06,Cattle,13,National Processor Cow Indicator,c/kg lwt,14045.0,388.0120476611
2025-12-07,Cattle,13,National Processor Cow Indicator,c/kg lwt,14045.0,388.0120476611
2025-12-08,Cattle,13,National Processor Cow Indicator,c/kg lwt,14124.0,386.0652088289
2025-12-09,Cattle,13,National Processor Cow Indicator,c/kg lwt,14586.0,382.5048683464
2025-12-10,Cattle,13,National Processor Cow Indicator,c/kg lwt,14322.0,379.341307869
2025-12-11,Cattle,13,National Processor Cow Indicator,c/kg lwt,13347.0,378.3022560351
2025-12-12,Cattle,13,National Processor Cow Indicator,c/kg lwt,13377.0,378.0299926217
2025-12-13,Cattle,13,National Processor Cow Indicator,c/kg lwt,13377.0,378.0299926217
2025-12-14,Cattle,13,National Processor Cow Indicator,c/kg lwt,13377.0,378.0299926217
2025-12-15,Cattle,13,National Processor Cow Indicator,c/kg lwt,11972.0,375.5207826679
2025-12-16,Cattle,13,National Processor Cow Indicator,c/kg lwt,8090.0,366.6338700247
2025-12-17,Cattle,13,National Processor Cow Indicator,c/kg lwt,5661.0,363.7914862215
2025-12-18,Cattle,13,National Processor Cow Indicator,c/kg lwt,4052.0,362.5672762833
2025-12-19,Cattle,13,National Processor Cow Indicator,c/kg lwt,3908.0,364.9633069345
2025-12-20,Cattle,13,National Processor Cow Indicator,c/kg lwt,3908.0,364.9633069345
2025-12-21,Cattle,13,National Processor Cow Indicator,c/kg lwt,3908.0,364.9633069345
2025-12-22,Cattle,13,National Processor Cow Indicator,c/kg lwt,2349.0,366.673138825
2025-12-23,Cattle,13,National Processor Cow Indicator,c/kg lwt,571.0,369.1978984238
2025-12-24,Cattle,13,National Processor Cow Indicator,c/kg lwt,31.0,362.2258064516
2025-04-01,Cattle,14,National Young Cattle Indicator,c/kg lwt,19317.0,375.9506500958
2025-04-02,Cattle,14,National Young Cattle Indicator,c/kg lwt,17739.0,382.7164939906
2025-04-03,Cattle,14,National Young Cattle Indicator,c/kg lwt,14511.0,382.4591659362
2025-04-04,Cattle,14,National Young Cattle Indicator,c/kg lwt,12509.0,378.7383105684
2025-04-05,Cattle,14,National Young Cattle Indicator,c/kg lwt,12523.0,378.749442378
2025-04-06,Cattle,14,National Young Cattle Indicator,c/kg lwt,12514.0,378.6256262506
2025-04-07,Cattle,14,National Young Cattle Indicator,c/kg lwt,12176.0,376.542898883
2025-04-08,Cattle,14,National Young Cattle Indicator,c/kg lwt,13385.0,376.9076515577
2025-04-09,Cattle,14,National Young Cattle Indicator,c/kg lwt,14587.0,374.0787186605
2025-04-10,Cattle,14,National Young Cattle Indicator,c/kg lwt,14924.0,373.1070402774
2025-04-11,Cattle,14,National Young Cattle Indicator,c/kg lwt,19771.0,375.209911441
2025-04-12,Cattle,14,National Young Cattle Indicator,c/kg lwt,20066.0,374.8881709907
2025-04-13,Cattle,14,National Young Cattle Indicator,c/kg lwt,20411.0,375.0908098133
2025-04-14,Cattle,14,National Young Cattle Indicator,c/kg lwt,20443.0,377.2460978917
2025-04-15,Cattle,14,National Young Cattle Indicator,c/kg lwt,22487.0,377.7304703562
2025-04-16,Cattle,14,National Young Cattle Indicator,c/kg lwt,23505.0,376.4183883684
2025-04-17,Cattle,14,National Young Cattle Indicator,c/kg lwt,28023.0,381.442600314
2025-04-18,Cattle,14,National Young Cattle Indicator,c/kg lwt,16352.0,378.2226063234
2025-04-19,Cattle,14,National Young Cattle Indicator,c/kg lwt,16066.0,378.5258339724
2025-04-20,Cattle,14,National Young Cattle Indicator,c/kg lwt,15671.0,378.715222296
2025-04-21,Cattle,14,National Young Cattle Indicator,c/kg lwt,14063.0,379.0368383844
2025-04-22,Cattle,14,National Young Cattle Indicator,c/kg lwt,11508.0,381.2147074296
2025-04-23,Cattle,14,National Young Cattle Indicator,c/kg lwt,9556.0,382.5154372227
2025-04-24,Cattle,14,National Young Cattle Indicator,c/kg lwt,11191.0,376.9181143866
2025-04-25,Cattle,14,National Young Cattle Indicator,c/kg lwt,11191.0,376.9181143866
2025-04-26,Cattle,14,National Young Cattle Indicator,c/kg lwt,11134.0,377.228804392
2025-04-27,Cattle,14,National Young Cattle Indicator,c/kg lwt,11134.0,377.228804392
2025-04-28,Cattle,14,National Young Cattle Indicator,c/kg lwt,13189.0,379.5416239594
2025-04-29,Cattle,14,National Young Cattle Indicator,c/kg lwt,18791.0,381.294979437
2025-04-30,Cattle,14,National Young Cattle Indicator,c/kg lwt,21495.0,378.4247017911
2025-05-01,Cattle,14,National Young Cattle Indicator,c/kg lwt,19867.0,375.3982027986
2025-05-02,Cattle,14,National Young Cattle Indicator,c/kg lwt,34524.0,382.9411576005
2025-05-03,Cattle,14,National Young Cattle Indicator,c/kg lwt,34915.0,382.3838549334
2025-05-04,Cattle,14,National Young Cattle Indicator,c/kg lwt,35023.0,382.5289922337
2025-05-05,Cattle,14,National Young Cattle Indicator,c/kg lwt,36188.0,380.8040794407
2025-05-06,Cattle,14,National Young Cattle Indicator,c/kg lwt,34952.0,378.6965285334
2025-05-07,Cattle,14,National Young Cattle Indicator,c/kg lwt,36199.0,374.5141477693
2025-05-08,Cattle,14,National Young Cattle Indicator,c/kg lwt,32725.0,372.305322081
2025-05-09,Cattle,14,National Young Cattle Indicator,c/kg lwt,28877.0,363.0864873463
2025-05-10,Cattle,14,National Young Cattle Indicator,c/kg lwt,28957.0,362.7687835446
2025-05-11,Cattle,14,National Young Cattle Indicator,c/kg lwt,29062.0,362.1797772039
2025-05-12,Cattle,14,National Young Cattle Indicator,c/kg lwt,28404.0,358.7018931665
2025-05-13,Cattle,14,National Young Cattle Indicator,c/kg lwt,29286.0,357.7192542546
2025-05-14,Cattle,14,National Young Cattle Indicator,c/kg lwt,28287.0,356.4244885884
2025-05-15,Cattle,14,National Young Cattle Indicator,c/kg lwt,28530.0,353.753472089
2025-05-16,Cattle,14,National Young Cattle Indicator,c/kg lwt,30610.0,351.712196952
2025-05-17,Cattle,14,National Young Cattle Indicator,c/kg lwt,30193.0,352.1112187825
2025-05-18,Cattle,14,National Young Cattle Indicator,c/kg lwt,30075.0,351.8986134231
2025-05-19,Cattle,14,National Young Cattle Indicator,c/kg lwt,29753.0,353.5226857191
2025-05-20,Cattle,14,National Young Cattle Indicator,c/kg lwt,29144.0,350.9143390475
2025-05-21,Cattle,14,National Young Cattle Indicator,c/kg lwt,28364.0,355.3392000846
2025-05-22,Cattle,14,National Young Cattle Indicator,c/kg lwt,26735.0,359.6425813054
2025-05-23,Cattle,14,National Young Cattle Indicator,c/kg lwt,23351.0,365.3308394159
2025-05-24,Cattle,14,National Young Cattle Indicator,c/kg lwt,23461.0,365.3129585781
2025-05-25,Cattle,14,National Young Cattle Indicator,c/kg lwt,23515.0,365.2454697512
2025-05-26,Cattle,14,National Young Cattle Indicator,c/kg lwt,23741.0,369.7572411145
2025-05-27,Cattle,14,National Young Cattle Indicator,c/kg lwt,21477.0,377.7518269311
2025-05-28,Cattle,14,National Young Cattle Indicator,c/kg lwt,21176.0,380.2152472799
2025-05-29,Cattle,14,National Young Cattle Indicator,c/kg lwt,22880.0,378.8242804414
2025-05-30,Cattle,14,National Young Cattle Indicator,c/kg lwt,22016.0,388.9491618141
2025-05-31,Cattle,14,National Young Cattle Indicator,c/kg lwt,21852.0,389.3389729315
2025-06-01,Cattle,14,National Young Cattle Indicator,c/kg lwt,21713.0,390.2477293096
2025-06-02,Cattle,14,National Young Cattle Indicator,c/kg lwt,20558.0,388.66204964
2025-06-03,Cattle,14,National Young Cattle Indicator,c/kg lwt,20583.0,386.3874455181
2025-06-04,Cattle,14,National Young Cattle Indicator,c/kg lwt,23340.0,387.3442201585
2025-06-05,Cattle,14,National Young Cattle Indicator,c/kg lwt,22227.0,389.0879065281
2025-06-06,Cattle,14,National Young Cattle Indicator,c/kg lwt,22892.0,385.8076654901
2025-06-07,Cattle,14,National Young Cattle Indicator,c/kg lwt,22944.0,385.835530788
2025-06-08,Cattle,14,National Young Cattle Indicator,c/kg lwt,22934.0,385.8658070289
2025-06-09,Cattle,14,National Young Cattle Indicator,c/kg lwt,21742.0,386.1931928203
2025-06-10,Cattle,14,National Young Cattle Indicator,c/kg lwt,24458.0,383.6607437566
2025-06-11,Cattle,14,National Young Cattle Indicator,c/kg lwt,24103.0,379.1997552213
2025-06-12,Cattle,14,National Young Cattle Indicator,c/kg lwt,24438.0,378.4818733161
2025-06-13,Cattle,14,National Young Cattle Indicator,c/kg lwt,24967.0,381.718247691
2025-06-14,Cattle,14,National Young Cattle Indicator,c/kg lwt,25108.0,382.0543647483
2025-06-15,Cattle,14,National Young Cattle Indicator,c/kg lwt,25132.0,381.9912283185
2025-06-16,Cattle,14,National Young Cattle Indicator,c/kg lwt,26423.0,380.4355534988
2025-06-17,Cattle,14,National Young Cattle Indicator,c/kg lwt,25539.0,377.6069015349
2025-06-18,Cattle,14,National Young Cattle Indicator,c/kg lwt,24121.0,379.7372097384
2025-06-19,Cattle,14,National Young Cattle Indicator,c/kg lwt,23557.0,379.5483820563
2025-06-20,Cattle,14,National Young Cattle Indicator,c/kg lwt,22191.0,378.8220475012
2025-06-21,Cattle,14,National Young Cattle Indicator,c/kg lwt,21998.0,378.3742711201
2025-06-22,Cattle,14,National Young Cattle Indicator,c/kg lwt,21981.0,378.4108350894
2025-06-23,Cattle,14,National Young Cattle Indicator,c/kg lwt,21269.0,379.4273588932
2025-06-24,Cattle,14,National Young Cattle Indicator,c/kg lwt,22490.0,381.9140723744
2025-06-25,Cattle,14,National Young Cattle Indicator,c/kg lwt,22507.0,380.0471329231
2025-06-26,Cattle,14,National Young Cattle Indicator,c/kg lwt,24002.0,379.9898254604
2025-06-27,Cattle,14,National Young Cattle Indicator,c/kg lwt,22504.0,374.2557990002
2025-06-28,Cattle,14,National Young Cattle Indicator,c/kg lwt,22649.0,374.575607784
2025-06-29,Cattle,14,National Young Cattle Indicator,c/kg lwt,22642.0,374.6051157451
2025-06-30,Cattle,14,National Young Cattle Indicator,c/kg lwt,22834.0,374.6353893711
2025-07-01,Cattle,14,National Young Cattle Indicator,c/kg lwt,19881.0,375.9007162064
2025-07-02,Cattle,14,National Young Cattle Indicator,c/kg lwt,17942.0,379.1103977706
2025-07-03,Cattle,14,National Young Cattle Indicator,c/kg lwt,15533.0,381.4117547673
2025-07-04,Cattle,14,National Young Cattle Indicator,c/kg lwt,17236.0,388.1901007658
2025-07-05,Cattle,14,National Young Cattle Indicator,c/kg lwt,17221.0,387.3726953603
2025-07-06,Cattle,14,National Young Cattle Indicator,c/kg lwt,17248.0,387.0512051716
2025-07-07,Cattle,14,National Young Cattle Indicator,c/kg lwt,17553.0,387.3309916823
2025-07-08,Cattle,14,National Young Cattle Indicator,c/kg lwt,20169.0,384.9743966285
2025-07-09,Cattle,14,National Young Cattle Indicator,c/kg lwt,20786.0,384.0940007601
2025-07-10,Cattle,14,National Young Cattle Indicator,c/kg lwt,21491.0,382.5367875902
2025-07-11,Cattle,14,National Young Cattle Indicator,c/kg lwt,20877.0,383.7461844183
2025-07-12,Cattle,14,National Young Cattle Indicator,c/kg lwt,20980.0,383.2729643518
2025-07-13,Cattle,14,National Young Cattle Indicator,c/kg lwt,21153.0,382.8646571219
2025-07-14,Cattle,14,National Young Cattle Indicator,c/kg lwt,20564.0,383.1395823916
2025-07-15,Cattle,14,National Young Cattle Indicator,c/kg lwt,19210.0,389.3631756273
2025-07-16,Cattle,14,National Young Cattle Indicator,c/kg lwt,19472.0,390.4002866732
2025-07-17,Cattle,14,National Young Cattle Indicator,c/kg lwt,21174.0,393.3149112024
2025-07-18,Cattle,14,National Young Cattle Indicator,c/kg lwt,20274.0,397.0006091447
2025-07-19,Cattle,14,National Young Cattle Indicator,c/kg lwt,20092.0,397.9610924647
2025-07-20,Cattle,14,National Young Cattle Indicator,c/kg lwt,20050.0,398.4781964988
2025-07-21,Cattle,14,National Young Cattle Indicator,c/kg lwt,20412.0,401.4826934891
2025-07-22,Cattle,14,National Young Cattle Indicator,c/kg lwt,21374.0,402.9781754328
2025-07-23,Cattle,14,National Young Cattle Indicator,c/kg lwt,21530.0,407.0258207896
2025-07-24,Cattle,14,National Young Cattle Indicator,c/kg lwt,20205.0,405.4684074041
2025-07-25,Cattle,14,National Young Cattle Indicator,c/kg lwt,21413.0,414.5138668846
2025-07-26,Cattle,14,National Young Cattle Indicator,c/kg lwt,21362.0,414.6490385544
2025-07-27,Cattle,14,National Young Cattle Indicator,c/kg lwt,21262.0,414.700657116
2025-07-28,Cattle,14,National Young Cattle Indicator,c/kg lwt,20828.0,413.7556501536
2025-07-29,Cattle,14,National Young Cattle Indicator,c/kg lwt,18763.0,419.9204001919
2025-07-30,Cattle,14,National Young Cattle Indicator,c/kg lwt,17866.0,427.9726298948
2025-07-31,Cattle,14,National Young Cattle Indicator,c/kg lwt,18437.0,431.931171324
2025-08-01,Cattle,14,National Young Cattle Indicator,c/kg lwt,18217.0,440.7533647527
2025-08-02,Cattle,14,National Young Cattle Indicator,c/kg lwt,18276.0,440.689171903
2025-08-03,Cattle,14,National Young Cattle Indicator,c/kg lwt,18227.0,441.1555267296
2025-08-04,Cattle,14,National Young Cattle Indicator,c/kg lwt,18207.0,443.6530107321
2025-08-05,Cattle,14,National Young Cattle Indicator,c/kg lwt,17409.0,446.4915211213
2025-08-06,Cattle,14,National Young Cattle Indicator,c/kg lwt,17852.0,446.2251877269
2025-08-07,Cattle,14,National Young Cattle Indicator,c/kg lwt,17299.0,451.4032228048
2025-08-08,Cattle,14,National Young Cattle Indicator,c/kg lwt,18621.0,456.7119425004
2025-08-09,Cattle,14,National Young Cattle Indicator,c/kg lwt,18577.0,456.7073570167
2025-08-10,Cattle,14,National Young Cattle Indicator,c/kg lwt,18568.0,456.7792229265
2025-08-11,Cattle,14,National Young Cattle Indicator,c/kg lwt,19068.0,454.3234870201
2025-08-12,Cattle,14,National Young Cattle Indicator,c/kg lwt,19578.0,456.4862227398
2025-08-13,Cattle,14,National Young Cattle Indicator,c/kg lwt,20618.0,454.2377791056
2025-08-14,Cattle,14,National Young Cattle Indicator,c/kg lwt,20787.0,452.2981877904
2025-08-15,Cattle,14,National Young Cattle Indicator,c/kg lwt,23013.0,453.8801320819
2025-08-16,Cattle,14,National Young Cattle Indicator,c/kg lwt,23538.0,453.0528069335
2025-08-17,Cattle,14,National Young Cattle Indicator,c/kg lwt,23572.0,453.0336335313
2025-08-18,Cattle,14,National Young Cattle Indicator,c/kg lwt,24199.0,454.1218360139
2025-08-19,Cattle,14,National Young Cattle Indicator,c/kg lwt,25774.0,457.2787914293
2025-08-20,Cattle,14,National Young Cattle Indicator,c/kg lwt,26746.0,459.7548487475
2025-08-21,Cattle,14,National Young Cattle Indicator,c/kg lwt,25767.0,460.925152117
2025-08-22,Cattle,14,National Young Cattle Indicator,c/kg lwt,25003.0,464.499800208
2025-08-23,Cattle,14,National Young Cattle Indicator,c/kg lwt,24568.0,465.5942422908
2025-08-24,Cattle,14,National Young Cattle Indicator,c/kg lwt,24663.0,465.6808423387
2025-08-25,Cattle,14,National Young Cattle Indicator,c/kg lwt,23939.0,466.0882599273
2025-08-26,Cattle,14,National Young Cattle Indicator,c/kg lwt,23144.0,469.9224194564
2025-08-27,Cattle,14,National Young Cattle Indicator,c/kg lwt,20775.0,472.9614849531
2025-08-28,Cattle,14,National Young Cattle Indicator,c/kg lwt,24523.0,467.9327749419
2025-08-29,Cattle,14,National Young Cattle Indicator,c/kg lwt,23580.0,468.0141670865
2025-08-30,Cattle,14,National Young Cattle Indicator,c/kg lwt,23546.0,467.9365132039
2025-08-31,Cattle,14,National Young Cattle Indicator,c/kg lwt,23467.0,468.0648587335
2025-09-01,Cattle,14,National Young Cattle Indicator,c/kg lwt,23217.0,468.1206740793
2025-09-02,Cattle,14,National Young Cattle Indicator,c/kg lwt,22814.0,467.8185880687
2025-09-03,Cattle,14,National Young Cattle Indicator,c/kg lwt,23699.0,467.615048424
2025-09-04,Cattle,14,National Young Cattle Indicator,c/kg lwt,20075.0,471.6458795816
2025-09-05,Cattle,14,National Young Cattle Indicator,c/kg lwt,21411.0,471.7332531222
2025-09-06,Cattle,14,National Young Cattle Indicator,c/kg lwt,21733.0,471.0818654857
2025-09-07,Cattle,14,National Young Cattle Indicator,c/kg lwt,21916.0,470.992716399
2025-09-08,Cattle,14,National Young Cattle Indicator,c/kg lwt,22350.0,470.7502372528
2025-09-09,Cattle,14,National Young Cattle Indicator,c/kg lwt,24088.0,468.5438776901
2025-09-10,Cattle,14,National Young Cattle Indicator,c/kg lwt,23443.0,468.3722694066
2025-09-11,Cattle,14,National Young Cattle Indicator,c/kg lwt,23986.0,468.5665184566
2025-09-12,Cattle,14,National Young Cattle Indicator,c/kg lwt,22856.0,470.5776794583
2025-09-13,Cattle,14,National Young Cattle Indicator,c/kg lwt,22485.0,471.3322135513
2025-09-14,Cattle,14,National Young Cattle Indicator,c/kg lwt,22259.0,471.2466405364
2025-09-15,Cattle,14,National Young Cattle Indicator,c/kg lwt,21814.0,471.4868571422
2025-09-16,Cattle,14,National Young Cattle Indicator,c/kg lwt,19566.0,471.133143366
2025-09-17,Cattle,14,National Young Cattle Indicator,c/kg lwt,18601.0,479.0227823719
2025-09-18,Cattle,14,National Young Cattle Indicator,c/kg lwt,19094.0,475.6412681942
2025-09-19,Cattle,14,National Young Cattle Indicator,c/kg lwt,21734.0,475.0475924772
2025-09-20,Cattle,14,National Young Cattle Indicator,c/kg lwt,21722.0,475.004250755
2025-09-21,Cattle,14,National Young Cattle Indicator,c/kg lwt,21743.0,474.8712148692
2025-09-22,Cattle,14,National Young Cattle Indicator,c/kg lwt,22110.0,475.1456108458
2025-09-23,Cattle,14,National Young Cattle Indicator,c/kg lwt,24877.0,473.8010494553
2025-09-24,Cattle,14,National Young Cattle Indicator,c/kg lwt,26979.0,466.7507158531
2025-09-25,Cattle,14,National Young Cattle Indicator,c/kg lwt,30075.0,466.7211625303
2025-09-26,Cattle,14,National Young Cattle Indicator,c/kg lwt,25002.0,463.7460048436
2025-09-27,Cattle,14,National Young Cattle Indicator,c/kg lwt,25151.0,463.6686649875
2025-09-28,Cattle,14,National Young Cattle Indicator,c/kg lwt,25153.0,463.7912214487
2025-09-29,Cattle,14,National Young Cattle Indicator,c/kg lwt,24810.0,463.9442386941
2025-09-30,Cattle,14,National Young Cattle Indicator,c/kg lwt,23392.0,460.9593303822
2025-10-01,Cattle,14,National Young Cattle Indicator,c/kg lwt,23018.0,459.090816435
2025-10-02,Cattle,14,National Young Cattle Indicator,c/kg lwt,19695.0,459.7532948769
2025-10-03,Cattle,14,National Young Cattle Indicator,c/kg lwt,21083.0,454.3893076223
2025-10-04,Cattle,14,National Young Cattle Indicator,c/kg lwt,21251.0,454.3695201449
2025-10-05,Cattle,14,National Young Cattle Indicator,c/kg lwt,21383.0,453.9010032549
2025-10-06,Cattle,14,National Young Cattle Indicator,c/kg lwt,21057.0,452.989632545
2025-10-07,Cattle,14,National Young Cattle Indicator,c/kg lwt,19660.0,450.1854714598
2025-10-08,Cattle,14,National Young Cattle Indicator,c/kg lwt,18000.0,454.3143590611
2025-10-09,Cattle,14,National Young Cattle Indicator,c/kg lwt,17881.0,452.9501258487
2025-10-10,Cattle,14,National Young Cattle Indicator,c/kg lwt,14206.0,441.2653878854
2025-10-11,Cattle,14,National Young Cattle Indicator,c/kg lwt,14063.0,440.5723650928
2025-10-12,Cattle,14,National Young Cattle Indicator,c/kg lwt,13955.0,441.0974554138
2025-10-13,Cattle,14,National Young Cattle Indicator,c/kg lwt,15183.0,442.0804775604
2025-10-14,Cattle,14,National Young Cattle Indicator,c/kg lwt,15560.0,444.1068547751
2025-10-15,Cattle,14,National Young Cattle Indicator,c/kg lwt,16083.0,439.5964412112
2025-10-16,Cattle,14,National Young Cattle Indicator,c/kg lwt,15917.0,439.67900338
2025-10-17,Cattle,14,National Young Cattle Indicator,c/kg lwt,17857.0,428.7455388251
2025-10-18,Cattle,14,National Young Cattle Indicator,c/kg lwt,17771.0,428.8703425131
2025-10-19,Cattle,14,National Young Cattle Indicator,c/kg lwt,17739.0,428.7602253115
2025-10-20,Cattle,14,National Young Cattle Indicator,c/kg lwt,18413.0,428.3662372943
2025-10-21,Cattle,14,National Young Cattle Indicator,c/kg lwt,19400.0,431.7626224433
2025-10-22,Cattle,14,National Young Cattle Indicator,c/kg lwt,20002.0,430.2167580092
2025-10-23,Cattle,14,National Young Cattle Indicator,c/kg lwt,20798.0,428.5665455188
2025-10-24,Cattle,14,National Young Cattle Indicator,c/kg lwt,21212.0,438.354420314
2025-10-25,Cattle,14,National Young Cattle Indicator,c/kg lwt,21276.0,438.6328047424
2025-10-26,Cattle,14,National Young Cattle Indicator,c/kg lwt,21254.0,438.6957576786
2025-10-27,Cattle,14,National Young Cattle Indicator,c/kg lwt,20361.0,437.4901165611
2025-10-28,Cattle,14,National Young Cattle Indicator,c/kg lwt,19213.0,436.8548253734
2025-10-29,Cattle,14,National Young Cattle Indicator,c/kg lwt,18190.0,438.227775569
2025-10-30,Cattle,14,National Young Cattle Indicator,c/kg lwt,19220.0,438.3853703226
2025-10-31,Cattle,14,National Young Cattle Indicator,c/kg lwt,17850.0,448.1839981849
2025-11-01,Cattle,14,National Young Cattle Indicator,c/kg lwt,17698.0,448.0814757374
2025-11-02,Cattle,14,National Young Cattle Indicator,c/kg lwt,17730.0,448.0922299831
2025-11-03,Cattle,14,National Young Cattle Indicator,c/kg lwt,18203.0,451.2807585728
2025-11-04,Cattle,14,National Young Cattle Indicator,c/kg lwt,18002.0,453.5284226308
2025-11-05,Cattle,14,National Young Cattle Indicator,c/kg lwt,19296.0,455.7950292185
2025-11-06,Cattle,14,National Young Cattle Indicator,c/kg lwt,17590.0,461.3851150938
2025-11-07,Cattle,14,National Young Cattle Indicator,c/kg lwt,18787.0,463.3343894448
2025-11-08,Cattle,14,National Young Cattle Indicator,c/kg lwt,18777.0,463.3871371625
2025-11-09,Cattle,14,National Young Cattle Indicator,c/kg lwt,18745.0,463.403093865
2025-11-10,Cattle,14,National Young Cattle Indicator,c/kg lwt,18396.0,465.3029480974
2025-11-11,Cattle,14,National Young Cattle Indicator,c/kg lwt,18446.0,467.8582232408
2025-11-12,Cattle,14,National Young Cattle Indicator,c/kg lwt,19616.0,473.2568048634
2025-11-13,Cattle,14,National Young Cattle Indicator,c/kg lwt,20301.0,473.6586470371
2025-11-14,Cattle,14,National Young Cattle Indicator,c/kg lwt,21433.0,477.3493049736
2025-11-15,Cattle,14,National Young Cattle Indicator,c/kg lwt,21433.0,477.3493049736
2025-11-16,Cattle,14,National Young Cattle Indicator,c/kg lwt,21781.0,477.9715134062
2025-11-17,Cattle,14,National Young Cattle Indicator,c/kg lwt,22036.0,477.5068630514
2025-11-18,Cattle,14,National Young Cattle Indicator,c/kg lwt,21490.0,479.4559552164
2025-11-19,Cattle,14,National Young Cattle Indicator,c/kg lwt,22193.0,482.3316155364
2025-11-20,Cattle,14,National Young Cattle Indicator,c/kg lwt,22213.0,482.7746159276
2025-11-21,Cattle,14,National Young Cattle Indicator,c/kg lwt,26574.0,490.0463096862
2025-11-22,Cattle,14,National Young Cattle Indicator,c/kg lwt,26584.0,490.0099320494
2025-11-23,Cattle,14,National Young Cattle Indicator,c/kg lwt,26260.0,489.6270919117
2025-11-24,Cattle,14,National Young Cattle Indicator,c/kg lwt,27317.0,487.1385080536
2025-11-25,Cattle,14,National Young Cattle Indicator,c/kg lwt,30515.0,489.1265831886
2025-11-26,Cattle,14,National Young Cattle Indicator,c/kg lwt,30291.0,487.1397083886
2025-11-27,Cattle,14,National Young Cattle Indicator,c/kg lwt,31803.0,485.2669291199
2025-11-28,Cattle,14,National Young Cattle Indicator,c/kg lwt,30031.0,476.7033074756
2025-11-29,Cattle,14,National Young Cattle Indicator,c/kg lwt,30102.0,476.7196218457
2025-11-30,Cattle,14,National Young Cattle Indicator,c/kg lwt,30078.0,476.7391707161
2025-12-01,Cattle,14,National Young Cattle Indicator,c/kg lwt,31715.0,475.72449207
2025-12-02,Cattle,14,National Young Cattle Indicator,c/kg lwt,31081.0,469.1707590811
2025-12-03,Cattle,14,National Young Cattle Indicator,c/kg lwt,30731.0,468.4727483518
2025-12-04,Cattle,14,National Young Cattle Indicator,c/kg lwt,29352.0,468.2529227855
2025-12-05,Cattle,14,National Young Cattle Indicator,c/kg lwt,27868.0,469.9920747668
2025-12-06,Cattle,14,National Young Cattle Indicator,c/kg lwt,28398.0,468.9135129094
2025-12-07,Cattle,14,National Young Cattle Indicator,c/kg lwt,28584.0,468.790027274
2025-12-08,Cattle,14,National Young Cattle Indicator,c/kg lwt,26040.0,467.5848337327
2025-12-09,Cattle,14,National Young Cattle Indicator,c/kg lwt,27322.0,467.9865219347
2025-12-10,Cattle,14,National Young Cattle Indicator,c/kg lwt,26900.0,463.6125088141
2025-12-11,Cattle,14,National Young Cattle Indicator,c/kg lwt,26651.0,462.7686746126
2025-12-12,Cattle,14,National Young Cattle Indicator,c/kg lwt,27002.0,458.4063412747
2025-12-13,Cattle,14,National Young Cattle Indicator,c/kg lwt,26510.0,459.2014091701
2025-12-14,Cattle,14,National Young Cattle Indicator,c/kg lwt,26563.0,459.9094694538
2025-12-15,Cattle,14,National Young Cattle Indicator,c/kg lwt,26134.0,460.3310425346
2025-12-16,Cattle,14,National Young Cattle Indicator,c/kg lwt,23897.0,457.052075135
2025-12-17,Cattle,14,National Young Cattle Indicator,c/kg lwt,19777.0,461.1855016939
2025-12-18,Cattle,14,National Young Cattle Indicator,c/kg lwt,18203.0,463.7002415536
2025-12-19,Cattle,14,National Young Cattle Indicator,c/kg lwt,9290.0,453.024547578
2025-12-20,Cattle,14,National Young Cattle Indicator,c/kg lwt,9171.0,453.2024301603
2025-12-21,Cattle,14,National Young Cattle Indicator,c/kg lwt,9057.0,451.5453634758
2025-12-22,Cattle,14,National Young Cattle Indicator,c/kg lwt,7591.0,456.1040464893
2025-12-23,Cattle,14,National Young Cattle Indicator,c/kg lwt,2797.0,469.0530747229
2025-12-24,Cattle,14,National Young Cattle Indicator,c/kg lwt,2134.0,481.9796672915
2025-12-25,Cattle,14,National Young Cattle Indicator,c/kg lwt,1677.0,491.121836613
2025-12-26,Cattle,14,National Young Cattle Indicator,c/kg lwt,346.0,483.5254046243
2025-12-27,Cattle,14,National Young Cattle Indicator,c/kg lwt,346.0,483.5254046243
2025-12-28,Cattle,14,National Young Cattle Indicator,c/kg lwt,221.0,484.7911312217
2025-12-29,Cattle,14,National Young Cattle Indicator,c/kg lwt,211.0,482.8523222749
2025-04-01,Cattle,15,Online Young Cattle Indicator,c/kg lwt,8919.0,398.7741719924
2025-04-02,Cattle,15,Online Young Cattle Indicator,c/kg lwt,8919.0,398.7741719924
2025-04-03,Cattle,15,Online Young Cattle Indicator,c/kg lwt,8088.0,394.5285670129
2025-04-04,Cattle,15,Online Young Cattle Indicator,c/kg lwt,6015.0,390.0599201995
2025-04-05,Cattle,15,Online Young Cattle Indicator,c/kg lwt,6015.0,390.0599201995
2025-04-06,Cattle,15,Online Young Cattle Indicator,c/kg lwt,6042.0,389.440448527
2025-04-07,Cattle,15,Online Young Cattle Indicator,c/kg lwt,5515.0,392.8006237534
2025-04-08,Cattle,15,Online Young Cattle Indicator,c/kg lwt,5588.0,392.1343861847
2025-04-09,Cattle,15,Online Young Cattle Indicator,c/kg lwt,5588.0,392.1343861847
2025-04-10,Cattle,15,Online Young Cattle Indicator,c/kg lwt,5572.0,392.3822954056
2025-04-11,Cattle,15,Online Young Cattle Indicator,c/kg lwt,9983.0,389.1639997997
2025-04-12,Cattle,15,Online Young Cattle Indicator,c/kg lwt,10273.0,388.0470699893
2025-04-13,Cattle,15,Online Young Cattle Indicator,c/kg lwt,10550.0,388.0190872038
2025-04-14,Cattle,15,Online Young Cattle Indicator,c/kg lwt,10904.0,387.9882446809
2025-04-15,Cattle,15,Online Young Cattle Indicator,c/kg lwt,10942.0,387.973451837
2025-04-16,Cattle,15,Online Young Cattle Indicator,c/kg lwt,11037.0,387.9195469783
2025-04-17,Cattle,15,Online Young Cattle Indicator,c/kg lwt,16114.0,391.4128993422
2025-04-18,Cattle,15,Online Young Cattle Indicator,c/kg lwt,6312.0,393.4121387833
2025-04-19,Cattle,15,Online Young Cattle Indicator,c/kg lwt,6079.0,394.7786132588
2025-04-20,Cattle,15,Online Young Cattle Indicator,c/kg lwt,5758.0,396.1666637721
2025-04-21,Cattle,15,Online Young Cattle Indicator,c/kg lwt,5346.0,396.8142274598
2025-04-22,Cattle,15,Online Young Cattle Indicator,c/kg lwt,5328.0,397.2207713964
2025-04-23,Cattle,15,Online Young Cattle Indicator,c/kg lwt,5233.0,397.5023390025
2025-04-24,Cattle,15,Online Young Cattle Indicator,c/kg lwt,5806.0,387.081005856
2025-04-25,Cattle,15,Online Young Cattle Indicator,c/kg lwt,5806.0,387.081005856
2025-04-26,Cattle,15,Online Young Cattle Indicator,c/kg lwt,5749.0,387.7834771265
2025-04-27,Cattle,15,Online Young Cattle Indicator,c/kg lwt,5749.0,387.7834771265
2025-04-28,Cattle,15,Online Young Cattle Indicator,c/kg lwt,5817.0,387.2739539281
2025-04-29,Cattle,15,Online Young Cattle Indicator,c/kg lwt,5775.0,387.3428155844
2025-04-30,Cattle,15,Online Young Cattle Indicator,c/kg lwt,5785.0,387.1135280899
2025-05-01,Cattle,15,Online Young Cattle Indicator,c/kg lwt,135.0,343.9241481481
2025-05-02,Cattle,15,Online Young Cattle Indicator,c/kg lwt,12610.0,397.0611895321
2025-05-03,Cattle,15,Online Young Cattle Indicator,c/kg lwt,12930.0,395.8828097448
2025-05-04,Cattle,15,Online Young Cattle Indicator,c/kg lwt,13038.0,396.1608628624
2025-05-05,Cattle,15,Online Young Cattle Indicator,c/kg lwt,14090.0,396.6200326473
2025-05-06,Cattle,15,Online Young Cattle Indicator,c/kg lwt,14323.0,395.3856719961
2025-05-07,Cattle,15,Online Young Cattle Indicator,c/kg lwt,14572.0,395.391651798
2025-05-08,Cattle,15,Online Young Cattle Indicator,c/kg lwt,14572.0,395.391651798
2025-05-09,Cattle,15,Online Young Cattle Indicator,c/kg lwt,10918.0,374.3100769372
2025-05-10,Cattle,15,Online Young Cattle Indicator,c/kg lwt,11023.0,372.8536432913
2025-05-11,Cattle,15,Online Young Cattle Indicator,c/kg lwt,11082.0,371.2916269626
2025-05-12,Cattle,15,Online Young Cattle Indicator,c/kg lwt,10471.0,368.1367739471
2025-05-13,Cattle,15,Online Young Cattle Indicator,c/kg lwt,10860.0,366.4245497238
2025-05-14,Cattle,15,Online Young Cattle Indicator,c/kg lwt,10719.0,365.6622931244
2025-05-15,Cattle,15,Online Young Cattle Indicator,c/kg lwt,10829.0,365.0359405301
2025-05-16,Cattle,15,Online Young Cattle Indicator,c/kg lwt,12885.0,363.0269972837
2025-05-17,Cattle,15,Online Young Cattle Indicator,c/kg lwt,12475.0,364.5106885772
2025-05-18,Cattle,15,Online Young Cattle Indicator,c/kg lwt,12403.0,364.0742183343
2025-05-19,Cattle,15,Online Young Cattle Indicator,c/kg lwt,12128.0,363.7678900066
2025-05-20,Cattle,15,Online Young Cattle Indicator,c/kg lwt,11750.0,366.6241080851
2025-05-21,Cattle,15,Online Young Cattle Indicator,c/kg lwt,11849.0,366.6898472445
2025-05-22,Cattle,15,Online Young Cattle Indicator,c/kg lwt,11745.0,367.2314057046
2025-05-23,Cattle,15,Online Young Cattle Indicator,c/kg lwt,9105.0,380.0127402526
2025-05-24,Cattle,15,Online Young Cattle Indicator,c/kg lwt,9142.0,379.9804189455
2025-05-25,Cattle,15,Online Young Cattle Indicator,c/kg lwt,9196.0,379.721714876
2025-05-26,Cattle,15,Online Young Cattle Indicator,c/kg lwt,9422.0,380.405340692
2025-05-27,Cattle,15,Online Young Cattle Indicator,c/kg lwt,9127.0,380.2005993207
2025-05-28,Cattle,15,Online Young Cattle Indicator,c/kg lwt,8918.0,380.7178313523
2025-05-29,Cattle,15,Online Young Cattle Indicator,c/kg lwt,8912.0,380.7873294434
2025-05-30,Cattle,15,Online Young Cattle Indicator,c/kg lwt,7721.0,413.9107706256
2025-05-31,Cattle,15,Online Young Cattle Indicator,c/kg lwt,7669.0,414.3044295215
2025-06-01,Cattle,15,Online Young Cattle Indicator,c/kg lwt,7530.0,417.3857078353
2025-06-02,Cattle,15,Online Young Cattle Indicator,c/kg lwt,7160.0,418.5507835196
2025-06-03,Cattle,15,Online Young Cattle Indicator,c/kg lwt,7177.0,418.3727044726
2025-06-04,Cattle,15,Online Young Cattle Indicator,c/kg lwt,7212.0,418.2532182474
2025-06-05,Cattle,15,Online Young Cattle Indicator,c/kg lwt,7249.0,417.6619064699
2025-06-06,Cattle,15,Online Young Cattle Indicator,c/kg lwt,7493.0,390.7568850928
2025-06-07,Cattle,15,Online Young Cattle Indicator,c/kg lwt,7495.0,390.7080293529
2025-06-08,Cattle,15,Online Young Cattle Indicator,c/kg lwt,7485.0,390.8073052772
2025-06-09,Cattle,15,Online Young Cattle Indicator,c/kg lwt,7444.0,391.7070042988
2025-06-10,Cattle,15,Online Young Cattle Indicator,c/kg lwt,7525.0,390.6064332226
2025-06-11,Cattle,15,Online Young Cattle Indicator,c/kg lwt,7482.0,390.5450334135
2025-06-12,Cattle,15,Online Young Cattle Indicator,c/kg lwt,7445.0,390.9830745467
2025-06-13,Cattle,15,Online Young Cattle Indicator,c/kg lwt,8336.0,408.8839803263
2025-06-14,Cattle,15,Online Young Cattle Indicator,c/kg lwt,8502.0,409.6324641261
2025-06-15,Cattle,15,Online Young Cattle Indicator,c/kg lwt,8526.0,409.368727422
2025-06-16,Cattle,15,Online Young Cattle Indicator,c/kg lwt,8520.0,409.3176514085
2025-06-17,Cattle,15,Online Young Cattle Indicator,c/kg lwt,8429.0,410.4886546447
2025-06-18,Cattle,15,Online Young Cattle Indicator,c/kg lwt,8449.0,410.3641673571
2025-06-19,Cattle,15,Online Young Cattle Indicator,c/kg lwt,8449.0,410.3641673571
2025-06-20,Cattle,15,Online Young Cattle Indicator,c/kg lwt,7698.0,415.9748804884
2025-06-21,Cattle,15,Online Young Cattle Indicator,c/kg lwt,7530.0,415.3414262948
2025-06-22,Cattle,15,Online Young Cattle Indicator,c/kg lwt,7513.0,415.5320497804
2025-06-23,Cattle,15,Online Young Cattle Indicator,c/kg lwt,7677.0,414.0407216361
2025-06-24,Cattle,15,Online Young Cattle Indicator,c/kg lwt,7680.0,414.0019375
2025-06-25,Cattle,15,Online Young Cattle Indicator,c/kg lwt,7736.0,413.8869971562
2025-06-26,Cattle,15,Online Young Cattle Indicator,c/kg lwt,7739.0,413.8344837834
2025-06-27,Cattle,15,Online Young Cattle Indicator,c/kg lwt,5991.0,407.1775596728
2025-06-28,Cattle,15,Online Young Cattle Indicator,c/kg lwt,6074.0,407.6652848205
2025-06-29,Cattle,15,Online Young Cattle Indicator,c/kg lwt,6067.0,407.8135866161
2025-06-30,Cattle,15,Online Young Cattle Indicator,c/kg lwt,5910.0,409.8491810491
2025-07-01,Cattle,15,Online Young Cattle Indicator,c/kg lwt,6016.0,409.3357480053
2025-07-02,Cattle,15,Online Young Cattle Indicator,c/kg lwt,6023.0,408.8676871991
2025-07-03,Cattle,15,Online Young Cattle Indicator,c/kg lwt,6020.0,408.9326943522
2025-07-04,Cattle,15,Online Young Cattle Indicator,c/kg lwt,7622.0,404.5310718971
2025-07-05,Cattle,15,Online Young Cattle Indicator,c/kg lwt,7669.0,402.6846655366
2025-07-06,Cattle,15,Online Young Cattle Indicator,c/kg lwt,7669.0,402.6846655366
2025-07-07,Cattle,15,Online Young Cattle Indicator,c/kg lwt,7669.0,402.1706089451
2025-07-08,Cattle,15,Online Young Cattle Indicator,c/kg lwt,7639.0,401.6934768949
2025-07-09,Cattle,15,Online Young Cattle Indicator,c/kg lwt,7566.0,402.086642876
2025-07-10,Cattle,15,Online Young Cattle Indicator,c/kg lwt,7566.0,402.086642876
2025-07-11,Cattle,15,Online Young Cattle Indicator,c/kg lwt,6693.0,408.7829299268
2025-07-12,Cattle,15,Online Young Cattle Indicator,c/kg lwt,6796.0,406.9425912301
2025-07-13,Cattle,15,Online Young Cattle Indicator,c/kg lwt,6996.0,404.2545954831
2025-07-14,Cattle,15,Online Young Cattle Indicator,c/kg lwt,6971.0,404.4919638502
2025-07-15,Cattle,15,Online Young Cattle Indicator,c/kg lwt,6917.0,405.7831704496
2025-07-16,Cattle,15,Online Young Cattle Indicator,c/kg lwt,6925.0,405.8994642599
2025-07-17,Cattle,15,Online Young Cattle Indicator,c/kg lwt,7999.0,411.0521577697
2025-07-18,Cattle,15,Online Young Cattle Indicator,c/kg lwt,7196.0,420.0947123402
2025-07-19,Cattle,15,Online Young Cattle Indicator,c/kg lwt,6993.0,423.5608008008
2025-07-20,Cattle,15,Online Young Cattle Indicator,c/kg lwt,6951.0,425.2070565386
2025-07-21,Cattle,15,Online Young Cattle Indicator,c/kg lwt,6942.0,425.4702909824
2025-07-22,Cattle,15,Online Young Cattle Indicator,c/kg lwt,6910.0,425.3299971056
2025-07-23,Cattle,15,Online Young Cattle Indicator,c/kg lwt,6912.0,425.3255034722
2025-07-24,Cattle,15,Online Young Cattle Indicator,c/kg lwt,5838.0,421.8392360397
2025-07-25,Cattle,15,Online Young Cattle Indicator,c/kg lwt,7019.0,442.8229790568
2025-07-26,Cattle,15,Online Young Cattle Indicator,c/kg lwt,6989.0,443.2689383317
2025-07-27,Cattle,15,Online Young Cattle Indicator,c/kg lwt,6883.0,443.8693098939
2025-07-28,Cattle,15,Online Young Cattle Indicator,c/kg lwt,6868.0,443.7796068725
2025-07-29,Cattle,15,Online Young Cattle Indicator,c/kg lwt,6868.0,443.7796068725
2025-07-30,Cattle,15,Online Young Cattle Indicator,c/kg lwt,6886.0,443.8068080163
2025-07-31,Cattle,15,Online Young Cattle Indicator,c/kg lwt,6886.0,443.8068080163
2025-08-01,Cattle,15,Online Young Cattle Indicator,c/kg lwt,6688.0,468.1021396531
2025-08-02,Cattle,15,Online Young Cattle Indicator,c/kg lwt,6747.0,467.689101823
2025-08-03,Cattle,15,Online Young Cattle Indicator,c/kg lwt,6704.0,469.1067437351
2025-08-04,Cattle,15,Online Young Cattle Indicator,c/kg lwt,6697.0,469.3461535016
2025-08-05,Cattle,15,Online Young Cattle Indicator,c/kg lwt,6713.0,469.5399597795
2025-08-06,Cattle,15,Online Young Cattle Indicator,c/kg lwt,6675.0,469.7865183521
2025-08-07,Cattle,15,Online Young Cattle Indicator,c/kg lwt,6705.0,469.8665637584
2025-08-08,Cattle,15,Online Young Cattle Indicator,c/kg lwt,7872.0,478.2122954776
2025-08-09,Cattle,15,Online Young Cattle Indicator,c/kg lwt,7828.0,478.3222636689
2025-08-10,Cattle,15,Online Young Cattle Indicator,c/kg lwt,7819.0,478.517805346
2025-08-11,Cattle,15,Online Young Cattle Indicator,c/kg lwt,7831.0,478.428394841
2025-08-12,Cattle,15,Online Young Cattle Indicator,c/kg lwt,7830.0,478.1809897829
2025-08-13,Cattle,15,Online Young Cattle Indicator,c/kg lwt,7907.0,476.4965625395
2025-08-14,Cattle,15,Online Young Cattle Indicator,c/kg lwt,7945.0,476.9413744493
2025-08-15,Cattle,15,Online Young Cattle Indicator,c/kg lwt,8236.0,484.7687445362
2025-08-16,Cattle,15,Online Young Cattle Indicator,c/kg lwt,8636.0,481.1479597036
2025-08-17,Cattle,15,Online Young Cattle Indicator,c/kg lwt,8670.0,480.9856539792
2025-08-18,Cattle,15,Online Young Cattle Indicator,c/kg lwt,8939.0,483.4123637991
2025-08-19,Cattle,15,Online Young Cattle Indicator,c/kg lwt,8944.0,483.3546478086
2025-08-20,Cattle,15,Online Young Cattle Indicator,c/kg lwt,9053.0,484.0953242019
2025-08-21,Cattle,15,Online Young Cattle Indicator,c/kg lwt,9035.0,483.7360464859
2025-08-22,Cattle,15,Online Young Cattle Indicator,c/kg lwt,9809.0,483.5794606994
2025-08-23,Cattle,15,Online Young Cattle Indicator,c/kg lwt,9499.0,486.8340730603
2025-08-24,Cattle,15,Online Young Cattle Indicator,c/kg lwt,9594.0,486.8463758599
2025-08-25,Cattle,15,Online Young Cattle Indicator,c/kg lwt,9585.0,482.9331131977
2025-08-26,Cattle,15,Online Young Cattle Indicator,c/kg lwt,9719.0,481.6988692252
2025-08-27,Cattle,15,Online Young Cattle Indicator,c/kg lwt,9533.0,482.4020916815
2025-08-28,Cattle,15,Online Young Cattle Indicator,c/kg lwt,9483.0,482.3819181694
2025-08-29,Cattle,15,Online Young Cattle Indicator,c/kg lwt,8122.0,491.0862804728
2025-08-30,Cattle,15,Online Young Cattle Indicator,c/kg lwt,8051.0,491.3708942988
2025-08-31,Cattle,15,Online Young Cattle Indicator,c/kg lwt,7972.0,491.9809295033
2025-09-01,Cattle,15,Online Young Cattle Indicator,c/kg lwt,7758.0,494.6612142305
2025-09-02,Cattle,15,Online Young Cattle Indicator,c/kg lwt,7640.0,496.0076557592
2025-09-03,Cattle,15,Online Young Cattle Indicator,c/kg lwt,7649.0,495.7949483593
2025-09-04,Cattle,15,Online Young Cattle Indicator,c/kg lwt,7649.0,495.7949483593
2025-09-05,Cattle,15,Online Young Cattle Indicator,c/kg lwt,9033.0,487.1343020038
2025-09-06,Cattle,15,Online Young Cattle Indicator,c/kg lwt,9392.0,484.75941546
2025-09-07,Cattle,15,Online Young Cattle Indicator,c/kg lwt,9575.0,484.2939550914
2025-09-08,Cattle,15,Online Young Cattle Indicator,c/kg lwt,9657.0,483.9821321321
2025-09-09,Cattle,15,Online Young Cattle Indicator,c/kg lwt,9959.0,483.2627934532
2025-09-10,Cattle,15,Online Young Cattle Indicator,c/kg lwt,9950.0,483.4147829146
2025-09-11,Cattle,15,Online Young Cattle Indicator,c/kg lwt,9983.0,483.4755574477
2025-09-12,Cattle,15,Online Young Cattle Indicator,c/kg lwt,9661.0,485.3549725701
2025-09-13,Cattle,15,Online Young Cattle Indicator,c/kg lwt,9290.0,487.7713423036
2025-09-14,Cattle,15,Online Young Cattle Indicator,c/kg lwt,9057.0,487.9957568731
2025-09-15,Cattle,15,Online Young Cattle Indicator,c/kg lwt,8952.0,487.9047989276
2025-09-16,Cattle,15,Online Young Cattle Indicator,c/kg lwt,8670.0,489.2285651672
2025-09-17,Cattle,15,Online Young Cattle Indicator,c/kg lwt,8670.0,489.2285651672
2025-09-18,Cattle,15,Online Young Cattle Indicator,c/kg lwt,8679.0,488.5384560433
2025-09-19,Cattle,15,Online Young Cattle Indicator,c/kg lwt,9191.0,501.0406071157
2025-09-20,Cattle,15,Online Young Cattle Indicator,c/kg lwt,9179.0,500.9720209173
2025-09-21,Cattle,15,Online Young Cattle Indicator,c/kg lwt,9207.0,500.5644639948
2025-09-22,Cattle,15,Online Young Cattle Indicator,c/kg lwt,9376.0,499.6631825939
2025-09-23,Cattle,15,Online Young Cattle Indicator,c/kg lwt,9998.0,499.5122894579
2025-09-24,Cattle,15,Online Young Cattle Indicator,c/kg lwt,10191.0,499.389631047
2025-09-25,Cattle,15,Online Young Cattle Indicator,c/kg lwt,10149.0,499.9809567445
2025-09-26,Cattle,15,Online Young Cattle Indicator,c/kg lwt,6779.0,493.4824030093
2025-09-27,Cattle,15,Online Young Cattle Indicator,c/kg lwt,6824.0,493.2942716882
2025-09-28,Cattle,15,Online Young Cattle Indicator,c/kg lwt,6819.0,493.7944962604
2025-09-29,Cattle,15,Online Young Cattle Indicator,c/kg lwt,6768.0,494.9815972222
2025-09-30,Cattle,15,Online Young Cattle Indicator,c/kg lwt,6172.0,495.1605654569
2025-10-01,Cattle,15,Online Young Cattle Indicator,c/kg lwt,5979.0,495.2291603947
2025-10-02,Cattle,15,Online Young Cattle Indicator,c/kg lwt,6059.0,495.8834329097
2025-10-03,Cattle,15,Online Young Cattle Indicator,c/kg lwt,7220.0,470.2440304709
2025-10-04,Cattle,15,Online Young Cattle Indicator,c/kg lwt,7252.0,470.1545615003
2025-10-05,Cattle,15,Online Young Cattle Indicator,c/kg lwt,7391.0,468.4866459207
2025-10-06,Cattle,15,Online Young Cattle Indicator,c/kg lwt,7534.0,469.1211998938
2025-10-07,Cattle,15,Online Young Cattle Indicator,c/kg lwt,7709.0,467.738955766
2025-10-08,Cattle,15,Online Young Cattle Indicator,c/kg lwt,7932.0,468.1815166415
2025-10-09,Cattle,15,Online Young Cattle Indicator,c/kg lwt,7852.0,467.4010723383
2025-10-10,Cattle,15,Online Young Cattle Indicator,c/kg lwt,5686.0,455.0391962715
2025-10-11,Cattle,15,Online Young Cattle Indicator,c/kg lwt,5783.0,453.441801833
2025-10-12,Cattle,15,Online Young Cattle Indicator,c/kg lwt,5642.0,454.981077632
2025-10-13,Cattle,15,Online Young Cattle Indicator,c/kg lwt,5425.0,453.7511041475
2025-10-14,Cattle,15,Online Young Cattle Indicator,c/kg lwt,5201.0,454.6821034416
2025-10-15,Cattle,15,Online Young Cattle Indicator,c/kg lwt,4978.0,453.3920128566
2025-10-16,Cattle,15,Online Young Cattle Indicator,c/kg lwt,4978.0,453.3920128566
2025-10-17,Cattle,15,Online Young Cattle Indicator,c/kg lwt,4717.0,438.8766143735
2025-10-18,Cattle,15,Online Young Cattle Indicator,c/kg lwt,4592.0,439.9468118467
2025-10-19,Cattle,15,Online Young Cattle Indicator,c/kg lwt,4587.0,439.8457423152
2025-10-20,Cattle,15,Online Young Cattle Indicator,c/kg lwt,5358.0,438.6384079881
2025-10-21,Cattle,15,Online Young Cattle Indicator,c/kg lwt,5939.0,443.1060094292
2025-10-22,Cattle,15,Online Young Cattle Indicator,c/kg lwt,6058.0,441.0313073622
2025-10-23,Cattle,15,Online Young Cattle Indicator,c/kg lwt,6191.0,441.6700145372
2025-10-24,Cattle,15,Online Young Cattle Indicator,c/kg lwt,7825.0,449.3481878594
2025-10-25,Cattle,15,Online Young Cattle Indicator,c/kg lwt,7869.0,449.5521807091
2025-10-26,Cattle,15,Online Young Cattle Indicator,c/kg lwt,7853.0,449.6621456768
2025-10-27,Cattle,15,Online Young Cattle Indicator,c/kg lwt,7326.0,450.4348580399
2025-10-28,Cattle,15,Online Young Cattle Indicator,c/kg lwt,6827.0,446.9238626044
2025-10-29,Cattle,15,Online Young Cattle Indicator,c/kg lwt,6708.0,448.8652564103
2025-10-30,Cattle,15,Online Young Cattle Indicator,c/kg lwt,6575.0,448.4223178707
2025-10-31,Cattle,15,Online Young Cattle Indicator,c/kg lwt,6059.0,475.3303944545
2025-11-01,Cattle,15,Online Young Cattle Indicator,c/kg lwt,5956.0,475.8793821357
2025-11-02,Cattle,15,Online Young Cattle Indicator,c/kg lwt,5956.0,475.8793821357
2025-11-03,Cattle,15,Online Young Cattle Indicator,c/kg lwt,5751.0,478.5113580247
2025-11-04,Cattle,15,Online Young Cattle Indicator,c/kg lwt,5639.0,479.6274463557
2025-11-05,Cattle,15,Online Young Cattle Indicator,c/kg lwt,5689.0,478.6521655827
2025-11-06,Cattle,15,Online Young Cattle Indicator,c/kg lwt,5720.0,478.0936118881
2025-11-07,Cattle,15,Online Young Cattle Indicator,c/kg lwt,5729.0,486.1102007331
2025-11-08,Cattle,15,Online Young Cattle Indicator,c/kg lwt,5729.0,486.1102007331
2025-11-09,Cattle,15,Online Young Cattle Indicator,c/kg lwt,5729.0,486.1102007331
2025-11-10,Cattle,15,Online Young Cattle Indicator,c/kg lwt,5611.0,485.8760256639
2025-11-11,Cattle,15,Online Young Cattle Indicator,c/kg lwt,5608.0,485.9251373039
2025-11-12,Cattle,15,Online Young Cattle Indicator,c/kg lwt,5558.0,486.9800593739
2025-11-13,Cattle,15,Online Young Cattle Indicator,c/kg lwt,5527.0,487.6048272119
2025-11-14,Cattle,15,Online Young Cattle Indicator,c/kg lwt,6146.0,494.1439440286
2025-11-15,Cattle,15,Online Young Cattle Indicator,c/kg lwt,6146.0,494.1439440286
2025-11-16,Cattle,15,Online Young Cattle Indicator,c/kg lwt,6170.0,494.0748071313
2025-11-17,Cattle,15,Online Young Cattle Indicator,c/kg lwt,6170.0,494.0748071313
2025-11-18,Cattle,15,Online Young Cattle Indicator,c/kg lwt,6170.0,494.0748071313
2025-11-19,Cattle,15,Online Young Cattle Indicator,c/kg lwt,6170.0,494.0748071313
2025-11-20,Cattle,15,Online Young Cattle Indicator,c/kg lwt,6170.0,494.0748071313
2025-11-21,Cattle,15,Online Young Cattle Indicator,c/kg lwt,10135.0,510.3392767637
2025-11-22,Cattle,15,Online Young Cattle Indicator,c/kg lwt,10145.0,510.2239497289
2025-11-23,Cattle,15,Online Young Cattle Indicator,c/kg lwt,10145.0,510.166818137
2025-11-24,Cattle,15,Online Young Cattle Indicator,c/kg lwt,10643.0,506.8094202762
2025-11-25,Cattle,15,Online Young Cattle Indicator,c/kg lwt,10696.0,506.329250187
2025-11-26,Cattle,15,Online Young Cattle Indicator,c/kg lwt,10696.0,506.329250187
2025-11-27,Cattle,15,Online Young Cattle Indicator,c/kg lwt,10696.0,506.329250187
2025-11-28,Cattle,15,Online Young Cattle Indicator,c/kg lwt,9140.0,484.292928884
2025-11-29,Cattle,15,Online Young Cattle Indicator,c/kg lwt,9211.0,484.2877429161
2025-11-30,Cattle,15,Online Young Cattle Indicator,c/kg lwt,9187.0,484.371516273
2025-12-01,Cattle,15,Online Young Cattle Indicator,c/kg lwt,9884.0,485.8929006475
2025-12-02,Cattle,15,Online Young Cattle Indicator,c/kg lwt,9951.0,484.9263782534
2025-12-03,Cattle,15,Online Young Cattle Indicator,c/kg lwt,9990.0,484.8218038038
2025-12-04,Cattle,15,Online Young Cattle Indicator,c/kg lwt,9990.0,484.8218038038
2025-12-05,Cattle,15,Online Young Cattle Indicator,c/kg lwt,9379.0,485.2274314959
2025-12-06,Cattle,15,Online Young Cattle Indicator,c/kg lwt,9875.0,481.2234956962
2025-12-07,Cattle,15,Online Young Cattle Indicator,c/kg lwt,9975.0,480.7791298246
2025-12-08,Cattle,15,Online Young Cattle Indicator,c/kg lwt,8880.0,480.6851047297
2025-12-09,Cattle,15,Online Young Cattle Indicator,c/kg lwt,8832.0,482.0217402627
2025-12-10,Cattle,15,Online Young Cattle Indicator,c/kg lwt,8885.0,481.3871896455
2025-12-11,Cattle,15,Online Young Cattle Indicator,c/kg lwt,8970.0,479.9423723523
2025-12-12,Cattle,15,Online Young Cattle Indicator,c/kg lwt,9199.0,474.4003109034
2025-12-13,Cattle,15,Online Young Cattle Indicator,c/kg lwt,8666.0,478.2321313178
2025-12-14,Cattle,15,Online Young Cattle Indicator,c/kg lwt,8805.0,480.1253753549
2025-12-15,Cattle,15,Online Young Cattle Indicator,c/kg lwt,8868.0,480.484526387
2025-12-16,Cattle,15,Online Young Cattle Indicator,c/kg lwt,8895.0,480.1213164699
2025-12-17,Cattle,15,Online Young Cattle Indicator,c/kg lwt,8922.0,480.3038948666
2025-12-18,Cattle,15,Online Young Cattle Indicator,c/kg lwt,8846.0,481.7488966765
2025-12-19,Cattle,15,Online Young Cattle Indicator,c/kg lwt,1733.0,491.7239353722
2025-12-20,Cattle,15,Online Young Cattle Indicator,c/kg lwt,1689.0,492.8371936057
2025-12-21,Cattle,15,Online Young Cattle Indicator,c/kg lwt,1455.0,486.5009553265
2025-12-22,Cattle,15,Online Young Cattle Indicator,c/kg lwt,1292.0,488.1884907121
2025-12-23,Cattle,15,Online Young Cattle Indicator,c/kg lwt,1193.0,492.5422967309
2025-12-24,Cattle,15,Online Young Cattle Indicator,c/kg lwt,1074.0,498.3557914339
2025-12-25,Cattle,15,Online Young Cattle Indicator,c/kg lwt,1065.0,498.58857277
2025-12-26,Cattle,15,Online Young Cattle Indicator,c/kg lwt,5.0,458.19
2025-12-27,Cattle,15,Online Young Cattle Indicator,c/kg lwt,5.0,458.19
2025-04-01,Sheep,16,Online Lamb Indicator,$/head,17337.0,124.0017304032
2025-04-02,Sheep,16,Online Lamb Indicator,$/head,15032.0,125.3185204896
2025-04-03,Sheep,16,Online Lamb Indicator,$/head,15032.0,125.3185204896
2025-04-04,Sheep,16,Online Lamb Indicator,$/head,14592.0,124.001370614
2025-04-05,Sheep,16,Online Lamb Indicator,$/head,14592.0,124.001370614
2025-04-06,Sheep,16,Online Lamb Indicator,$/head,14592.0,124.001370614
2025-04-07,Sheep,16,Online Lamb Indicator,$/head,14592.0,124.001370614
2025-04-08,Sheep,16,Online Lamb Indicator,$/head,17986.0,127.2210608251
2025-04-09,Sheep,16,Online Lamb Indicator,$/head,18762.0,126.2444302313
2025-04-10,Sheep,16,Online Lamb Indicator,$/head,19202.0,126.5825434851
2025-04-11,Sheep,16,Online Lamb Indicator,$/head,19202.0,126.5825434851
2025-04-12,Sheep,16,Online Lamb Indicator,$/head,19202.0,126.5825434851
2025-04-13,Sheep,16,Online Lamb Indicator,$/head,19202.0,126.5825434851
2025-04-14,Sheep,16,Online Lamb Indicator,$/head,19202.0,126.5825434851
2025-04-15,Sheep,16,Online Lamb Indicator,$/head,14846.0,135.1110736899
2025-04-16,Sheep,16,Online Lamb Indicator,$/head,16995.0,132.9737569873
2025-04-17,Sheep,16,Online Lamb Indicator,$/head,16638.0,132.7616300036
2025-04-18,Sheep,16,Online Lamb Indicator,$/head,16638.0,132.7616300036
2025-04-19,Sheep,16,Online Lamb Indicator,$/head,16638.0,132.7616300036
2025-04-20,Sheep,16,Online Lamb Indicator,$/head,16638.0,132.7616300036
2025-04-21,Sheep,16,Online Lamb Indicator,$/head,16638.0,132.7616300036
2025-04-22,Sheep,16,Online Lamb Indicator,$/head,22897.0,134.3817967419
2025-04-23,Sheep,16,Online Lamb Indicator,$/head,20150.0,137.164764268
2025-04-24,Sheep,16,Online Lamb Indicator,$/head,20637.0,134.7739981586
2025-04-25,Sheep,16,Online Lamb Indicator,$/head,20637.0,134.7739981586
2025-04-26,Sheep,16,Online Lamb Indicator,$/head,20637.0,134.7739981586
2025-04-27,Sheep,16,Online Lamb Indicator,$/head,20637.0,134.7739981586
2025-04-28,Sheep,16,Online Lamb Indicator,$/head,21211.0,134.8612983829
2025-04-29,Sheep,16,Online Lamb Indicator,$/head,20170.0,135.5536936044
2025-04-30,Sheep,16,Online Lamb Indicator,$/head,20377.0,134.4922216224
2025-05-01,Sheep,16,Online Lamb Indicator,$/head,19807.0,136.9237138385
2025-05-02,Sheep,16,Online Lamb Indicator,$/head,19807.0,136.9237138385
2025-05-03,Sheep,16,Online Lamb Indicator,$/head,19807.0,136.9237138385
2025-05-04,Sheep,16,Online Lamb Indicator,$/head,19807.0,136.9237138385
2025-05-05,Sheep,16,Online Lamb Indicator,$/head,19233.0,136.8915925753
2025-05-06,Sheep,16,Online Lamb Indicator,$/head,28664.0,140.9593566843
2025-05-07,Sheep,16,Online Lamb Indicator,$/head,28924.0,141.5434932928
2025-05-08,Sheep,16,Online Lamb Indicator,$/head,29138.0,141.3338595648
2025-05-09,Sheep,16,Online Lamb Indicator,$/head,29258.0,141.3550481919
2025-05-10,Sheep,16,Online Lamb Indicator,$/head,29258.0,141.3550481919
2025-05-11,Sheep,16,Online Lamb Indicator,$/head,29258.0,141.3550481919
2025-05-12,Sheep,16,Online Lamb Indicator,$/head,29258.0,141.3550481919
2025-05-13,Sheep,16,Online Lamb Indicator,$/head,25643.0,145.4867215224
2025-05-14,Sheep,16,Online Lamb Indicator,$/head,25669.0,145.8602204994
2025-05-15,Sheep,16,Online Lamb Indicator,$/head,25622.0,146.1095152603
2025-05-16,Sheep,16,Online Lamb Indicator,$/head,25502.0,146.1076778292
2025-05-17,Sheep,16,Online Lamb Indicator,$/head,25502.0,146.1076778292
2025-05-18,Sheep,16,Online Lamb Indicator,$/head,25502.0,146.1076778292
2025-05-19,Sheep,16,Online Lamb Indicator,$/head,25502.0,146.1076778292
2025-05-20,Sheep,16,Online Lamb Indicator,$/head,33094.0,149.1103523297
2025-05-21,Sheep,16,Online Lamb Indicator,$/head,32423.0,149.2752983993
2025-05-22,Sheep,16,Online Lamb Indicator,$/head,32256.0,149.3129650298
2025-05-23,Sheep,16,Online Lamb Indicator,$/head,32726.0,149.6452056469
2025-05-24,Sheep,16,Online Lamb Indicator,$/head,32726.0,149.6452056469
2025-05-25,Sheep,16,Online Lamb Indicator,$/head,32726.0,149.6452056469
2025-05-26,Sheep,16,Online Lamb Indicator,$/head,32726.0,149.6452056469
2025-05-27,Sheep,16,Online Lamb Indicator,$/head,21171.0,146.8213121723
2025-05-28,Sheep,16,Online Lamb Indicator,$/head,21171.0,146.8213121723
2025-05-29,Sheep,16,Online Lamb Indicator,$/head,21171.0,146.8213121723
2025-05-30,Sheep,16,Online Lamb Indicator,$/head,20701.0,146.2395053379
2025-05-31,Sheep,16,Online Lamb Indicator,$/head,20701.0,146.2395053379
2025-06-01,Sheep,16,Online Lamb Indicator,$/head,20701.0,146.2395053379
2025-06-02,Sheep,16,Online Lamb Indicator,$/head,20701.0,146.2395053379
2025-06-03,Sheep,16,Online Lamb Indicator,$/head,21515.0,148.3389728097
2025-06-04,Sheep,16,Online Lamb Indicator,$/head,24562.0,152.267893494
2025-06-05,Sheep,16,Online Lamb Indicator,$/head,24947.0,151.7909568285
2025-06-06,Sheep,16,Online Lamb Indicator,$/head,25097.0,151.5949715105
2025-06-07,Sheep,16,Online Lamb Indicator,$/head,25097.0,151.5949715105
2025-06-08,Sheep,16,Online Lamb Indicator,$/head,25097.0,151.5949715105
2025-06-09,Sheep,16,Online Lamb Indicator,$/head,25097.0,151.5949715105
2025-06-10,Sheep,16,Online Lamb Indicator,$/head,34893.0,151.8797466541
2025-06-11,Sheep,16,Online Lamb Indicator,$/head,32838.0,147.461508009
2025-06-12,Sheep,16,Online Lamb Indicator,$/head,36715.0,149.4071905216
2025-06-13,Sheep,16,Online Lamb Indicator,$/head,36707.0,149.5594300815
2025-06-14,Sheep,16,Online Lamb Indicator,$/head,36707.0,149.5594300815
2025-06-15,Sheep,16,Online Lamb Indicator,$/head,36982.0,149.5850143313
2025-06-16,Sheep,16,Online Lamb Indicator,$/head,37302.0,148.9794917163
2025-06-17,Sheep,16,Online Lamb Indicator,$/head,20156.0,156.1623337964
2025-06-18,Sheep,16,Online Lamb Indicator,$/head,20320.0,159.255019685
2025-06-19,Sheep,16,Online Lamb Indicator,$/head,18347.0,156.2099525808
2025-06-20,Sheep,16,Online Lamb Indicator,$/head,18205.0,156.2065915957
2025-06-21,Sheep,16,Online Lamb Indicator,$/head,18205.0,156.2065915957
2025-06-22,Sheep,16,Online Lamb Indicator,$/head,17930.0,156.2557724484
2025-06-23,Sheep,16,Online Lamb Indicator,$/head,17610.0,157.6596252129
2025-06-24,Sheep,16,Online Lamb Indicator,$/head,17369.0,152.2602913236
2025-06-25,Sheep,16,Online Lamb Indicator,$/head,16633.0,150.1354536163
2025-06-26,Sheep,16,Online Lamb Indicator,$/head,14344.0,151.799498048
2025-06-27,Sheep,16,Online Lamb Indicator,$/head,14344.0,151.799498048
2025-06-28,Sheep,16,Online Lamb Indicator,$/head,14344.0,151.799498048
2025-06-29,Sheep,16,Online Lamb Indicator,$/head,14344.0,151.799498048
2025-06-30,Sheep,16,Online Lamb Indicator,$/head,14344.0,151.799498048
2025-07-01,Sheep,16,Online Lamb Indicator,$/head,17369.0,149.7437964189
2025-07-02,Sheep,16,Online Lamb Indicator,$/head,17337.0,150.6154467324
2025-07-03,Sheep,16,Online Lamb Indicator,$/head,18959.0,149.5842344005
2025-07-04,Sheep,16,Online Lamb Indicator,$/head,18959.0,149.5842344005
2025-07-05,Sheep,16,Online Lamb Indicator,$/head,18959.0,149.5842344005
2025-07-06,Sheep,16,Online Lamb Indicator,$/head,18959.0,149.5842344005
2025-07-07,Sheep,16,Online Lamb Indicator,$/head,20359.0,150.7798762218
2025-07-08,Sheep,16,Online Lamb Indicator,$/head,12947.0,151.0886305708
2025-07-09,Sheep,16,Online Lamb Indicator,$/head,12559.0,152.3596225814
2025-07-10,Sheep,16,Online Lamb Indicator,$/head,11300.0,153.4998230088
2025-07-11,Sheep,16,Online Lamb Indicator,$/head,11300.0,153.4998230088
2025-07-12,Sheep,16,Online Lamb Indicator,$/head,11300.0,153.4998230088
2025-07-13,Sheep,16,Online Lamb Indicator,$/head,11300.0,153.4998230088
2025-07-14,Sheep,16,Online Lamb Indicator,$/head,9900.0,151.5947474747
2025-07-15,Sheep,16,Online Lamb Indicator,$/head,12583.0,163.6138440753
2025-07-16,Sheep,16,Online Lamb Indicator,$/head,12723.0,163.1339306767
2025-07-17,Sheep,16,Online Lamb Indicator,$/head,12360.0,164.2186084142
2025-07-18,Sheep,16,Online Lamb Indicator,$/head,12360.0,164.2186084142
2025-07-19,Sheep,16,Online Lamb Indicator,$/head,12360.0,164.2186084142
2025-07-20,Sheep,16,Online Lamb Indicator,$/head,12360.0,164.2186084142
2025-07-21,Sheep,16,Online Lamb Indicator,$/head,12360.0,164.2186084142
2025-07-22,Sheep,16,Online Lamb Indicator,$/head,18998.0,179.1357511317
2025-07-23,Sheep,16,Online Lamb Indicator,$/head,18943.0,179.101039962
2025-07-24,Sheep,16,Online Lamb Indicator,$/head,19789.0,178.126282278
2025-07-25,Sheep,16,Online Lamb Indicator,$/head,20121.0,180.2197206898
2025-07-26,Sheep,16,Online Lamb Indicator,$/head,20121.0,180.2197206898
2025-07-27,Sheep,16,Online Lamb Indicator,$/head,20121.0,180.2197206898
2025-07-28,Sheep,16,Online Lamb Indicator,$/head,20121.0,180.2197206898
2025-07-29,Sheep,16,Online Lamb Indicator,$/head,22274.0,196.4010056568
2025-07-30,Sheep,16,Online Lamb Indicator,$/head,22189.0,196.8698904863
2025-07-31,Sheep,16,Online Lamb Indicator,$/head,21343.0,198.4780021553
2025-08-01,Sheep,16,Online Lamb Indicator,$/head,21351.0,194.7757013723
2025-08-02,Sheep,16,Online Lamb Indicator,$/head,21351.0,194.7757013723
2025-08-03,Sheep,16,Online Lamb Indicator,$/head,21351.0,194.7757013723
2025-08-04,Sheep,16,Online Lamb Indicator,$/head,21351.0,194.7757013723
2025-08-05,Sheep,16,Online Lamb Indicator,$/head,16522.0,171.0669410483
2025-08-06,Sheep,16,Online Lamb Indicator,$/head,17071.0,171.4363540507
2025-08-07,Sheep,16,Online Lamb Indicator,$/head,17231.0,170.9587371598
2025-08-08,Sheep,16,Online Lamb Indicator,$/head,16891.0,172.9909419217
2025-08-09,Sheep,16,Online Lamb Indicator,$/head,16891.0,172.9909419217
2025-08-10,Sheep,16,Online Lamb Indicator,$/head,16891.0,172.9909419217
2025-08-11,Sheep,16,Online Lamb Indicator,$/head,16891.0,172.9909419217
2025-08-12,Sheep,16,Online Lamb Indicator,$/head,26270.0,178.4858393605
2025-08-13,Sheep,16,Online Lamb Indicator,$/head,25826.0,177.9786261907
2025-08-14,Sheep,16,Online Lamb Indicator,$/head,26957.0,177.3600178061
2025-08-15,Sheep,16,Online Lamb Indicator,$/head,26957.0,177.3600178061
2025-08-16,Sheep,16,Online Lamb Indicator,$/head,26957.0,177.3600178061
2025-08-17,Sheep,16,Online Lamb Indicator,$/head,26957.0,177.3600178061
2025-08-18,Sheep,16,Online Lamb Indicator,$/head,26957.0,177.3600178061
2025-08-19,Sheep,16,Online Lamb Indicator,$/head,24445.0,173.3988545715
2025-08-20,Sheep,16,Online Lamb Indicator,$/head,26670.0,177.1859767529
2025-08-21,Sheep,16,Online Lamb Indicator,$/head,25960.0,177.8640986133
2025-08-22,Sheep,16,Online Lamb Indicator,$/head,26920.0,179.0101040119
2025-08-23,Sheep,16,Online Lamb Indicator,$/head,26920.0,179.0101040119
2025-08-24,Sheep,16,Online Lamb Indicator,$/head,26920.0,179.0101040119
2025-08-25,Sheep,16,Online Lamb Indicator,$/head,26920.0,179.0101040119
2025-08-26,Sheep,16,Online Lamb Indicator,$/head,43025.0,174.8805229518
2025-08-27,Sheep,16,Online Lamb Indicator,$/head,44506.0,170.8497168921
2025-08-28,Sheep,16,Online Lamb Indicator,$/head,43925.0,170.9326693227
2025-08-29,Sheep,16,Online Lamb Indicator,$/head,42965.0,170.0597579425
2025-08-30,Sheep,16,Online Lamb Indicator,$/head,42965.0,170.0597579425
2025-08-31,Sheep,16,Online Lamb Indicator,$/head,42965.0,170.0597579425
2025-09-01,Sheep,16,Online Lamb Indicator,$/head,42965.0,170.0597579425
2025-09-02,Sheep,16,Online Lamb Indicator,$/head,41384.0,176.9465010632
2025-09-03,Sheep,16,Online Lamb Indicator,$/head,38613.0,179.1091342294
2025-09-04,Sheep,16,Online Lamb Indicator,$/head,38613.0,179.1091342294
2025-09-05,Sheep,16,Online Lamb Indicator,$/head,38613.0,179.1091342294
2025-09-06,Sheep,16,Online Lamb Indicator,$/head,38613.0,179.1091342294
2025-09-07,Sheep,16,Online Lamb Indicator,$/head,38613.0,179.1091342294
2025-09-08,Sheep,16,Online Lamb Indicator,$/head,38613.0,179.1091342294
2025-09-09,Sheep,16,Online Lamb Indicator,$/head,47514.0,181.8965568043
2025-09-10,Sheep,16,Online Lamb Indicator,$/head,46474.0,182.363321427
2025-09-11,Sheep,16,Online Lamb Indicator,$/head,46634.0,182.1321996826
2025-09-12,Sheep,16,Online Lamb Indicator,$/head,46634.0,182.1321996826
2025-09-13,Sheep,16,Online Lamb Indicator,$/head,46634.0,182.1321996826
2025-09-14,Sheep,16,Online Lamb Indicator,$/head,46634.0,182.1321996826
2025-09-15,Sheep,16,Online Lamb Indicator,$/head,46634.0,182.1321996826
2025-09-16,Sheep,16,Online Lamb Indicator,$/head,40437.0,201.2538269407
2025-09-17,Sheep,16,Online Lamb Indicator,$/head,41390.0,200.5986711766
2025-09-18,Sheep,16,Online Lamb Indicator,$/head,41365.0,200.8853861961
2025-09-19,Sheep,16,Online Lamb Indicator,$/head,41365.0,200.8853861961
2025-09-20,Sheep,16,Online Lamb Indicator,$/head,41365.0,200.8853861961
2025-09-21,Sheep,16,Online Lamb Indicator,$/head,41365.0,200.8853861961
2025-09-22,Sheep,16,Online Lamb Indicator,$/head,41649.0,200.5724987395
2025-09-23,Sheep,16,Online Lamb Indicator,$/head,44452.0,194.1147304958
2025-09-24,Sheep,16,Online Lamb Indicator,$/head,44339.0,194.2215656645
2025-09-25,Sheep,16,Online Lamb Indicator,$/head,44634.0,194.1063987095
2025-09-26,Sheep,16,Online Lamb Indicator,$/head,44634.0,194.1063987095
2025-09-27,Sheep,16,Online Lamb Indicator,$/head,44634.0,194.1063987095
2025-09-28,Sheep,16,Online Lamb Indicator,$/head,44634.0,194.1063987095
2025-09-29,Sheep,16,Online Lamb Indicator,$/head,44350.0,194.3568207441
2025-09-30,Sheep,16,Online Lamb Indicator,$/head,73438.0,183.425093276
2025-10-01,Sheep,16,Online Lamb Indicator,$/head,74446.0,184.3134621068
2025-10-02,Sheep,16,Online Lamb Indicator,$/head,75607.0,184.7185049003
2025-10-03,Sheep,16,Online Lamb Indicator,$/head,79962.0,186.1222455666
2025-10-04,Sheep,16,Online Lamb Indicator,$/head,80412.0,185.9872531463
2025-10-05,Sheep,16,Online Lamb Indicator,$/head,80412.0,185.9872531463
2025-10-06,Sheep,16,Online Lamb Indicator,$/head,80412.0,185.9872531463
2025-10-07,Sheep,16,Online Lamb Indicator,$/head,41430.0,189.4738474535
2025-10-08,Sheep,16,Online Lamb Indicator,$/head,46065.0,186.0806143493
2025-10-09,Sheep,16,Online Lamb Indicator,$/head,60188.0,178.054171928
2025-10-10,Sheep,16,Online Lamb Indicator,$/head,56643.0,175.4253747153
2025-10-11,Sheep,16,Online Lamb Indicator,$/head,56193.0,175.5328866585
2025-10-12,Sheep,16,Online Lamb Indicator,$/head,56193.0,175.5328866585
2025-10-13,Sheep,16,Online Lamb Indicator,$/head,56193.0,175.5328866585
2025-10-14,Sheep,16,Online Lamb Indicator,$/head,69513.0,178.0745903644
2025-10-15,Sheep,16,Online Lamb Indicator,$/head,68023.0,178.8342031372
2025-10-16,Sheep,16,Online Lamb Indicator,$/head,53298.0,185.6907951518
2025-10-17,Sheep,16,Online Lamb Indicator,$/head,53203.0,185.772005338
2025-10-18,Sheep,16,Online Lamb Indicator,$/head,53203.0,185.772005338
2025-10-19,Sheep,16,Online Lamb Indicator,$/head,53203.0,185.772005338
2025-10-20,Sheep,16,Online Lamb Indicator,$/head,54863.0,185.9735705302
2025-10-21,Sheep,16,Online Lamb Indicator,$/head,57125.0,175.0297592998
2025-10-22,Sheep,16,Online Lamb Indicator,$/head,54576.0,174.3173739373
2025-10-23,Sheep,16,Online Lamb Indicator,$/head,57583.0,175.5612073008
2025-10-24,Sheep,16,Online Lamb Indicator,$/head,57507.0,175.7636287756
2025-10-25,Sheep,16,Online Lamb Indicator,$/head,57777.0,175.9715630787
2025-10-26,Sheep,16,Online Lamb Indicator,$/head,57777.0,175.9715630787
2025-10-27,Sheep,16,Online Lamb Indicator,$/head,56769.0,175.624530994
2025-10-28,Sheep,16,Online Lamb Indicator,$/head,48521.0,192.4419117496
2025-10-29,Sheep,16,Online Lamb Indicator,$/head,47800.0,194.2609832636
2025-10-30,Sheep,16,Online Lamb Indicator,$/head,44590.0,193.5374523436
2025-10-31,Sheep,16,Online Lamb Indicator,$/head,47421.0,191.6127243204
2025-11-01,Sheep,16,Online Lamb Indicator,$/head,47151.0,191.448686136
2025-11-02,Sheep,16,Online Lamb Indicator,$/head,47151.0,191.448686136
2025-11-03,Sheep,16,Online Lamb Indicator,$/head,46499.0,191.5016882083
2025-11-04,Sheep,16,Online Lamb Indicator,$/head,40260.0,189.1475906607
2025-11-05,Sheep,16,Online Lamb Indicator,$/head,39067.0,188.7156935521
2025-11-06,Sheep,16,Online Lamb Indicator,$/head,43002.0,197.7458025208
2025-11-07,Sheep,16,Online Lamb Indicator,$/head,40425.0,200.8504143476
2025-11-08,Sheep,16,Online Lamb Indicator,$/head,40425.0,200.8504143476
2025-11-09,Sheep,16,Online Lamb Indicator,$/head,40425.0,200.8504143476
2025-11-10,Sheep,16,Online Lamb Indicator,$/head,40425.0,200.8504143476
2025-11-11,Sheep,16,Online Lamb Indicator,$/head,46887.0,208.3143728539
2025-11-12,Sheep,16,Online Lamb Indicator,$/head,46357.0,207.9479043079
2025-11-13,Sheep,16,Online Lamb Indicator,$/head,41749.0,201.1805791755
2025-11-14,Sheep,16,Online Lamb Indicator,$/head,40967.0,200.9057290014
2025-11-15,Sheep,16,Online Lamb Indicator,$/head,40967.0,200.9057290014
2025-11-16,Sheep,16,Online Lamb Indicator,$/head,40967.0,200.9057290014
2025-11-17,Sheep,16,Online Lamb Indicator,$/head,40967.0,200.9057290014
2025-11-18,Sheep,16,Online Lamb Indicator,$/head,56612.0,196.222832615
2025-11-19,Sheep,16,Online Lamb Indicator,$/head,58562.0,194.2602199378
2025-11-20,Sheep,16,Online Lamb Indicator,$/head,58539.0,194.169066776
2025-11-21,Sheep,16,Online Lamb Indicator,$/head,58428.0,194.1009960978
2025-11-22,Sheep,16,Online Lamb Indicator,$/head,58428.0,194.1009960978
2025-11-23,Sheep,16,Online Lamb Indicator,$/head,59948.0,192.2474978315
2025-11-24,Sheep,16,Online Lamb Indicator,$/head,59948.0,192.2474978315
2025-11-25,Sheep,16,Online Lamb Indicator,$/head,71394.0,194.4739053702
2025-11-26,Sheep,16,Online Lamb Indicator,$/head,74190.0,196.1032214584
2025-11-27,Sheep,16,Online Lamb Indicator,$/head,78050.0,195.8886354901
2025-11-28,Sheep,16,Online Lamb Indicator,$/head,80351.0,196.5495388981
2025-11-29,Sheep,16,Online Lamb Indicator,$/head,80351.0,196.5495388981
2025-11-30,Sheep,16,Online Lamb Indicator,$/head,78831.0,198.0062665703
2025-12-01,Sheep,16,Online Lamb Indicator,$/head,78831.0,198.0062665703
2025-12-02,Sheep,16,Online Lamb Indicator,$/head,79927.0,195.1768198481
2025-12-03,Sheep,16,Online Lamb Indicator,$/head,80380.0,196.7019430207
2025-12-04,Sheep,16,Online Lamb Indicator,$/head,83428.0,199.361044014
2025-12-05,Sheep,16,Online Lamb Indicator,$/head,82703.0,198.9194730542
2025-12-06,Sheep,16,Online Lamb Indicator,$/head,83243.0,199.3221914155
2025-12-07,Sheep,16,Online Lamb Indicator,$/head,83243.0,199.3221914155
2025-12-08,Sheep,16,Online Lamb Indicator,$/head,83243.0,199.3221914155
2025-12-09,Sheep,16,Online Lamb Indicator,$/head,67887.0,196.4201025233
2025-12-10,Sheep,16,Online Lamb Indicator,$/head,65017.0,194.8926434625
2025-12-11,Sheep,16,Online Lamb Indicator,$/head,60074.0,190.1265772214
2025-12-12,Sheep,16,Online Lamb Indicator,$/head,58988.0,189.1848511562
2025-12-13,Sheep,16,Online Lamb Indicator,$/head,58448.0,188.5213523132
2025-12-14,Sheep,16,Online Lamb Indicator,$/head,58448.0,188.5213523132
2025-12-15,Sheep,16,Online Lamb Indicator,$/head,59023.0,188.5942090372
2025-12-16,Sheep,16,Online Lamb Indicator,$/head,38101.0,185.4090968741
2025-12-17,Sheep,16,Online Lamb Indicator,$/head,37127.0,184.7543836022
2025-12-18,Sheep,16,Online Lamb Indicator,$/head,36017.0,186.9409167893
2025-12-19,Sheep,16,Online Lamb Indicator,$/head,35962.0,187.9564818419
2025-12-20,Sheep,16,Online Lamb Indicator,$/head,35962.0,187.9564818419
2025-12-21,Sheep,16,Online Lamb Indicator,$/head,36397.0,188.0048080886
2025-12-22,Sheep,16,Online Lamb Indicator,$/head,35822.0,187.8764725588
2025-12-23,Sheep,16,Online Lamb Indicator,$/head,3170.0,205.3233438486
2025-12-24,Sheep,16,Online Lamb Indicator,$/head,1815.0,206.8732782369
2025-12-25,Sheep,16,Online Lamb Indicator,$/head,870.0,196.0
2025-12-26,Sheep,16,Online Lamb Indicator,$/head,435.0,192.0
2025-12-27,Sheep,16,Online Lamb Indicator,$/head,435.0,192.0
2025-04-01,Cattle,17,National Feeder Heifer Indicator,c/kg lwt,3430.0,327.1193020117
2025-04-02,Cattle,17,National Feeder Heifer Indicator,c/kg lwt,2892.0,333.7977187759
2025-04-03,Cattle,17,National Feeder Heifer Indicator,c/kg lwt,2792.0,338.414757414
2025-04-04,Cattle,17,National Feeder Heifer Indicator,c/kg lwt,2792.0,338.414757414
2025-04-05,Cattle,17,National Feeder Heifer Indicator,c/kg lwt,2792.0,338.414757414
2025-04-06,Cattle,17,National Feeder Heifer Indicator,c/kg lwt,2792.0,338.414757414
2025-04-07,Cattle,17,National Feeder Heifer Indicator,c/kg lwt,3895.0,341.3720675481
2025-04-08,Cattle,17,National Feeder Heifer Indicator,c/kg lwt,4310.0,343.7027854292
2025-04-09,Cattle,17,National Feeder Heifer Indicator,c/kg lwt,5427.0,339.2374815552
2025-04-10,Cattle,17,National Feeder Heifer Indicator,c/kg lwt,5534.0,338.6868110589
2025-04-11,Cattle,17,National Feeder Heifer Indicator,c/kg lwt,5534.0,338.6868110589
2025-04-12,Cattle,17,National Feeder Heifer Indicator,c/kg lwt,5534.0,338.6868110589
2025-04-13,Cattle,17,National Feeder Heifer Indicator,c/kg lwt,5534.0,338.6868110589
2025-04-14,Cattle,17,National Feeder Heifer Indicator,c/kg lwt,5398.0,341.4424995183
2025-04-15,Cattle,17,National Feeder Heifer Indicator,c/kg lwt,6494.0,339.3884228981
2025-04-16,Cattle,17,National Feeder Heifer Indicator,c/kg lwt,5878.0,342.5496792957
2025-04-17,Cattle,17,National Feeder Heifer Indicator,c/kg lwt,5113.0,343.8582074907
2025-04-18,Cattle,17,National Feeder Heifer Indicator,c/kg lwt,5113.0,343.8582074907
2025-04-19,Cattle,17,National Feeder Heifer Indicator,c/kg lwt,5113.0,343.8582074907
2025-04-20,Cattle,17,National Feeder Heifer Indicator,c/kg lwt,5113.0,343.8582074907
2025-04-21,Cattle,17,National Feeder Heifer Indicator,c/kg lwt,3272.0,337.9339285758
2025-04-22,Cattle,17,National Feeder Heifer Indicator,c/kg lwt,1680.0,333.5978622024
2025-04-23,Cattle,17,National Feeder Heifer Indicator,c/kg lwt,1342.0,331.3605109538
2025-04-24,Cattle,17,National Feeder Heifer Indicator,c/kg lwt,1481.0,334.8695514517
2025-04-25,Cattle,17,National Feeder Heifer Indicator,c/kg lwt,1481.0,334.8695514517
2025-04-26,Cattle,17,National Feeder Heifer Indicator,c/kg lwt,1481.0,334.8695514517
2025-04-27,Cattle,17,National Feeder Heifer Indicator,c/kg lwt,1481.0,334.8695514517
2025-04-28,Cattle,17,National Feeder Heifer Indicator,c/kg lwt,2924.0,348.5876217852
2025-04-29,Cattle,17,National Feeder Heifer Indicator,c/kg lwt,4314.0,348.2522046361
2025-04-30,Cattle,17,National Feeder Heifer Indicator,c/kg lwt,5865.0,342.7718366581
2025-05-01,Cattle,17,National Feeder Heifer Indicator,c/kg lwt,6912.0,341.5260159144
2025-05-02,Cattle,17,National Feeder Heifer Indicator,c/kg lwt,6912.0,341.5260159144
2025-05-03,Cattle,17,National Feeder Heifer Indicator,c/kg lwt,6912.0,341.5260159144
2025-05-04,Cattle,17,National Feeder Heifer Indicator,c/kg lwt,6912.0,341.5260159144
2025-05-05,Cattle,17,National Feeder Heifer Indicator,c/kg lwt,7113.0,335.2411391115
2025-05-06,Cattle,17,National Feeder Heifer Indicator,c/kg lwt,6820.0,332.8401204692
2025-05-07,Cattle,17,National Feeder Heifer Indicator,c/kg lwt,6102.0,326.5683404949
2025-05-08,Cattle,17,National Feeder Heifer Indicator,c/kg lwt,6330.0,321.6783591943
2025-05-09,Cattle,17,National Feeder Heifer Indicator,c/kg lwt,6330.0,321.6783591943
2025-05-10,Cattle,17,National Feeder Heifer Indicator,c/kg lwt,6330.0,321.6783591943
2025-05-11,Cattle,17,National Feeder Heifer Indicator,c/kg lwt,6330.0,321.6783591943
2025-05-12,Cattle,17,National Feeder Heifer Indicator,c/kg lwt,6783.0,317.8097910954
2025-05-13,Cattle,17,National Feeder Heifer Indicator,c/kg lwt,6842.0,313.2468883221
2025-05-14,Cattle,17,National Feeder Heifer Indicator,c/kg lwt,6786.0,311.2984099617
2025-05-15,Cattle,17,National Feeder Heifer Indicator,c/kg lwt,6102.0,311.9243871026
2025-05-16,Cattle,17,National Feeder Heifer Indicator,c/kg lwt,6102.0,311.9243871026
2025-05-17,Cattle,17,National Feeder Heifer Indicator,c/kg lwt,6102.0,311.9243871026
2025-05-18,Cattle,17,National Feeder Heifer Indicator,c/kg lwt,6102.0,311.9243871026
2025-05-19,Cattle,17,National Feeder Heifer Indicator,c/kg lwt,5429.0,315.363973089
2025-05-20,Cattle,17,National Feeder Heifer Indicator,c/kg lwt,4774.0,319.519188961
2025-05-21,Cattle,17,National Feeder Heifer Indicator,c/kg lwt,4239.0,326.0618085869
2025-05-22,Cattle,17,National Feeder Heifer Indicator,c/kg lwt,4068.0,328.5005915683
2025-05-23,Cattle,17,National Feeder Heifer Indicator,c/kg lwt,4068.0,328.5005915683
2025-05-24,Cattle,17,National Feeder Heifer Indicator,c/kg lwt,4068.0,328.5005915683
2025-05-25,Cattle,17,National Feeder Heifer Indicator,c/kg lwt,4068.0,328.5005915683
2025-05-26,Cattle,17,National Feeder Heifer Indicator,c/kg lwt,4096.0,336.7624528564
2025-05-27,Cattle,17,National Feeder Heifer Indicator,c/kg lwt,4041.0,339.0782496164
2025-05-28,Cattle,17,National Feeder Heifer Indicator,c/kg lwt,4523.0,335.3533956224
2025-05-29,Cattle,17,National Feeder Heifer Indicator,c/kg lwt,4614.0,337.805420156
2025-05-30,Cattle,17,National Feeder Heifer Indicator,c/kg lwt,4614.0,337.805420156
2025-05-31,Cattle,17,National Feeder Heifer Indicator,c/kg lwt,4614.0,337.805420156
2025-06-01,Cattle,17,National Feeder Heifer Indicator,c/kg lwt,4614.0,337.805420156
2025-06-02,Cattle,17,National Feeder Heifer Indicator,c/kg lwt,4571.0,339.8322925399
2025-06-03,Cattle,17,National Feeder Heifer Indicator,c/kg lwt,4802.0,343.2828847355
2025-06-04,Cattle,17,National Feeder Heifer Indicator,c/kg lwt,4999.0,346.8145255451
2025-06-05,Cattle,17,National Feeder Heifer Indicator,c/kg lwt,5358.0,343.5742838746
2025-06-06,Cattle,17,National Feeder Heifer Indicator,c/kg lwt,5358.0,343.5742838746
2025-06-07,Cattle,17,National Feeder Heifer Indicator,c/kg lwt,5358.0,343.5742838746
2025-06-08,Cattle,17,National Feeder Heifer Indicator,c/kg lwt,5358.0,343.5742838746
2025-06-09,Cattle,17,National Feeder Heifer Indicator,c/kg lwt,3959.0,336.1243273554
2025-06-10,Cattle,17,National Feeder Heifer Indicator,c/kg lwt,4006.0,338.2925639291
2025-06-11,Cattle,17,National Feeder Heifer Indicator,c/kg lwt,3508.0,344.0252017389
2025-06-12,Cattle,17,National Feeder Heifer Indicator,c/kg lwt,3388.0,347.1417968418
2025-06-13,Cattle,17,National Feeder Heifer Indicator,c/kg lwt,3388.0,347.1417968418
2025-06-14,Cattle,17,National Feeder Heifer Indicator,c/kg lwt,3388.0,347.1417968418
2025-06-15,Cattle,17,National Feeder Heifer Indicator,c/kg lwt,3388.0,347.1417968418
2025-06-16,Cattle,17,National Feeder Heifer Indicator,c/kg lwt,5088.0,354.8303867728
2025-06-17,Cattle,17,National Feeder Heifer Indicator,c/kg lwt,5453.0,350.4486357235
2025-06-18,Cattle,17,National Feeder Heifer Indicator,c/kg lwt,5647.0,346.0924406942
2025-06-19,Cattle,17,National Feeder Heifer Indicator,c/kg lwt,5425.0,345.9170530138
2025-06-20,Cattle,17,National Feeder Heifer Indicator,c/kg lwt,5425.0,345.9170530138
2025-06-21,Cattle,17,National Feeder Heifer Indicator,c/kg lwt,5425.0,345.9170530138
2025-06-22,Cattle,17,National Feeder Heifer Indicator,c/kg lwt,5425.0,345.9170530138
2025-06-23,Cattle,17,National Feeder Heifer Indicator,c/kg lwt,5324.0,343.9540970323
2025-06-24,Cattle,17,National Feeder Heifer Indicator,c/kg lwt,5450.0,344.6362226239
2025-06-25,Cattle,17,National Feeder Heifer Indicator,c/kg lwt,5268.0,344.5413084093
2025-06-26,Cattle,17,National Feeder Heifer Indicator,c/kg lwt,5367.0,342.6785192286
2025-06-27,Cattle,17,National Feeder Heifer Indicator,c/kg lwt,5367.0,342.6785192286
2025-06-28,Cattle,17,National Feeder Heifer Indicator,c/kg lwt,5367.0,342.6785192286
2025-06-29,Cattle,17,National Feeder Heifer Indicator,c/kg lwt,5367.0,342.6785192286
2025-06-30,Cattle,17,National Feeder Heifer Indicator,c/kg lwt,4762.0,340.9716113188
2025-07-01,Cattle,17,National Feeder Heifer Indicator,c/kg lwt,4660.0,343.04296397
2025-07-02,Cattle,17,National Feeder Heifer Indicator,c/kg lwt,4533.0,346.4372407456
2025-07-03,Cattle,17,National Feeder Heifer Indicator,c/kg lwt,4565.0,352.0451286528
2025-07-04,Cattle,17,National Feeder Heifer Indicator,c/kg lwt,4565.0,352.0451286528
2025-07-05,Cattle,17,National Feeder Heifer Indicator,c/kg lwt,4565.0,352.0451286528
2025-07-06,Cattle,17,National Feeder Heifer Indicator,c/kg lwt,4565.0,352.0451286528
2025-07-07,Cattle,17,National Feeder Heifer Indicator,c/kg lwt,4633.0,353.3227308439
2025-07-08,Cattle,17,National Feeder Heifer Indicator,c/kg lwt,4458.0,352.9236006505
2025-07-09,Cattle,17,National Feeder Heifer Indicator,c/kg lwt,4630.0,351.5954234341
2025-07-10,Cattle,17,National Feeder Heifer Indicator,c/kg lwt,4857.0,344.2935171299
2025-07-11,Cattle,17,National Feeder Heifer Indicator,c/kg lwt,4857.0,344.2935171299
2025-07-12,Cattle,17,National Feeder Heifer Indicator,c/kg lwt,4857.0,344.2935171299
2025-07-13,Cattle,17,National Feeder Heifer Indicator,c/kg lwt,4857.0,344.2935171299
2025-07-14,Cattle,17,National Feeder Heifer Indicator,c/kg lwt,4809.0,345.8898758162
2025-07-15,Cattle,17,National Feeder Heifer Indicator,c/kg lwt,4770.0,350.6594579036
2025-07-16,Cattle,17,National Feeder Heifer Indicator,c/kg lwt,4787.0,352.9799491957
2025-07-17,Cattle,17,National Feeder Heifer Indicator,c/kg lwt,4197.0,360.1179925185
2025-07-18,Cattle,17,National Feeder Heifer Indicator,c/kg lwt,4197.0,360.1179925185
2025-07-19,Cattle,17,National Feeder Heifer Indicator,c/kg lwt,4197.0,360.1179925185
2025-07-20,Cattle,17,National Feeder Heifer Indicator,c/kg lwt,4197.0,360.1179925185
2025-07-21,Cattle,17,National Feeder Heifer Indicator,c/kg lwt,4462.0,365.7878121694
2025-07-22,Cattle,17,National Feeder Heifer Indicator,c/kg lwt,4444.0,365.3846120387
2025-07-23,Cattle,17,National Feeder Heifer Indicator,c/kg lwt,4203.0,371.9903909113
2025-07-24,Cattle,17,National Feeder Heifer Indicator,c/kg lwt,4359.0,377.6333133746
2025-07-25,Cattle,17,National Feeder Heifer Indicator,c/kg lwt,4359.0,377.6333133746
2025-07-26,Cattle,17,National Feeder Heifer Indicator,c/kg lwt,4359.0,377.6333133746
2025-07-27,Cattle,17,National Feeder Heifer Indicator,c/kg lwt,4359.0,377.6333133746
2025-07-28,Cattle,17,National Feeder Heifer Indicator,c/kg lwt,3961.0,375.7957108558
2025-07-29,Cattle,17,National Feeder Heifer Indicator,c/kg lwt,3312.0,388.5126836051
2025-07-30,Cattle,17,National Feeder Heifer Indicator,c/kg lwt,3783.0,392.7144095163
2025-07-31,Cattle,17,National Feeder Heifer Indicator,c/kg lwt,4108.0,391.1038488802
2025-08-01,Cattle,17,National Feeder Heifer Indicator,c/kg lwt,4108.0,391.1038488802
2025-08-02,Cattle,17,National Feeder Heifer Indicator,c/kg lwt,4108.0,391.1038488802
2025-08-03,Cattle,17,National Feeder Heifer Indicator,c/kg lwt,4108.0,391.1038488802
2025-08-04,Cattle,17,National Feeder Heifer Indicator,c/kg lwt,4330.0,401.077508291
2025-08-05,Cattle,17,National Feeder Heifer Indicator,c/kg lwt,4663.0,403.9186381514
2025-08-06,Cattle,17,National Feeder Heifer Indicator,c/kg lwt,5134.0,400.1134809505
2025-08-07,Cattle,17,National Feeder Heifer Indicator,c/kg lwt,5563.0,397.9391715262
2025-08-08,Cattle,17,National Feeder Heifer Indicator,c/kg lwt,5563.0,397.9391715262
2025-08-09,Cattle,17,National Feeder Heifer Indicator,c/kg lwt,5563.0,397.9391715262
2025-08-10,Cattle,17,National Feeder Heifer Indicator,c/kg lwt,5563.0,397.9391715262
2025-08-11,Cattle,17,National Feeder Heifer Indicator,c/kg lwt,5499.0,397.4037846881
2025-08-12,Cattle,17,National Feeder Heifer Indicator,c/kg lwt,6089.0,403.3256713582
2025-08-13,Cattle,17,National Feeder Heifer Indicator,c/kg lwt,5741.0,409.8938519422
2025-08-14,Cattle,17,National Feeder Heifer Indicator,c/kg lwt,5825.0,413.624824721
2025-08-15,Cattle,17,National Feeder Heifer Indicator,c/kg lwt,5825.0,413.624824721
2025-08-16,Cattle,17,National Feeder Heifer Indicator,c/kg lwt,5825.0,413.624824721
2025-08-17,Cattle,17,National Feeder Heifer Indicator,c/kg lwt,5825.0,413.624824721
2025-08-18,Cattle,17,National Feeder Heifer Indicator,c/kg lwt,6016.0,412.959308893
2025-08-19,Cattle,17,National Feeder Heifer Indicator,c/kg lwt,5895.0,414.6304335369
2025-08-20,Cattle,17,National Feeder Heifer Indicator,c/kg lwt,5726.0,417.0452694377
2025-08-21,Cattle,17,National Feeder Heifer Indicator,c/kg lwt,4894.0,424.1416454434
2025-08-22,Cattle,17,National Feeder Heifer Indicator,c/kg lwt,4894.0,424.1416454434
2025-08-23,Cattle,17,National Feeder Heifer Indicator,c/kg lwt,4894.0,424.1416454434
2025-08-24,Cattle,17,National Feeder Heifer Indicator,c/kg lwt,4894.0,424.1416454434
2025-08-25,Cattle,17,National Feeder Heifer Indicator,c/kg lwt,4913.0,433.5665812335
2025-08-26,Cattle,17,National Feeder Heifer Indicator,c/kg lwt,5048.0,435.6541636886
2025-08-27,Cattle,17,National Feeder Heifer Indicator,c/kg lwt,5853.0,432.0646888775
2025-08-28,Cattle,17,National Feeder Heifer Indicator,c/kg lwt,6809.0,433.5735972977
2025-08-29,Cattle,17,National Feeder Heifer Indicator,c/kg lwt,6809.0,433.5735972977
2025-08-30,Cattle,17,National Feeder Heifer Indicator,c/kg lwt,6809.0,433.5735972977
2025-08-31,Cattle,17,National Feeder Heifer Indicator,c/kg lwt,6809.0,433.5735972977
2025-09-01,Cattle,17,National Feeder Heifer Indicator,c/kg lwt,6584.0,430.7048335207
2025-09-02,Cattle,17,National Feeder Heifer Indicator,c/kg lwt,6735.0,431.9704258946
2025-09-03,Cattle,17,National Feeder Heifer Indicator,c/kg lwt,6441.0,437.9028907157
2025-09-04,Cattle,17,National Feeder Heifer Indicator,c/kg lwt,5817.0,439.1132059653
2025-09-05,Cattle,17,National Feeder Heifer Indicator,c/kg lwt,5817.0,439.1132059653
2025-09-06,Cattle,17,National Feeder Heifer Indicator,c/kg lwt,5817.0,439.1132059653
2025-09-07,Cattle,17,National Feeder Heifer Indicator,c/kg lwt,5817.0,439.1132059653
2025-09-08,Cattle,17,National Feeder Heifer Indicator,c/kg lwt,6032.0,442.9606960544
2025-09-09,Cattle,17,National Feeder Heifer Indicator,c/kg lwt,6014.0,444.4740139175
2025-09-10,Cattle,17,National Feeder Heifer Indicator,c/kg lwt,5850.0,444.8967208718
2025-09-11,Cattle,17,National Feeder Heifer Indicator,c/kg lwt,5607.0,444.0440194578
2025-09-12,Cattle,17,National Feeder Heifer Indicator,c/kg lwt,5607.0,444.0440194578
2025-09-13,Cattle,17,National Feeder Heifer Indicator,c/kg lwt,5607.0,444.0440194578
2025-09-14,Cattle,17,National Feeder Heifer Indicator,c/kg lwt,5607.0,444.0440194578
2025-09-15,Cattle,17,National Feeder Heifer Indicator,c/kg lwt,5410.0,441.4701325693
2025-09-16,Cattle,17,National Feeder Heifer Indicator,c/kg lwt,5525.0,442.8068083439
2025-09-17,Cattle,17,National Feeder Heifer Indicator,c/kg lwt,5344.0,444.38484375
2025-09-18,Cattle,17,National Feeder Heifer Indicator,c/kg lwt,6223.0,443.0142383095
2025-09-19,Cattle,17,National Feeder Heifer Indicator,c/kg lwt,6765.0,433.7344575018
2025-09-20,Cattle,17,National Feeder Heifer Indicator,c/kg lwt,6765.0,433.7344575018
2025-09-21,Cattle,17,National Feeder Heifer Indicator,c/kg lwt,6765.0,433.7344575018
2025-09-22,Cattle,17,National Feeder Heifer Indicator,c/kg lwt,7617.0,439.4859662728
2025-09-23,Cattle,17,National Feeder Heifer Indicator,c/kg lwt,7564.0,435.5184305791
2025-09-24,Cattle,17,National Feeder Heifer Indicator,c/kg lwt,8311.0,426.4991237878
2025-09-25,Cattle,17,National Feeder Heifer Indicator,c/kg lwt,7693.0,423.4920340309
2025-09-26,Cattle,17,National Feeder Heifer Indicator,c/kg lwt,7151.0,430.7912484687
2025-09-27,Cattle,17,National Feeder Heifer Indicator,c/kg lwt,7151.0,430.7912484687
2025-09-28,Cattle,17,National Feeder Heifer Indicator,c/kg lwt,7151.0,430.7912484687
2025-09-29,Cattle,17,National Feeder Heifer Indicator,c/kg lwt,6068.0,422.5927187541
2025-09-30,Cattle,17,National Feeder Heifer Indicator,c/kg lwt,5969.0,418.8062014073
2025-10-01,Cattle,17,National Feeder Heifer Indicator,c/kg lwt,5535.0,426.3667962963
2025-10-02,Cattle,17,National Feeder Heifer Indicator,c/kg lwt,5939.0,427.9422827917
2025-10-03,Cattle,17,National Feeder Heifer Indicator,c/kg lwt,5939.0,427.9422827917
2025-10-04,Cattle,17,National Feeder Heifer Indicator,c/kg lwt,5939.0,427.9422827917
2025-10-05,Cattle,17,National Feeder Heifer Indicator,c/kg lwt,5939.0,427.9422827917
2025-10-06,Cattle,17,National Feeder Heifer Indicator,c/kg lwt,5327.0,419.2709625117
2025-10-07,Cattle,17,National Feeder Heifer Indicator,c/kg lwt,5708.0,417.3765270147
2025-10-08,Cattle,17,National Feeder Heifer Indicator,c/kg lwt,5331.0,418.0281027575
2025-10-09,Cattle,17,National Feeder Heifer Indicator,c/kg lwt,5418.0,408.1243302326
2025-10-10,Cattle,17,National Feeder Heifer Indicator,c/kg lwt,5418.0,408.1243302326
2025-10-11,Cattle,17,National Feeder Heifer Indicator,c/kg lwt,5418.0,408.1243302326
2025-10-12,Cattle,17,National Feeder Heifer Indicator,c/kg lwt,5418.0,408.1243302326
2025-10-13,Cattle,17,National Feeder Heifer Indicator,c/kg lwt,7529.0,414.4342704742
2025-10-14,Cattle,17,National Feeder Heifer Indicator,c/kg lwt,6610.0,411.2698971104
2025-10-15,Cattle,17,National Feeder Heifer Indicator,c/kg lwt,6694.0,403.6015266507
2025-10-16,Cattle,17,National Feeder Heifer Indicator,c/kg lwt,6375.0,405.3184021961
2025-10-17,Cattle,17,National Feeder Heifer Indicator,c/kg lwt,6682.0,402.0246653696
2025-10-18,Cattle,17,National Feeder Heifer Indicator,c/kg lwt,6682.0,402.0246653696
2025-10-19,Cattle,17,National Feeder Heifer Indicator,c/kg lwt,6682.0,402.0246653696
2025-10-20,Cattle,17,National Feeder Heifer Indicator,c/kg lwt,6150.0,399.9636770894
2025-10-21,Cattle,17,National Feeder Heifer Indicator,c/kg lwt,6305.0,400.1103905948
2025-10-22,Cattle,17,National Feeder Heifer Indicator,c/kg lwt,6556.0,402.243565421
2025-10-23,Cattle,17,National Feeder Heifer Indicator,c/kg lwt,6674.0,400.2771673509
2025-10-24,Cattle,17,National Feeder Heifer Indicator,c/kg lwt,6367.0,403.4907829276
2025-10-25,Cattle,17,National Feeder Heifer Indicator,c/kg lwt,6367.0,403.4907829276
2025-10-26,Cattle,17,National Feeder Heifer Indicator,c/kg lwt,6367.0,403.4907829276
2025-10-27,Cattle,17,National Feeder Heifer Indicator,c/kg lwt,5842.0,401.3207145156
2025-10-28,Cattle,17,National Feeder Heifer Indicator,c/kg lwt,6025.0,405.6027577593
2025-10-29,Cattle,17,National Feeder Heifer Indicator,c/kg lwt,5440.0,410.5255530882
2025-10-30,Cattle,17,National Feeder Heifer Indicator,c/kg lwt,5289.0,414.4760840991
2025-10-31,Cattle,17,National Feeder Heifer Indicator,c/kg lwt,5289.0,414.4760840991
2025-11-01,Cattle,17,National Feeder Heifer Indicator,c/kg lwt,5289.0,414.4760840991
2025-11-02,Cattle,17,National Feeder Heifer Indicator,c/kg lwt,5289.0,414.4760840991
2025-11-03,Cattle,17,National Feeder Heifer Indicator,c/kg lwt,5571.0,418.6279677437
2025-11-04,Cattle,17,National Feeder Heifer Indicator,c/kg lwt,4702.0,419.9189293917
2025-11-05,Cattle,17,National Feeder Heifer Indicator,c/kg lwt,4498.0,421.9588052468
2025-11-06,Cattle,17,National Feeder Heifer Indicator,c/kg lwt,4873.0,427.9577480197
2025-11-07,Cattle,17,National Feeder Heifer Indicator,c/kg lwt,4873.0,427.9577480197
2025-11-08,Cattle,17,National Feeder Heifer Indicator,c/kg lwt,4873.0,427.9577480197
2025-11-09,Cattle,17,National Feeder Heifer Indicator,c/kg lwt,4873.0,427.9577480197
2025-11-10,Cattle,17,National Feeder Heifer Indicator,c/kg lwt,4898.0,431.7112508167
2025-11-11,Cattle,17,National Feeder Heifer Indicator,c/kg lwt,5891.0,434.721967357
2025-11-12,Cattle,17,National Feeder Heifer Indicator,c/kg lwt,6148.0,436.172708149
2025-11-13,Cattle,17,National Feeder Heifer Indicator,c/kg lwt,6295.0,437.4837823034
2025-11-14,Cattle,17,National Feeder Heifer Indicator,c/kg lwt,6295.0,437.4837823034
2025-11-15,Cattle,17,National Feeder Heifer Indicator,c/kg lwt,6295.0,437.4837823034
2025-11-16,Cattle,17,National Feeder Heifer Indicator,c/kg lwt,6295.0,437.4837823034
2025-11-17,Cattle,17,National Feeder Heifer Indicator,c/kg lwt,6704.0,439.6639930937
2025-11-18,Cattle,17,National Feeder Heifer Indicator,c/kg lwt,6435.0,440.0516874281
2025-11-19,Cattle,17,National Feeder Heifer Indicator,c/kg lwt,6518.0,441.1988661246
2025-11-20,Cattle,17,National Feeder Heifer Indicator,c/kg lwt,7174.0,442.4936171452
2025-11-21,Cattle,17,National Feeder Heifer Indicator,c/kg lwt,7174.0,442.4936171452
2025-11-22,Cattle,17,National Feeder Heifer Indicator,c/kg lwt,7174.0,442.4936171452
2025-11-23,Cattle,17,National Feeder Heifer Indicator,c/kg lwt,7174.0,442.4936171452
2025-11-24,Cattle,17,National Feeder Heifer Indicator,c/kg lwt,7011.0,440.5266880046
2025-11-25,Cattle,17,National Feeder Heifer Indicator,c/kg lwt,8734.0,439.0778359286
2025-11-26,Cattle,17,National Feeder Heifer Indicator,c/kg lwt,10894.0,437.1255038462
2025-11-27,Cattle,17,National Feeder Heifer Indicator,c/kg lwt,10618.0,435.3194800245
2025-11-28,Cattle,17,National Feeder Heifer Indicator,c/kg lwt,10618.0,435.3194800245
2025-11-29,Cattle,17,National Feeder Heifer Indicator,c/kg lwt,10618.0,435.3194800245
2025-11-30,Cattle,17,National Feeder Heifer Indicator,c/kg lwt,10618.0,435.3194800245
2025-12-01,Cattle,17,National Feeder Heifer Indicator,c/kg lwt,10337.0,432.473371336
2025-12-02,Cattle,17,National Feeder Heifer Indicator,c/kg lwt,9263.0,431.3752600345
2025-12-03,Cattle,17,National Feeder Heifer Indicator,c/kg lwt,8315.0,424.0412050992
2025-12-04,Cattle,17,National Feeder Heifer Indicator,c/kg lwt,7820.0,421.4755269054
2025-12-05,Cattle,17,National Feeder Heifer Indicator,c/kg lwt,7949.0,420.8057139766
2025-12-06,Cattle,17,National Feeder Heifer Indicator,c/kg lwt,7949.0,420.8057139766
2025-12-07,Cattle,17,National Feeder Heifer Indicator,c/kg lwt,7949.0,420.8057139766
2025-12-08,Cattle,17,National Feeder Heifer Indicator,c/kg lwt,8521.0,419.616221136
2025-12-09,Cattle,17,National Feeder Heifer Indicator,c/kg lwt,8105.0,414.4736485009
2025-12-10,Cattle,17,National Feeder Heifer Indicator,c/kg lwt,8874.0,413.5846883705
2025-12-11,Cattle,17,National Feeder Heifer Indicator,c/kg lwt,8195.0,411.9059822575
2025-12-12,Cattle,17,National Feeder Heifer Indicator,c/kg lwt,8305.0,410.6901293919
2025-12-13,Cattle,17,National Feeder Heifer Indicator,c/kg lwt,8305.0,410.6901293919
2025-12-14,Cattle,17,National Feeder Heifer Indicator,c/kg lwt,8305.0,410.6901293919
2025-12-15,Cattle,17,National Feeder Heifer Indicator,c/kg lwt,7332.0,408.1519536007
2025-12-16,Cattle,17,National Feeder Heifer Indicator,c/kg lwt,6499.0,408.6984488075
2025-12-17,Cattle,17,National Feeder Heifer Indicator,c/kg lwt,3433.0,413.1075453248
2025-12-18,Cattle,17,National Feeder Heifer Indicator,c/kg lwt,2668.0,412.3059232009
2025-12-19,Cattle,17,National Feeder Heifer Indicator,c/kg lwt,2429.0,418.1861684232
2025-12-20,Cattle,17,National Feeder Heifer Indicator,c/kg lwt,2429.0,418.1861684232
2025-12-21,Cattle,17,National Feeder Heifer Indicator,c/kg lwt,2429.0,418.1861684232
2025-12-22,Cattle,17,National Feeder Heifer Indicator,c/kg lwt,1295.0,420.8790753668
2025-12-23,Cattle,17,National Feeder Heifer Indicator,c/kg lwt,254.0,410.2559055118
2025-12-24,Cattle,17,National Feeder Heifer Indicator,c/kg lwt,49.0,405.9183673469
2025-04-01,Sheep,18,Online Sheep Indicator,$/head,292.0,120.0
2025-04-02,Sheep,18,Online Sheep Indicator,$/head,642.0,140.1713395639
2025-04-03,Sheep,18,Online Sheep Indicator,$/head,642.0,140.1713395639
2025-04-04,Sheep,18,Online Sheep Indicator,$/head,642.0,140.1713395639
2025-04-05,Sheep,18,Online Sheep Indicator,$/head,642.0,140.1713395639
2025-04-06,Sheep,18,Online Sheep Indicator,$/head,642.0,140.1713395639
2025-04-07,Sheep,18,Online Sheep Indicator,$/head,642.0,140.1713395639
2025-04-08,Sheep,18,Online Sheep Indicator,$/head,1483.0,140.8712070128
2025-04-09,Sheep,18,Online Sheep Indicator,$/head,1133.0,135.8887908208
2025-04-10,Sheep,18,Online Sheep Indicator,$/head,1133.0,135.8887908208
2025-04-11,Sheep,18,Online Sheep Indicator,$/head,1133.0,135.8887908208
2025-04-12,Sheep,18,Online Sheep Indicator,$/head,1133.0,135.8887908208
2025-04-13,Sheep,18,Online Sheep Indicator,$/head,1133.0,135.8887908208
2025-04-14,Sheep,18,Online Sheep Indicator,$/head,1133.0,135.8887908208
2025-04-15,Sheep,18,Online Sheep Indicator,$/head,505.0,121.5544554455
2025-04-16,Sheep,18,Online Sheep Indicator,$/head,505.0,121.5544554455
2025-04-17,Sheep,18,Online Sheep Indicator,$/head,505.0,121.5544554455
2025-04-18,Sheep,18,Online Sheep Indicator,$/head,505.0,121.5544554455
2025-04-19,Sheep,18,Online Sheep Indicator,$/head,505.0,121.5544554455
2025-04-20,Sheep,18,Online Sheep Indicator,$/head,505.0,121.5544554455
2025-04-21,Sheep,18,Online Sheep Indicator,$/head,505.0,121.5544554455
2025-04-22,Sheep,18,Online Sheep Indicator,$/head,1860.0,100.8682795699
2025-04-23,Sheep,18,Online Sheep Indicator,$/head,2280.0,104.2083333333
2025-04-24,Sheep,18,Online Sheep Indicator,$/head,2280.0,104.2083333333
2025-04-25,Sheep,18,Online Sheep Indicator,$/head,2280.0,104.2083333333
2025-04-26,Sheep,18,Online Sheep Indicator,$/head,2280.0,104.2083333333
2025-04-27,Sheep,18,Online Sheep Indicator,$/head,2280.0,104.2083333333
2025-04-28,Sheep,18,Online Sheep Indicator,$/head,2280.0,104.2083333333
2025-04-29,Sheep,18,Online Sheep Indicator,$/head,880.0,112.2045454545
2025-04-30,Sheep,18,Online Sheep Indicator,$/head,460.0,106.0
2025-05-01,Sheep,18,Online Sheep Indicator,$/head,460.0,106.0
2025-05-02,Sheep,18,Online Sheep Indicator,$/head,460.0,106.0
2025-05-03,Sheep,18,Online Sheep Indicator,$/head,460.0,106.0
2025-05-04,Sheep,18,Online Sheep Indicator,$/head,460.0,106.0
2025-05-05,Sheep,18,Online Sheep Indicator,$/head,460.0,106.0
2025-05-06,Sheep,18,Online Sheep Indicator,$/head,2486.0,102.0756234916
2025-05-07,Sheep,18,Online Sheep Indicator,$/head,2486.0,102.0756234916
2025-05-08,Sheep,18,Online Sheep Indicator,$/head,2486.0,102.0756234916
2025-05-09,Sheep,18,Online Sheep Indicator,$/head,2486.0,102.0756234916
2025-05-10,Sheep,18,Online Sheep Indicator,$/head,2486.0,102.0756234916
2025-05-11,Sheep,18,Online Sheep Indicator,$/head,2486.0,102.0756234916
2025-05-12,Sheep,18,Online Sheep Indicator,$/head,2486.0,102.0756234916
2025-05-13,Sheep,18,Online Sheep Indicator,$/head,1950.0,127.7076923077
2025-05-14,Sheep,18,Online Sheep Indicator,$/head,1950.0,127.7076923077
2025-05-15,Sheep,18,Online Sheep Indicator,$/head,1950.0,127.7076923077
2025-05-16,Sheep,18,Online Sheep Indicator,$/head,1950.0,127.7076923077
2025-05-17,Sheep,18,Online Sheep Indicator,$/head,1950.0,127.7076923077
2025-05-18,Sheep,18,Online Sheep Indicator,$/head,1950.0,127.7076923077
2025-05-19,Sheep,18,Online Sheep Indicator,$/head,1950.0,127.7076923077
2025-05-20,Sheep,18,Online Sheep Indicator,$/head,380.0,180.0
2025-05-21,Sheep,18,Online Sheep Indicator,$/head,380.0,180.0
2025-05-22,Sheep,18,Online Sheep Indicator,$/head,380.0,180.0
2025-05-23,Sheep,18,Online Sheep Indicator,$/head,380.0,180.0
2025-05-24,Sheep,18,Online Sheep Indicator,$/head,380.0,180.0
2025-05-25,Sheep,18,Online Sheep Indicator,$/head,380.0,180.0
2025-05-26,Sheep,18,Online Sheep Indicator,$/head,380.0,180.0
2025-05-27,Sheep,18,Online Sheep Indicator,$/head,4856.0,119.0166803954
2025-05-28,Sheep,18,Online Sheep Indicator,$/head,4856.0,119.0166803954
2025-05-29,Sheep,18,Online Sheep Indicator,$/head,4856.0,119.0166803954
2025-05-30,Sheep,18,Online Sheep Indicator,$/head,4856.0,119.0166803954
2025-05-31,Sheep,18,Online Sheep Indicator,$/head,4856.0,119.0166803954
2025-06-01,Sheep,18,Online Sheep Indicator,$/head,4856.0,119.0166803954
2025-06-02,Sheep,18,Online Sheep Indicator,$/head,4856.0,119.0166803954
2025-06-03,Sheep,18,Online Sheep Indicator,$/head,2970.0,103.8164983165
2025-06-04,Sheep,18,Online Sheep Indicator,$/head,3855.0,109.1387808042
2025-06-05,Sheep,18,Online Sheep Indicator,$/head,3855.0,109.1387808042
2025-06-06,Sheep,18,Online Sheep Indicator,$/head,3855.0,109.1387808042
2025-06-07,Sheep,18,Online Sheep Indicator,$/head,3855.0,109.1387808042
2025-06-08,Sheep,18,Online Sheep Indicator,$/head,3855.0,109.1387808042
2025-06-09,Sheep,18,Online Sheep Indicator,$/head,4150.0,110.1240963855
2025-06-10,Sheep,18,Online Sheep Indicator,$/head,2078.0,114.1684311838
2025-06-11,Sheep,18,Online Sheep Indicator,$/head,1193.0,104.6496227997
2025-06-12,Sheep,18,Online Sheep Indicator,$/head,1687.0,124.0266745702
2025-06-13,Sheep,18,Online Sheep Indicator,$/head,1687.0,124.0266745702
2025-06-14,Sheep,18,Online Sheep Indicator,$/head,1687.0,124.0266745702
2025-06-15,Sheep,18,Online Sheep Indicator,$/head,1687.0,124.0266745702
2025-06-16,Sheep,18,Online Sheep Indicator,$/head,1392.0,124.2442528736
2025-06-17,Sheep,18,Online Sheep Indicator,$/head,1950.0,155.9148717949
2025-06-18,Sheep,18,Online Sheep Indicator,$/head,2194.0,161.9298085688
2025-06-19,Sheep,18,Online Sheep Indicator,$/head,1700.0,159.3458823529
2025-06-20,Sheep,18,Online Sheep Indicator,$/head,1700.0,159.3458823529
2025-06-21,Sheep,18,Online Sheep Indicator,$/head,1700.0,159.3458823529
2025-06-22,Sheep,18,Online Sheep Indicator,$/head,1700.0,159.3458823529
2025-06-23,Sheep,18,Online Sheep Indicator,$/head,1700.0,159.3458823529
2025-06-24,Sheep,18,Online Sheep Indicator,$/head,1775.0,138.4107042254
2025-06-25,Sheep,18,Online Sheep Indicator,$/head,1861.0,122.3906501881
2025-06-26,Sheep,18,Online Sheep Indicator,$/head,1861.0,122.3906501881
2025-06-27,Sheep,18,Online Sheep Indicator,$/head,2636.0,115.748861912
2025-06-28,Sheep,18,Online Sheep Indicator,$/head,3171.0,115.2677388836
2025-06-29,Sheep,18,Online Sheep Indicator,$/head,3171.0,115.2677388836
2025-06-30,Sheep,18,Online Sheep Indicator,$/head,3171.0,115.2677388836
2025-07-01,Sheep,18,Online Sheep Indicator,$/head,4273.0,116.8612216242
2025-07-02,Sheep,18,Online Sheep Indicator,$/head,4601.0,124.398608998
2025-07-03,Sheep,18,Online Sheep Indicator,$/head,4601.0,124.398608998
2025-07-04,Sheep,18,Online Sheep Indicator,$/head,3826.0,129.3813382122
2025-07-05,Sheep,18,Online Sheep Indicator,$/head,3291.0,132.0610756609
2025-07-06,Sheep,18,Online Sheep Indicator,$/head,3291.0,132.0610756609
2025-07-07,Sheep,18,Online Sheep Indicator,$/head,3291.0,132.0610756609
2025-07-08,Sheep,18,Online Sheep Indicator,$/head,4003.0,111.6412690482
2025-07-09,Sheep,18,Online Sheep Indicator,$/head,4145.0,111.1121833534
2025-07-10,Sheep,18,Online Sheep Indicator,$/head,4145.0,111.1121833534
2025-07-11,Sheep,18,Online Sheep Indicator,$/head,4145.0,111.1121833534
2025-07-12,Sheep,18,Online Sheep Indicator,$/head,4145.0,111.1121833534
2025-07-13,Sheep,18,Online Sheep Indicator,$/head,4145.0,111.1121833534
2025-07-14,Sheep,18,Online Sheep Indicator,$/head,4145.0,111.1121833534
2025-07-15,Sheep,18,Online Sheep Indicator,$/head,4276.0,178.8353601497
2025-07-16,Sheep,18,Online Sheep Indicator,$/head,3476.0,185.4718066743
2025-07-17,Sheep,18,Online Sheep Indicator,$/head,3476.0,185.4718066743
2025-07-18,Sheep,18,Online Sheep Indicator,$/head,3476.0,185.4718066743
2025-07-19,Sheep,18,Online Sheep Indicator,$/head,3476.0,185.4718066743
2025-07-20,Sheep,18,Online Sheep Indicator,$/head,3476.0,185.4718066743
2025-07-21,Sheep,18,Online Sheep Indicator,$/head,3476.0,185.4718066743
2025-07-22,Sheep,18,Online Sheep Indicator,$/head,1718.0,249.5710128056
2025-07-23,Sheep,18,Online Sheep Indicator,$/head,1718.0,249.5710128056
2025-07-24,Sheep,18,Online Sheep Indicator,$/head,1718.0,249.5710128056
2025-07-25,Sheep,18,Online Sheep Indicator,$/head,1718.0,249.5710128056
2025-07-26,Sheep,18,Online Sheep Indicator,$/head,1718.0,249.5710128056
2025-07-27,Sheep,18,Online Sheep Indicator,$/head,1718.0,249.5710128056
2025-07-28,Sheep,18,Online Sheep Indicator,$/head,1718.0,249.5710128056
2025-07-29,Sheep,18,Online Sheep Indicator,$/head,3337.0,254.3017680551
2025-07-30,Sheep,18,Online Sheep Indicator,$/head,3337.0,254.3017680551
2025-07-31,Sheep,18,Online Sheep Indicator,$/head,3337.0,254.3017680551
2025-08-01,Sheep,18,Online Sheep Indicator,$/head,3337.0,254.3017680551
2025-08-02,Sheep,18,Online Sheep Indicator,$/head,3337.0,254.3017680551
2025-08-03,Sheep,18,Online Sheep Indicator,$/head,3337.0,254.3017680551
2025-08-04,Sheep,18,Online Sheep Indicator,$/head,3337.0,254.3017680551
2025-08-05,Sheep,18,Online Sheep Indicator,$/head,7381.0,214.1090638125
2025-08-06,Sheep,18,Online Sheep Indicator,$/head,8009.0,208.6220501935
2025-08-07,Sheep,18,Online Sheep Indicator,$/head,8009.0,208.6220501935
2025-08-08,Sheep,18,Online Sheep Indicator,$/head,8009.0,208.6220501935
2025-08-09,Sheep,18,Online Sheep Indicator,$/head,8009.0,208.6220501935
2025-08-10,Sheep,18,Online Sheep Indicator,$/head,8009.0,208.6220501935
2025-08-11,Sheep,18,Online Sheep Indicator,$/head,8009.0,208.6220501935
2025-08-12,Sheep,18,Online Sheep Indicator,$/head,5207.0,231.1561359708
2025-08-13,Sheep,18,Online Sheep Indicator,$/head,4579.0,243.0912863071
2025-08-14,Sheep,18,Online Sheep Indicator,$/head,4883.0,236.9836166291
2025-08-15,Sheep,18,Online Sheep Indicator,$/head,4883.0,236.9836166291
2025-08-16,Sheep,18,Online Sheep Indicator,$/head,4883.0,236.9836166291
2025-08-17,Sheep,18,Online Sheep Indicator,$/head,4883.0,236.9836166291
2025-08-18,Sheep,18,Online Sheep Indicator,$/head,5443.0,234.4131912548
2025-08-19,Sheep,18,Online Sheep Indicator,$/head,11360.0,190.7580105634
2025-08-20,Sheep,18,Online Sheep Indicator,$/head,11360.0,190.7580105634
2025-08-21,Sheep,18,Online Sheep Indicator,$/head,11126.0,192.7525615675
2025-08-22,Sheep,18,Online Sheep Indicator,$/head,11126.0,192.7525615675
2025-08-23,Sheep,18,Online Sheep Indicator,$/head,11126.0,192.7525615675
2025-08-24,Sheep,18,Online Sheep Indicator,$/head,11126.0,192.7525615675
2025-08-25,Sheep,18,Online Sheep Indicator,$/head,10566.0,191.7324436873
2025-08-26,Sheep,18,Online Sheep Indicator,$/head,4594.0,244.4610361341
2025-08-27,Sheep,18,Online Sheep Indicator,$/head,5234.0,239.6167367214
2025-08-28,Sheep,18,Online Sheep Indicator,$/head,5164.0,238.6762199845
2025-08-29,Sheep,18,Online Sheep Indicator,$/head,5164.0,238.6762199845
2025-08-30,Sheep,18,Online Sheep Indicator,$/head,5164.0,238.6762199845
2025-08-31,Sheep,18,Online Sheep Indicator,$/head,5164.0,238.6762199845
2025-09-01,Sheep,18,Online Sheep Indicator,$/head,5164.0,238.6762199845
2025-09-02,Sheep,18,Online Sheep Indicator,$/head,3337.0,193.9766257117
2025-09-03,Sheep,18,Online Sheep Indicator,$/head,3267.0,207.9583715947
2025-09-04,Sheep,18,Online Sheep Indicator,$/head,3387.0,210.5107764984
2025-09-05,Sheep,18,Online Sheep Indicator,$/head,3387.0,210.5107764984
2025-09-06,Sheep,18,Online Sheep Indicator,$/head,3387.0,210.5107764984
2025-09-07,Sheep,18,Online Sheep Indicator,$/head,3387.0,210.5107764984
2025-09-08,Sheep,18,Online Sheep Indicator,$/head,3387.0,210.5107764984
2025-09-09,Sheep,18,Online Sheep Indicator,$/head,15940.0,226.5168130489
2025-09-10,Sheep,18,Online Sheep Indicator,$/head,15971.0,223.5217581867
2025-09-11,Sheep,18,Online Sheep Indicator,$/head,16276.0,222.4911526174
2025-09-12,Sheep,18,Online Sheep Indicator,$/head,16414.0,222.7224320702
2025-09-13,Sheep,18,Online Sheep Indicator,$/head,16414.0,222.7224320702
2025-09-14,Sheep,18,Online Sheep Indicator,$/head,16414.0,222.7224320702
2025-09-15,Sheep,18,Online Sheep Indicator,$/head,16414.0,222.7224320702
2025-09-16,Sheep,18,Online Sheep Indicator,$/head,17877.0,262.6187279745
2025-09-17,Sheep,18,Online Sheep Indicator,$/head,17616.0,264.7733310627
2025-09-18,Sheep,18,Online Sheep Indicator,$/head,18081.0,265.1345058349
2025-09-19,Sheep,18,Online Sheep Indicator,$/head,17943.0,265.2509056457
2025-09-20,Sheep,18,Online Sheep Indicator,$/head,17943.0,265.2509056457
2025-09-21,Sheep,18,Online Sheep Indicator,$/head,17943.0,265.2509056457
2025-09-22,Sheep,18,Online Sheep Indicator,$/head,17943.0,265.2509056457
2025-09-23,Sheep,18,Online Sheep Indicator,$/head,16195.0,255.4261191726
2025-09-24,Sheep,18,Online Sheep Indicator,$/head,18276.0,254.942985336
2025-09-25,Sheep,18,Online Sheep Indicator,$/head,17448.0,255.3431911967
2025-09-26,Sheep,18,Online Sheep Indicator,$/head,17448.0,255.3431911967
2025-09-27,Sheep,18,Online Sheep Indicator,$/head,17448.0,255.3431911967
2025-09-28,Sheep,18,Online Sheep Indicator,$/head,17448.0,255.3431911967
2025-09-29,Sheep,18,Online Sheep Indicator,$/head,17672.0,254.5149388864
2025-09-30,Sheep,18,Online Sheep Indicator,$/head,17411.0,241.0513468497
2025-10-01,Sheep,18,Online Sheep Indicator,$/head,16253.0,238.4430566665
2025-10-02,Sheep,18,Online Sheep Indicator,$/head,16686.0,239.3451096728
2025-10-03,Sheep,18,Online Sheep Indicator,$/head,17292.0,239.9256592644
2025-10-04,Sheep,18,Online Sheep Indicator,$/head,17292.0,239.9256592644
2025-10-05,Sheep,18,Online Sheep Indicator,$/head,17292.0,239.9256592644
2025-10-06,Sheep,18,Online Sheep Indicator,$/head,17068.0,240.5808823529
2025-10-07,Sheep,18,Online Sheep Indicator,$/head,16193.0,254.3973630581
2025-10-08,Sheep,18,Online Sheep Indicator,$/head,15995.0,254.9843388559
2025-10-09,Sheep,18,Online Sheep Indicator,$/head,15500.0,254.8152903226
2025-10-10,Sheep,18,Online Sheep Indicator,$/head,14894.0,254.7707130388
2025-10-11,Sheep,18,Online Sheep Indicator,$/head,15711.0,251.1550506015
2025-10-12,Sheep,18,Online Sheep Indicator,$/head,15711.0,251.1550506015
2025-10-13,Sheep,18,Online Sheep Indicator,$/head,15711.0,251.1550506015
2025-10-14,Sheep,18,Online Sheep Indicator,$/head,12767.0,249.2516644474
2025-10-15,Sheep,18,Online Sheep Indicator,$/head,15109.0,238.9711430273
2025-10-16,Sheep,18,Online Sheep Indicator,$/head,16634.0,238.0491162679
2025-10-17,Sheep,18,Online Sheep Indicator,$/head,16634.0,238.0491162679
2025-10-18,Sheep,18,Online Sheep Indicator,$/head,15817.0,240.7768224063
2025-10-19,Sheep,18,Online Sheep Indicator,$/head,15817.0,240.7768224063
2025-10-20,Sheep,18,Online Sheep Indicator,$/head,16438.0,239.4888064241
2025-10-21,Sheep,18,Online Sheep Indicator,$/head,20322.0,220.4114752485
2025-10-22,Sheep,18,Online Sheep Indicator,$/head,20161.0,222.7331481573
2025-10-23,Sheep,18,Online Sheep Indicator,$/head,19506.0,223.3325130729
2025-10-24,Sheep,18,Online Sheep Indicator,$/head,19506.0,223.3325130729
2025-10-25,Sheep,18,Online Sheep Indicator,$/head,19506.0,223.3325130729
2025-10-26,Sheep,18,Online Sheep Indicator,$/head,20126.0,225.7251316705
2025-10-27,Sheep,18,Online Sheep Indicator,$/head,19505.0,226.3314022046
2025-10-28,Sheep,18,Online Sheep Indicator,$/head,15004.0,210.9606105039
2025-10-29,Sheep,18,Online Sheep Indicator,$/head,12511.0,214.6185756534
2025-10-30,Sheep,18,Online Sheep Indicator,$/head,14099.0,211.6067806227
2025-10-31,Sheep,18,Online Sheep Indicator,$/head,14215.0,211.2346113261
2025-11-01,Sheep,18,Online Sheep Indicator,$/head,14345.0,210.9153014988
2025-11-02,Sheep,18,Online Sheep Indicator,$/head,13725.0,206.8459016393
2025-11-03,Sheep,18,Online Sheep Indicator,$/head,13725.0,206.8459016393
2025-11-04,Sheep,18,Online Sheep Indicator,$/head,19680.0,252.4423780488
2025-11-05,Sheep,18,Online Sheep Indicator,$/head,22044.0,247.2795772092
2025-11-06,Sheep,18,Online Sheep Indicator,$/head,22353.0,252.7712611283
2025-11-07,Sheep,18,Online Sheep Indicator,$/head,22362.0,253.1499865844
2025-11-08,Sheep,18,Online Sheep Indicator,$/head,22232.0,253.6011155092
2025-11-09,Sheep,18,Online Sheep Indicator,$/head,22232.0,253.6011155092
2025-11-10,Sheep,18,Online Sheep Indicator,$/head,22232.0,253.6011155092
2025-11-11,Sheep,18,Online Sheep Indicator,$/head,22827.0,232.3027117011
2025-11-12,Sheep,18,Online Sheep Indicator,$/head,21913.0,232.0992561493
2025-11-13,Sheep,18,Online Sheep Indicator,$/head,19724.0,227.8254917867
2025-11-14,Sheep,18,Online Sheep Indicator,$/head,19599.0,227.7478442778
2025-11-15,Sheep,18,Online Sheep Indicator,$/head,19599.0,227.7478442778
2025-11-16,Sheep,18,Online Sheep Indicator,$/head,19599.0,227.7478442778
2025-11-17,Sheep,18,Online Sheep Indicator,$/head,19599.0,227.7478442778
2025-11-18,Sheep,18,Online Sheep Indicator,$/head,18079.0,252.0131644449
2025-11-19,Sheep,18,Online Sheep Indicator,$/head,18520.0,251.0812095032
2025-11-20,Sheep,18,Online Sheep Indicator,$/head,18392.0,252.6627881688
2025-11-21,Sheep,18,Online Sheep Indicator,$/head,18499.0,252.6473863452
2025-11-22,Sheep,18,Online Sheep Indicator,$/head,18699.0,252.9613348307
2025-11-23,Sheep,18,Online Sheep Indicator,$/head,18699.0,252.9613348307
2025-11-24,Sheep,18,Online Sheep Indicator,$/head,19029.0,253.048715119
2025-11-25,Sheep,18,Online Sheep Indicator,$/head,21386.0,265.5123445245
2025-11-26,Sheep,18,Online Sheep Indicator,$/head,19941.0,270.2631763703
2025-11-27,Sheep,18,Online Sheep Indicator,$/head,20366.0,271.9718157714
2025-11-28,Sheep,18,Online Sheep Indicator,$/head,20259.0,272.0878621847
2025-11-29,Sheep,18,Online Sheep Indicator,$/head,20059.0,271.9890323546
2025-11-30,Sheep,18,Online Sheep Indicator,$/head,20469.0,272.7904636279
2025-12-01,Sheep,18,Online Sheep Indicator,$/head,20139.0,273.0328218879
2025-12-02,Sheep,18,Online Sheep Indicator,$/head,16104.0,241.4710630899
2025-12-03,Sheep,18,Online Sheep Indicator,$/head,16190.0,242.1426189006
2025-12-04,Sheep,18,Online Sheep Indicator,$/head,18590.0,255.2160301237
2025-12-05,Sheep,18,Online Sheep Indicator,$/head,18800.0,255.0013829787
2025-12-06,Sheep,18,Online Sheep Indicator,$/head,18800.0,255.0013829787
2025-12-07,Sheep,18,Online Sheep Indicator,$/head,18390.0,253.7306144644
2025-12-08,Sheep,18,Online Sheep Indicator,$/head,18390.0,253.7306144644
2025-12-09,Sheep,18,Online Sheep Indicator,$/head,12232.0,274.4940320471
2025-12-10,Sheep,18,Online Sheep Indicator,$/head,13035.0,276.4619102417
2025-12-11,Sheep,18,Online Sheep Indicator,$/head,10316.0,258.09654905
2025-12-12,Sheep,18,Online Sheep Indicator,$/head,10336.0,256.5851393189
2025-12-13,Sheep,18,Online Sheep Indicator,$/head,10336.0,256.5851393189
2025-12-14,Sheep,18,Online Sheep Indicator,$/head,10336.0,256.5851393189
2025-12-15,Sheep,18,Online Sheep Indicator,$/head,10450.0,257.0042105263
2025-12-16,Sheep,18,Online Sheep Indicator,$/head,12911.0,260.2140035629
2025-12-17,Sheep,18,Online Sheep Indicator,$/head,11743.0,258.7484458827
2025-12-18,Sheep,18,Online Sheep Indicator,$/head,12180.0,258.0626436782
2025-12-19,Sheep,18,Online Sheep Indicator,$/head,12480.0,254.9088942308
2025-12-20,Sheep,18,Online Sheep Indicator,$/head,12480.0,254.9088942308
2025-12-21,Sheep,18,Online Sheep Indicator,$/head,12480.0,254.9088942308
2025-12-22,Sheep,18,Online Sheep Indicator,$/head,12366.0,254.53930131
2025-12-23,Sheep,18,Online Sheep Indicator,$/head,2443.0,233.6635284486
2025-12-24,Sheep,18,Online Sheep Indicator,$/head,1523.0,217.7019041366
2025-12-25,Sheep,18,Online Sheep Indicator,$/head,530.0,145.5849056604
