result_date,category_desc,state_id,saleyard_id,tranx_type_id,head_count
2025-05-20,Cattle,VIC,SHE,Prime,2400.0
2025-07-22,Cattle,VIC,SHE,Prime,1300.0
2025-09-09,Cattle,VIC,SHE,Prime,1500.0
2025-09-23,Cattle,VIC,SHE,Prime,1309.0
2025-10-13,Cattle,VIC,MTL,Prime,1627.0
2025-10-21,Cattle,VIC,SHE,Prime,1700.0
2025-10-28,Cattle,VIC,SHE,Prime,1700.0
2026-01-27,Cattle,VIC,SHE,Prime,1400.0
2026-02-23,Cattle,VIC,MTL,Prime,1687.0
2026-03-02,Cattle,VIC,MTL,Prime,2250.0
2026-03-03,Cattle,VIC,SHE,Prime,1400.0
2026-03-27,Cattle,NSW,TAM,Store,8480.0
2025-04-08,Cattle,VIC,WOD,Prime,2200.0
2025-04-22,Cattle,VIC,LEO,Prime,1030.0
2025-06-02,Cattle,NSW,TAM,Prime,1914.0
2025-06-03,Cattle,VIC,WOD,Prime,1960.0
2025-07-14,Cattle,NSW,TAM,Prime,3000.0
2025-07-31,Cattle,NSW,YAS,Prime,300.0
2025-08-18,Cattle,NSW,TAM,Prime,2921.0
2025-09-01,Cattle,NSW,TAM,Prime,2177.0
2025-09-25,Cattle,NSW,YAS,Prime,254.0
2025-09-30,Cattle,VIC,LEO,Prime,1776.0
2025-10-07,Cattle,VIC,WOD,Prime,1080.0
2025-10-14,Cattle,VIC,WOD,Prime,1200.0
2026-01-08,Cattle,VIC,WOD,Store,2969.0
2026-02-03,Cattle,VIC,WOD,Prime,1800.0
2026-03-23,Cattle,NSW,FOR,Prime,1547.0
2026-04-21,Cattle,NSW,GUN,Prime,7800.0
2025-06-12,Cattle,QLD,BLA,Prime,3000.0
2025-06-19,Cattle,NSW,DUB,Prime,3820.0
2025-06-25,Cattle,VIC,ECH,Prime,1238.0
2025-07-02,Cattle,VIC,ECH,Prime,950.0
2025-07-16,Cattle,SA,MOU,Prime,510.0
2025-07-24,Cattle,NSW,DUB,Prime,4375.0
2025-08-14,Cattle,NSW,DUB,Prime,7330.0
2025-08-20,Cattle,VIC,ECH,Prime,1173.0
2025-09-10,Cattle,VIC,ECH,Prime,1760.0
2025-10-20,Cattle,NSW,WAG,Prime,4892.0
2025-11-10,Cattle,NSW,WAG,Prime,5000.0
2025-11-19,Cattle,VIC,ECH,Prime,1316.0
2025-12-10,Cattle,VIC,ECH,Prime,1991.0
2026-01-05,Cattle,NSW,WAG,Prime,1955.0
2026-02-12,Cattle,WA,MTB,Prime,1068.0
2026-03-09,Cattle,NSW,WAG,Prime,3560.0
2025-05-12,Cattle,NSW,WAG,Prime,8610.0
2025-05-27,Cattle,NSW,SCO,Prime,466.0
2025-07-08,Cattle,NSW,SCO,Prime,689.0
2025-07-22,Cattle,NSW,CTL,Prime,872.0
2025-07-28,Cattle,WA,MUC,Prime,1104.0
2025-08-25,Cattle,WA,MUC,Prime,851.0
2025-09-02,Cattle,NSW,CTL,Prime,745.0
2025-09-08,Cattle,WA,MUC,Prime,1381.0
2025-04-28,Cattle,NSW,WAG,Prime,6550.0
2025-05-27,Cattle,QLD,WAR,Prime,1113.0
2025-06-03,Cattle,NSW,CTL,Prime,2224.0
2025-06-24,Cattle,QLD,WAR,Prime,1189.0
2025-07-01,Cattle,NSW,SCO,Prime,1252.0
2025-07-01,Cattle,NSW,CTL,Prime,1700.0
2025-07-07,Cattle,WA,MUC,Prime,621.0
2025-07-29,Cattle,QLD,WAR,Prime,391.0
2025-08-26,Cattle,NSW,CTL,Prime,667.0
2025-09-02,Cattle,NSW,SCO,Prime,1353.0
2025-10-07,Cattle,NSW,CTL,Prime,1118.0
2025-10-07,Cattle,NSW,SCO,Prime,970.0
2025-10-27,Cattle,WA,MUC,Prime,1632.0
2025-11-19,Cattle,QLD,DAL,Prime,7278.0
2026-01-20,Cattle,NSW,SCO,Prime,996.0
2026-02-03,Cattle,NSW,CTL,Prime,3650.0
2025-04-10,Cattle,NSW,ARM,Prime,1462.0
2025-04-29,Cattle,SA,ADP,Prime,180.0
2025-05-13,Cattle,SA,ADP,Prime,273.0
2025-06-11,Cattle,VIC,BAR,Prime,335.0
2025-06-24,Cattle,TAS,POW,Prime,172.0
2025-04-15,Cattle,SA,NAR,Prime,613.0
2025-06-04,Cattle,QLD,GME,Prime,4450.0
2025-04-30,Cattle,QLD,GME,Prime,3132.0
2025-07-15,Cattle,VIC,SHE,Prime,1500.0
2025-07-29,Cattle,SA,NAR,Prime,334.0
2025-09-05,Cattle,NSW,TAM,Store,4352.0
2025-11-10,Cattle,VIC,MTL,Prime,1907.0
2025-12-02,Cattle,VIC,SHE,Prime,2105.0
2026-03-13,Cattle,NSW,TAM,Store,8200.0
2026-04-07,Cattle,VIC,SHE,Prime,953.0
2025-07-08,Cattle,VIC,LEO,Prime,1951.0
2025-07-29,Cattle,VIC,LEO,Prime,2178.0
2025-08-05,Cattle,VIC,WOD,Prime,502.0
2025-08-11,Cattle,NSW,TAM,Prime,3625.0
2025-09-16,Cattle,VIC,WOD,Prime,830.0
2026-01-09,Cattle,VIC,WOD,Store,2400.0
2026-03-31,Cattle,NSW,GUN,Prime,6400.0
2026-04-17,Cattle,NSW,DUB,Store,1120.0
2025-04-29,Cattle,VIC,WOD,Prime,1800.0
2025-07-01,Cattle,NSW,INV,Prime,1128.0
2025-07-28,Cattle,NSW,FOR,Prime,1013.0
2025-09-12,Cattle,NSW,CTL,Store,2640.0
2025-09-17,Cattle,NSW,MOS,Prime,1470.0
2025-10-07,Cattle,NSW,INV,Prime,1316.0
2025-10-22,Cattle,SA,MOU,Prime,559.0
2025-11-14,Cattle,NSW,CTL,Store,3054.0
2025-11-04,Cattle,VIC,WOD,Prime,928.0
2026-02-06,Cattle,NSW,DUB,Store,515.0
2026-03-31,Cattle,VIC,WOD,Prime,530.0
2025-04-02,Cattle,VIC,ECH,Prime,1425.0
2025-04-29,Cattle,NSW,CTL,Prime,4774.0
2025-09-01,Cattle,WA,MUC,Prime,867.0
2025-09-30,Cattle,QLD,WAR,Prime,1252.0
2025-11-11,Cattle,NSW,CTL,Prime,1960.0
2026-02-10,Cattle,NSW,CTL,Prime,2979.0
2025-05-14,Cattle,QLD,GME,Prime,2787.0
2025-07-01,Cattle,SA,NAR,Prime,383.0
2025-07-08,Cattle,VIC,SHE,Prime,1800.0
2025-08-19,Cattle,SA,NAR,Prime,656.0
2025-09-02,Cattle,VIC,SHE,Prime,1300.0
2025-04-16,Cattle,QLD,CHT,Prime,752.0
2025-04-23,Cattle,VIC,BAL,Prime,248.0
2025-04-30,Cattle,QLD,CHT,Prime,2918.0
2025-05-20,Cattle,TAS,POW,Prime,197.0
2025-05-28,Cattle,NSW,SIN,Prime,628.0
2025-06-10,Cattle,SA,ADP,Prime,130.0
2025-07-02,Cattle,VIC,BAR,Prime,329.0
2025-07-22,Cattle,TAS,POW,Prime,70.0
2025-07-28,Cattle,VIC,MTL,Prime,1614.0
2025-08-05,Cattle,TAS,POW,Prime,132.0
2025-08-06,Cattle,SA,MCO,Prime,483.0
2025-05-08,Cattle,VIC,LEO,Store,4633.0
2025-05-21,Cattle,QLD,DAL,Prime,3970.0
2025-06-25,Cattle,QLD,DAL,Prime,5326.0
2025-07-02,Cattle,QLD,DAL,Prime,4638.0
2025-07-16,Cattle,QLD,DAL,Prime,6518.0
2025-10-09,Cattle,VIC,LEO,Store,3786.0
2025-10-16,Cattle,VIC,LEO,Store,3171.0
2025-10-23,Cattle,VIC,LEO,Store,2740.0
2026-03-05,Cattle,VIC,LEO,Store,1987.0
2025-04-08,Cattle,NSW,GUN,Prime,1770.0
2025-04-09,Cattle,NSW,MOS,Prime,2410.0
2025-06-03,Cattle,NSW,GUN,Prime,1700.0
2025-08-05,Cattle,NSW,INV,Prime,1064.0
2025-08-06,Cattle,SA,MOU,Prime,674.0
2025-08-19,Cattle,NSW,GUN,Prime,4350.0
2025-08-20,Cattle,NSW,MOS,Prime,1620.0
2025-08-27,Cattle,NSW,MOS,Prime,1186.0
2025-09-23,Cattle,NSW,INV,Prime,1355.0
2025-10-07,Cattle,NSW,GUN,Prime,3815.0
2025-10-08,Cattle,NSW,MOS,Prime,1587.0
2025-10-10,Cattle,NSW,CTL,Store,4063.0
2025-10-21,Cattle,NSW,INV,Prime,1410.0
2025-11-04,Cattle,NSW,INV,Prime,1256.0
2025-11-17,Cattle,NSW,FOR,Prime,1978.0
2026-01-07,Cattle,SA,MOU,Prime,1610.0
2026-01-15,Cattle,NSW,DUB,Prime,8040.0
2026-01-27,Cattle,NSW,INV,Prime,1920.0
2026-03-18,Cattle,SA,MOU,Prime,909.0
2026-03-31,Cattle,NSW,INV,Prime,4201.0
2026-04-21,Cattle,NSW,INV,Prime,4180.0
2025-05-01,Cattle,QLD,BLA,Prime,6000.0
2025-06-05,Cattle,NSW,DUB,Prime,3145.0
2025-07-17,Cattle,NSW,DUB,Prime,4790.0
2025-07-17,Cattle,WA,MTB,Prime,740.0
2025-08-13,Cattle,VIC,ECH,Prime,1195.0
2025-10-01,Cattle,VIC,ECH,Prime,1781.0
2025-10-13,Cattle,NSW,WAG,Prime,5900.0
2025-12-05,Cattle,WA,MTB,Prime,651.0
2026-02-16,Cattle,NSW,WAG,Prime,6580.0
2026-02-23,Cattle,NSW,WAG,Prime,5000.0
2026-03-02,Cattle,NSW,WAG,Prime,5175.0
2025-05-20,Cattle,VIC,WOD,Prime,1838.0
2025-05-27,Cattle,VIC,LEO,Prime,3100.0
2025-10-17,Cattle,NSW,TAM,Store,2389.0
2025-10-28,Cattle,SA,NAR,Prime,949.0
2025-11-11,Cattle,VIC,SHE,Prime,1420.0
2026-01-13,Cattle,VIC,SHE,Prime,1442.0
2025-05-22,Cattle,NSW,DUB,Prime,2810.0
2025-06-12,Cattle,WA,MTB,Prime,991.0
2025-06-23,Cattle,NSW,WAG,Prime,3900.0
2025-07-28,Cattle,NSW,WAG,Prime,1590.0
2025-09-08,Cattle,NSW,WAG,Prime,2555.0
2025-10-22,Cattle,VIC,ECH,Prime,1100.0
2025-12-01,Cattle,NSW,WAG,Prime,6510.0
2025-12-18,Cattle,WA,MTB,Prime,883.0
2026-01-29,Cattle,WA,MTB,Prime,1160.0
2026-02-11,Cattle,VIC,ECH,Prime,1726.0
2026-02-20,Cattle,WA,MTB,Prime,379.0
2026-02-25,Cattle,VIC,ECH,Prime,969.0
2026-04-15,Cattle,VIC,ECH,Prime,921.0
2025-06-11,Cattle,QLD,DAL,Prime,5392.0
2025-10-30,Cattle,VIC,LEO,Store,2650.0
2025-12-03,Cattle,QLD,GME,Prime,4746.0
2026-01-22,Cattle,VIC,MTL,Store,2667.0
2026-03-04,Cattle,QLD,GME,Prime,3115.0
2025-05-01,Cattle,NSW,DUB,Prime,4440.0
2025-06-11,Cattle,SA,MOU,Prime,573.0
2025-07-21,Cattle,NSW,WAG,Prime,3055.0
2025-08-14,Cattle,QLD,BLA,Prime,2900.0
2025-09-04,Cattle,QLD,BLA,Prime,1500.0
2025-09-15,Cattle,NSW,WAG,Prime,2100.0
2025-11-17,Cattle,NSW,WAG,Prime,5100.0
2025-11-27,Cattle,WA,MTB,Prime,1613.0
2026-01-07,Cattle,VIC,ECH,Prime,646.0
2026-03-18,Cattle,VIC,ECH,Prime,1030.0
2026-04-07,Cattle,NSW,CTL,Prime,1523.0
2025-07-25,Cattle,VIC,BAR,Store,708.0
2025-07-31,Cattle,NSW,ARM,Prime,811.0
2025-08-11,Cattle,VIC,MTL,Prime,1145.0
2025-08-19,Cattle,TAS,POW,Prime,110.0
2025-09-03,Cattle,NSW,SIN,Prime,994.0
2025-09-09,Cattle,SA,ADP,Prime,100.0
2025-09-15,Cattle,NSW,TAM,Prime,2788.0
2025-09-24,Cattle,NSW,CAS,Prime,1381.0
2025-10-20,Cattle,NSW,TAM,Prime,2202.0
2025-11-13,Cattle,NSW,YAS,Prime,951.0
2025-11-19,Cattle,VIC,BAL,Prime,510.0
2025-12-17,Cattle,VIC,BAR,Prime,189.0
2025-12-17,Cattle,NSW,SIN,Prime,264.0
2025-12-17,Cattle,VIC,BAL,Prime,405.0
2026-02-04,Cattle,NSW,CAS,Prime,1610.0
2026-02-12,Cattle,NSW,YAS,Prime,1125.0
2026-02-13,Cattle,VIC,BAR,Store,2432.0
2026-02-25,Cattle,VIC,BAR,Prime,309.0
2026-03-02,Cattle,NSW,TAM,Prime,4690.0
2026-03-19,Cattle,TAS,POW,Store,2707.0
2026-04-07,Cattle,VIC,LEO,Prime,1357.0
2026-04-08,Cattle,SA,MCO,Prime,716.0
2026-04-09,Cattle,NSW,ARM,Prime,3657.0
2026-04-16,Cattle,TAS,POW,Store,3431.0
2026-02-10,Cattle,VIC,SHE,Prime,1400.0
2025-04-15,Cattle,NSW,SCO,Prime,689.0
2025-05-13,Cattle,NSW,CTL,Prime,3255.0
2025-07-15,Cattle,NSW,SCO,Prime,816.0
2025-08-04,Cattle,WA,MUC,Prime,548.0
2025-08-12,Cattle,NSW,CTL,Prime,874.0
2025-10-14,Cattle,QLD,WAR,Prime,1188.0
2025-10-20,Cattle,WA,MUC,Prime,1406.0
2025-11-12,Cattle,QLD,DAL,Prime,5380.0
2025-12-16,Cattle,NSW,CTL,Prime,1124.0
2026-01-05,Cattle,WA,MUC,Prime,909.0
2026-01-13,Cattle,NSW,CTL,Prime,3419.0
2026-03-09,Cattle,WA,MUC,Prime,926.0
2026-03-10,Cattle,NSW,SCO,Prime,2324.0
2026-04-21,Cattle,QLD,WAR,Prime,2457.0
2025-05-06,Cattle,QLD,ROM,Prime,6363.0
2025-07-03,Cattle,VIC,MTL,Store,2000.0
2025-07-17,Cattle,VIC,MTL,Store,4260.0
2025-10-29,Cattle,QLD,GME,Prime,1316.0
2025-11-25,Cattle,QLD,ROM,Prime,9556.0
2025-12-16,Cattle,QLD,ROM,Prime,5748.0
2026-01-13,Cattle,QLD,ROM,Prime,4644.0
2026-01-15,Cattle,VIC,MTL,Store,6500.0
2026-01-28,Cattle,QLD,GME,Prime,3354.0
2025-11-24,Cattle,VIC,MTL,Prime,1666.0
2026-02-24,Cattle,SA,NAR,Prime,723.0
2026-03-17,Cattle,VIC,SHE,Prime,1459.0
2026-03-24,Cattle,SA,NAR,Prime,570.0
2026-04-13,Cattle,VIC,MTL,Prime,2442.0
2025-05-15,Cattle,QLD,BLA,Prime,1600.0
2025-06-25,Cattle,SA,MOU,Prime,455.0
2025-08-04,Cattle,NSW,WAG,Prime,3079.0
2025-11-06,Cattle,WA,MTB,Prime,1165.0
2026-03-26,Cattle,WA,MTB,Prime,1189.0
2025-06-24,Cattle,QLD,ROM,Prime,8675.0
2025-07-23,Cattle,QLD,GME,Prime,2515.0
2025-09-10,Cattle,QLD,GME,Prime,3262.0
2025-09-30,Cattle,QLD,ROM,Prime,9028.0
2026-02-18,Cattle,QLD,GME,Prime,2396.0
2025-06-04,Cattle,VIC,BAR,Prime,292.0
2025-08-04,Cattle,VIC,MTL,Prime,1352.0
2025-08-06,Cattle,NSW,CAS,Prime,1520.0
2025-10-21,Cattle,NSW,CTL,Prime,1640.0
2025-11-05,Cattle,QLD,DAL,Prime,4589.0
2025-12-10,Cattle,QLD,DAL,Prime,7146.0
2025-12-16,Cattle,QLD,WAR,Prime,519.0
2026-01-20,Cattle,NSW,CTL,Prime,3552.0
2026-01-27,Cattle,WA,MUC,Prime,1162.0
2026-03-03,Cattle,WA,MUC,Prime,381.0
2026-03-17,Cattle,NSW,SCO,Prime,2945.0
2026-04-14,Cattle,QLD,WAR,Prime,2659.0
2026-02-19,Cattle,NSW,DUB,Prime,6530.0
2026-02-27,Cattle,NSW,YAS,Store,306.0
2026-03-03,Cattle,NSW,INV,Prime,3650.0
2026-04-08,Cattle,SA,MOU,Prime,544.0
2026-01-06,Cattle,NSW,GUN,Prime,720.0
2026-03-24,Cattle,NSW,GUN,Prime,5850.0
2026-04-07,Cattle,NSW,GUN,Prime,3400.0
2025-04-03,Cattle,NSW,YAS,Prime,1850.0
2025-07-15,Cattle,VIC,WOD,Prime,550.0
2025-12-05,Cattle,NSW,DUB,Store,1115.0
2026-03-10,Cattle,VIC,WOD,Prime,800.0
2026-04-07,Cattle,VIC,WOD,Prime,350.0
2025-04-07,Cattle,NSW,WAG,Prime,7155.0
2025-05-08,Cattle,WA,MTB,Prime,1220.0
2025-06-16,Cattle,WA,MUC,Prime,895.0
2025-06-17,Cattle,NSW,SCO,Prime,966.0
2025-07-14,Cattle,WA,MUC,Prime,454.0
2025-08-11,Cattle,WA,MUC,Prime,675.0
2025-09-30,Cattle,WA,MUC,Prime,1000.0
2025-12-01,Cattle,WA,MUC,Prime,2927.0
2026-01-13,Cattle,QLD,WAR,Prime,1202.0
2026-02-10,Cattle,QLD,WAR,Prime,1958.0
2026-02-17,Cattle,QLD,WAR,Prime,1108.0
2026-03-30,Cattle,WA,MUC,Prime,633.0
2025-04-02,Cattle,VIC,BAR,Prime,178.0
2025-04-09,Cattle,NSW,SIN,Prime,932.0
2025-04-09,Cattle,SA,MCO,Prime,1203.0
2025-05-07,Cattle,QLD,CHT,Prime,3860.0
2025-05-19,Cattle,VIC,MTL,Prime,3173.0
2025-05-26,Cattle,VIC,MTL,Prime,3027.0
2025-06-03,Cattle,SA,ADP,Prime,211.0
2025-06-11,Cattle,SA,MCO,Prime,508.0
2025-06-18,Cattle,VIC,BAL,Prime,636.0
2025-06-27,Cattle,VIC,BAR,Store,1199.0
2025-07-09,Cattle,NSW,SIN,Prime,816.0
2025-07-23,Cattle,QLD,CHT,Prime,3063.0
2025-07-30,Cattle,VIC,BAL,Prime,350.0
2025-08-13,Cattle,NSW,CAS,Prime,1188.0
2025-08-20,Cattle,NSW,SIN,Prime,867.0
2025-08-27,Cattle,VIC,BAL,Prime,571.0
2025-09-01,Cattle,VIC,MTL,Prime,1155.0
2025-09-08,Cattle,VIC,MTL,Prime,1335.0
2025-09-15,Cattle,VIC,MTL,Prime,1330.0
2025-09-16,Cattle,TAS,POW,Prime,116.0
2025-09-23,Cattle,TAS,POW,Prime,95.0
2025-10-01,Cattle,NSW,CAS,Prime,1095.0
2025-10-08,Cattle,NSW,SIN,Prime,834.0
2025-10-08,Cattle,VIC,BAL,Prime,267.0
2025-10-21,Cattle,VIC,LEO,Prime,1771.0
2025-10-22,Cattle,QLD,CHT,Prime,2850.0
2025-11-05,Cattle,VIC,BAL,Prime,230.0
2025-11-10,Cattle,NSW,TAM,Prime,3480.0
2025-11-19,Cattle,NSW,CAS,Prime,1655.0
2025-11-27,Cattle,NSW,YAS,Prime,959.0
2026-01-15,Cattle,TAS,POW,Store,1260.0
2026-02-03,Cattle,SA,ADP,Prime,267.0
2026-03-11,Cattle,VIC,BAR,Prime,331.0
2026-03-12,Cattle,NSW,ARM,Prime,2775.0
2026-03-17,Cattle,VIC,LEO,Prime,2346.0
2026-03-25,Cattle,QLD,CHT,Prime,2448.0
2025-05-27,Cattle,SA,NAR,Prime,1034.0
2025-06-10,Cattle,VIC,SHE,Prime,2345.0
2025-06-11,Cattle,QLD,GME,Prime,2881.0
2025-07-08,Cattle,SA,NAR,Prime,483.0
2025-09-19,Cattle,NSW,TAM,Store,2854.0
2026-01-16,Cattle,NSW,TAM,Store,2668.0
2026-03-03,Cattle,VIC,ONB,Store,3033.0
2026-03-10,Cattle,VIC,SHE,Prime,1580.0
2026-04-14,Cattle,TAS,POW,Prime,203.0
2025-05-26,Cattle,NSW,FOR,Prime,1041.0
2025-06-03,Cattle,NSW,INV,Prime,1115.0
2025-06-13,Cattle,NSW,CTL,Store,4720.0
2025-08-19,Cattle,NSW,INV,Prime,1868.0
2025-09-08,Cattle,NSW,FOR,Prime,1340.0
2025-09-09,Cattle,NSW,GUN,Prime,4000.0
2025-09-16,Cattle,NSW,INV,Prime,1530.0
2025-10-01,Cattle,NSW,MOS,Prime,1846.0
2025-10-16,Cattle,NSW,DUB,Prime,6845.0
2025-10-30,Cattle,QLD,BLA,Prime,4200.0
2025-11-03,Cattle,NSW,FOR,Prime,2117.0
2025-11-12,Cattle,SA,MOU,Prime,874.0
2025-11-19,Cattle,NSW,MOS,Prime,2177.0
2025-12-17,Cattle,NSW,MOS,Prime,1052.0
2026-02-02,Cattle,NSW,FOR,Prime,3338.0
2026-02-03,Cattle,NSW,INV,Prime,2115.0
2026-02-16,Cattle,NSW,FOR,Prime,2282.0
2026-03-25,Cattle,SA,MOU,Prime,426.0
2026-03-26,Cattle,NSW,DUB,Prime,6390.0
2026-04-07,Cattle,NSW,INV,Prime,3140.0
2026-04-22,Cattle,SA,MOU,Prime,361.0
2025-07-04,Cattle,NSW,DUB,Store,1600.0
2025-09-09,Cattle,VIC,WOD,Prime,653.0
2025-09-23,Cattle,VIC,WOD,Prime,1200.0
2025-10-23,Cattle,NSW,YAS,Prime,427.0
2025-10-28,Cattle,VIC,WOD,Prime,1295.0
2026-01-27,Cattle,VIC,WOD,Prime,1400.0
2026-03-03,Cattle,VIC,WOD,Prime,845.0
2026-03-10,Cattle,NSW,GUN,Prime,6100.0
2026-02-10,Cattle,QLD,ROM,Prime,8475.0
2025-04-10,Cattle,VIC,LEO,Store,2770.0
2025-04-22,Cattle,QLD,WAR,Prime,694.0
2025-05-13,Cattle,QLD,WAR,Prime,1361.0
2025-05-29,Cattle,VIC,LEO,Store,3448.0
2025-06-12,Cattle,VIC,LEO,Store,4500.0
2025-08-07,Cattle,VIC,LEO,Store,3324.0
2025-08-20,Cattle,QLD,DAL,Prime,6049.0
2025-08-27,Cattle,QLD,DAL,Prime,6302.0
2025-09-10,Cattle,QLD,DAL,Prime,6488.0
2025-09-11,Cattle,VIC,LEO,Store,3804.0
2026-02-05,Cattle,VIC,LEO,Store,3069.0
2025-05-13,Cattle,SA,NAR,Prime,1127.0
2025-05-21,Cattle,QLD,GME,Prime,2192.0
2025-06-03,Cattle,VIC,SHE,Prime,2504.0
2025-06-25,Cattle,QLD,GME,Prime,2712.0
2025-07-02,Cattle,QLD,GME,Prime,923.0
2025-08-12,Cattle,SA,NAR,Prime,661.0
2025-09-16,Cattle,SA,NAR,Prime,943.0
2025-10-07,Cattle,VIC,SHE,Prime,1670.0
2025-12-09,Cattle,SA,NAR,Prime,1544.0
2025-12-16,Cattle,SA,NAR,Prime,957.0
2026-04-14,Cattle,SA,NAR,Prime,880.0
2025-05-06,Cattle,VIC,SHE,Prime,2600.0
2025-06-17,Cattle,VIC,SHE,Prime,2037.0
2025-06-24,Cattle,SA,NAR,Prime,530.0
2025-09-30,Cattle,SA,NAR,Prime,1023.0
2025-10-03,Cattle,NSW,TAM,Store,1690.0
2025-11-04,Cattle,VIC,SHE,Prime,1000.0
2025-11-25,Cattle,VIC,SHE,Prime,2272.0
2025-12-12,Cattle,NSW,TAM,Store,3102.0
2026-01-05,Cattle,VIC,MTL,Prime,1400.0
2025-04-01,Cattle,TAS,POW,Prime,179.0
2025-04-29,Cattle,TAS,POW,Prime,209.0
2025-05-08,Cattle,NSW,ARM,Prime,1152.0
2025-05-23,Cattle,VIC,BAR,Store,1771.0
2025-05-26,Cattle,TAS,POW,Prime,192.0
2025-06-18,Cattle,SA,MCO,Prime,475.0
2025-06-25,Cattle,NSW,SIN,Prime,1100.0
2025-07-16,Cattle,VIC,BAL,Prime,525.0
2025-07-23,Cattle,VIC,BAR,Prime,397.0
2025-07-29,Cattle,TAS,POW,Prime,117.0
2025-07-30,Cattle,SA,MCO,Prime,449.0
2025-08-12,Cattle,TAS,POW,Prime,74.0
2025-08-20,Cattle,SA,MCO,Prime,400.0
2025-08-27,Cattle,SA,MCO,Prime,368.0
2025-08-28,Cattle,NSW,ARM,Prime,775.0
2025-09-11,Cattle,NSW,ARM,Prime,998.0
2025-10-08,Cattle,SA,MCO,Prime,550.0
2025-10-09,Cattle,NSW,ARM,Prime,1395.0
2025-10-10,Cattle,VIC,BAR,Store,2780.0
2025-10-15,Cattle,NSW,CAS,Prime,1242.0
2025-11-05,Cattle,SA,MCO,Prime,755.0
2025-11-18,Cattle,SA,ADP,Prime,225.0
2025-11-20,Cattle,NSW,YAS,Prime,903.0
2025-12-02,Cattle,SA,ADP,Prime,400.0
2025-12-10,Cattle,NSW,SIN,Prime,1239.0
2025-12-11,Cattle,NSW,YAS,Prime,1051.0
2026-01-22,Cattle,NSW,ARM,Prime,1390.0
2026-01-27,Cattle,VIC,LEO,Prime,1721.0
2026-02-11,Cattle,VIC,BAL,Prime,750.0
2026-02-13,Cattle,VIC,BAL,Store,3288.0
2026-02-17,Cattle,TAS,POW,Prime,113.0
2026-02-25,Cattle,VIC,BAL,Prime,469.0
2026-03-03,Cattle,VIC,LEO,Prime,1736.0
2026-03-16,Cattle,NSW,TAM,Prime,7109.0
2026-03-18,Cattle,NSW,CAS,Prime,2373.0
2026-03-26,Cattle,NSW,ARM,Prime,4219.0
2026-04-10,Cattle,VIC,BAR,Store,1147.0
2026-04-22,Cattle,QLD,CHT,Prime,2471.0
2026-04-22,Cattle,VIC,BAR,Prime,326.0
2025-05-22,Cattle,VIC,LEO,Store,2984.0
2025-06-18,Cattle,QLD,DAL,Prime,5565.0
2025-09-18,Cattle,VIC,LEO,Store,4300.0
2025-04-15,Cattle,TAS,POW,Prime,128.0
2025-05-09,Cattle,VIC,BAR,Store,2531.0
2025-05-13,Cattle,TAS,POW,Prime,122.0
2025-05-14,Cattle,NSW,CAS,Prime,980.0
2025-05-21,Cattle,VIC,BAL,Prime,1000.0
2025-05-22,Cattle,NSW,ARM,Prime,930.0
2025-05-28,Cattle,QLD,CHT,Prime,3380.0
2025-06-18,Cattle,NSW,SIN,Prime,1398.0
2025-07-02,Cattle,NSW,SIN,Prime,742.0
2025-07-02,Cattle,VIC,BAL,Prime,456.0
2025-08-27,Cattle,NSW,SIN,Prime,793.0
2025-09-09,Cattle,TAS,POW,Prime,92.0
2025-04-10,Cattle,NSW,DUB,Prime,3840.0
2025-05-29,Cattle,QLD,BLA,Prime,3500.0
2025-06-02,Cattle,NSW,WAG,Prime,5755.0
2025-06-16,Cattle,NSW,WAG,Prime,5085.0
2025-07-14,Cattle,NSW,WAG,Prime,2870.0
2025-04-08,Cattle,SA,NAR,Prime,921.0
2026-04-15,Cattle,VIC,BAR,Prime,346.0
2026-04-15,Cattle,NSW,CAS,Prime,2100.0
2026-04-23,Cattle,NSW,ARM,Prime,3790.0
2026-04-23,Cattle,TAS,POW,Store,2053.0
2026-04-24,Cattle,VIC,BAR,Store,3000.0
2025-04-09,Cattle,VIC,ECH,Prime,1402.0
2025-06-24,Cattle,NSW,SCO,Prime,992.0
2025-06-24,Cattle,NSW,CTL,Prime,2561.0
2025-06-30,Cattle,WA,MUC,Prime,442.0
2025-07-15,Cattle,QLD,WAR,Prime,989.0
2025-07-29,Cattle,NSW,SCO,Prime,938.0
2025-08-05,Cattle,NSW,SCO,Prime,459.0
2025-08-18,Cattle,WA,MUC,Prime,1732.0
2025-09-09,Cattle,QLD,WAR,Prime,1597.0
2025-09-16,Cattle,NSW,SCO,Prime,1028.0
2025-09-30,Cattle,NSW,CTL,Prime,785.0
2025-10-14,Cattle,NSW,SCO,Prime,1557.0
2025-10-28,Cattle,QLD,WAR,Prime,911.0
2025-11-18,Cattle,NSW,SCO,Prime,1613.0
2025-12-03,Cattle,QLD,DAL,Prime,7767.0
2026-01-27,Cattle,NSW,SCO,Prime,856.0
2026-02-03,Cattle,NSW,SCO,Prime,939.0
2026-02-17,Cattle,NSW,SCO,Prime,1899.0
2026-03-10,Cattle,QLD,WAR,Prime,1721.0
2025-04-02,Cattle,SA,MOU,Prime,786.0
2025-05-15,Cattle,NSW,DUB,Prime,3100.0
2025-05-21,Cattle,SA,MOU,Prime,464.0
2025-06-04,Cattle,SA,MOU,Prime,572.0
2025-07-03,Cattle,NSW,DUB,Prime,4830.0
2025-09-11,Cattle,WA,MTB,Prime,708.0
2025-10-23,Cattle,WA,MTB,Prime,1597.0
2025-11-05,Cattle,VIC,ECH,Prime,730.0
2025-12-12,Cattle,WA,MTB,Prime,730.0
2025-08-14,Cattle,TAS,POW,Store,2468.0
2025-08-14,Cattle,NSW,ARM,Prime,917.0
2025-08-20,Cattle,VIC,BAR,Prime,388.0
2025-08-27,Cattle,VIC,BAR,Prime,330.0
2025-09-02,Cattle,TAS,POW,Prime,84.0
2025-09-29,Cattle,VIC,MTL,Prime,1003.0
2025-10-15,Cattle,NSW,SIN,Prime,1039.0
2025-10-15,Cattle,SA,MCO,Prime,1032.0
2025-10-21,Cattle,TAS,POW,Prime,96.0
2025-10-30,Cattle,TAS,POW,Store,1126.0
2025-11-05,Cattle,VIC,BAR,Prime,189.0
2025-11-11,Cattle,SA,ADP,Prime,206.0
2025-11-26,Cattle,QLD,CHT,Prime,3424.0
2025-04-08,Cattle,NSW,INV,Prime,987.0
2025-05-13,Cattle,NSW,GUN,Prime,2205.0
2025-05-19,Cattle,NSW,FOR,Prime,1215.0
2025-09-18,Cattle,WA,MTB,Prime,1027.0
2025-10-29,Cattle,VIC,ECH,Prime,1327.0
2025-12-15,Cattle,NSW,WAG,Prime,4100.0
2026-01-15,Cattle,WA,MTB,Prime,1848.0
2026-01-28,Cattle,VIC,ECH,Prime,529.0
2026-02-02,Cattle,NSW,WAG,Prime,6000.0
2026-04-08,Cattle,VIC,ECH,Prime,502.0
2025-05-28,Cattle,VIC,ECH,Prime,1340.0
2025-06-10,Cattle,NSW,CTL,Prime,1637.0
2025-07-08,Cattle,QLD,WAR,Prime,1568.0
2025-07-22,Cattle,QLD,WAR,Prime,1022.0
2025-08-19,Cattle,NSW,CTL,Prime,1257.0
2025-09-23,Cattle,QLD,WAR,Prime,962.0
2025-10-15,Cattle,QLD,DAL,Prime,6185.0
2025-10-21,Cattle,QLD,WAR,Prime,1115.0
2025-11-04,Cattle,QLD,WAR,Prime,1407.0
2025-11-18,Cattle,NSW,CTL,Prime,3168.0
2025-12-02,Cattle,NSW,CTL,Prime,3551.0
2025-04-15,Cattle,NSW,GUN,Prime,1990.0
2025-05-14,Cattle,NSW,MOS,Prime,2260.0
2025-07-15,Cattle,NSW,GUN,Prime,3200.0
2025-09-01,Cattle,NSW,FOR,Prime,1587.0
2025-10-02,Cattle,NSW,DUB,Prime,7920.0
2025-10-27,Cattle,NSW,FOR,Prime,1825.0
2025-10-28,Cattle,NSW,INV,Prime,1160.0
2025-11-13,Cattle,NSW,DUB,Prime,8400.0
2026-01-07,Cattle,NSW,MOS,Prime,1035.0
2025-08-01,Cattle,NSW,DUB,Store,204.0
2025-08-26,Cattle,VIC,WOD,Prime,450.0
2025-11-11,Cattle,VIC,WOD,Prime,2400.0
2026-02-24,Cattle,NSW,GUN,Prime,5800.0
2026-03-09,Cattle,NSW,FOR,Prime,1632.0
2025-04-01,Cattle,NSW,INV,Prime,400.0
2025-04-04,Cattle,NSW,YAS,Store,3770.0
2025-04-23,Cattle,NSW,MOS,Prime,827.0
2025-05-12,Cattle,NSW,FOR,Prime,1216.0
2025-06-17,Cattle,NSW,INV,Prime,1500.0
2025-08-13,Cattle,NSW,MOS,Prime,1880.0
2025-09-30,Cattle,NSW,INV,Prime,1580.0
2025-10-01,Cattle,SA,MOU,Prime,645.0
2025-10-23,Cattle,NSW,DUB,Prime,5510.0
2025-11-19,Cattle,SA,MOU,Prime,1448.0
2025-11-27,Cattle,QLD,BLA,Prime,5300.0
2025-12-17,Cattle,SA,MOU,Prime,611.0
2026-02-23,Cattle,NSW,FOR,Prime,1627.0
2026-04-08,Cattle,NSW,MOS,Prime,1368.0
2025-04-07,Cattle,NSW,CTL,Prime,5187.0
2025-04-08,Cattle,NSW,SCO,Prime,849.0
2025-05-19,Cattle,NSW,WAG,Prime,6795.0
2025-06-03,Cattle,NSW,SCO,Prime,968.0
2025-06-10,Cattle,NSW,SCO,Prime,870.0
2025-06-17,Cattle,QLD,WAR,Prime,1131.0
2025-07-15,Cattle,NSW,CTL,Prime,1700.0
2025-09-02,Cattle,QLD,WAR,Prime,1297.0
2025-11-03,Cattle,WA,MUC,Prime,1442.0
2025-11-25,Cattle,QLD,WAR,Prime,1672.0
2026-01-28,Cattle,QLD,DAL,Prime,4265.0
2026-03-11,Cattle,QLD,DAL,Prime,2490.0
2026-03-17,Cattle,QLD,WAR,Prime,2403.0
2026-03-18,Cattle,QLD,DAL,Prime,8046.0
2026-03-31,Cattle,QLD,WAR,Prime,2294.0
2025-04-02,Cattle,NSW,SIN,Prime,544.0
2025-04-10,Cattle,TAS,POW,Store,2182.0
2025-04-23,Cattle,QLD,CHT,Prime,1678.0
2025-05-07,Cattle,NSW,CAS,Prime,1600.0
2025-06-11,Cattle,NSW,CAS,Prime,2200.0
2025-06-13,Cattle,VIC,BAR,Store,2340.0
2025-06-18,Cattle,QLD,CHT,Prime,2057.0
2025-06-19,Cattle,NSW,ARM,Prime,2010.0
2025-06-25,Cattle,NSW,CAS,Prime,1600.0
2025-07-15,Cattle,TAS,POW,Prime,106.0
2025-07-23,Cattle,NSW,CAS,Prime,900.0
2025-07-29,Cattle,SA,ADP,Prime,200.0
2025-07-30,Cattle,QLD,CHT,Prime,1525.0
2025-08-20,Cattle,QLD,CHT,Prime,3275.0
2025-08-22,Cattle,VIC,BAR,Store,1385.0
2025-09-03,Cattle,SA,MCO,Prime,503.0
2025-09-08,Cattle,NSW,TAM,Prime,2218.0
2025-10-08,Cattle,QLD,CHT,Prime,3022.0
2025-10-08,Cattle,VIC,BAR,Prime,410.0
2025-10-15,Cattle,VIC,BAR,Prime,374.0
2025-10-22,Cattle,NSW,CAS,Prime,1400.0
2025-10-29,Cattle,NSW,CAS,Prime,624.0
2025-11-03,Cattle,NSW,TAM,Prime,2626.0
2025-11-18,Cattle,TAS,POW,Prime,192.0
2025-04-01,Cattle,NSW,SCO,Prime,653.0
2025-04-22,Cattle,NSW,SCO,Prime,214.0
2025-04-28,Cattle,WA,MUC,Prime,861.0
2025-05-01,Cattle,WA,MTB,Prime,1811.0
2025-05-27,Cattle,NSW,CTL,Prime,1719.0
2025-09-22,Cattle,WA,MUC,Prime,1493.0
2025-10-13,Cattle,WA,MUC,Prime,1500.0
2025-11-25,Cattle,NSW,CTL,Prime,3692.0
2025-12-02,Cattle,QLD,WAR,Prime,1618.0
2026-01-13,Cattle,NSW,SCO,Prime,1496.0
2026-02-03,Cattle,QLD,WAR,Prime,1530.0
2026-02-04,Cattle,QLD,DAL,Prime,6104.0
2025-11-18,Cattle,SA,NAR,Prime,1244.0
2025-12-02,Cattle,SA,NAR,Prime,1309.0
2025-12-08,Cattle,VIC,MTL,Prime,1940.0
2025-12-15,Cattle,VIC,MTL,Prime,1202.0
2026-01-20,Cattle,VIC,SHE,Prime,1400.0
2026-02-03,Cattle,SA,NAR,Prime,1542.0
2026-02-09,Cattle,VIC,MTL,Prime,2342.0
2026-02-17,Cattle,VIC,SHE,Prime,1450.0
2026-02-27,Cattle,NSW,TAM,Store,5678.0
2026-03-31,Cattle,VIC,SHE,Prime,1100.0
2025-04-01,Cattle,NSW,CTL,Prime,4350.0
2026-02-04,Cattle,VIC,ECH,Prime,1400.0
2026-02-17,Cattle,NSW,CTL,Prime,3660.0
2026-02-18,Cattle,VIC,ECH,Prime,1160.0
2026-03-05,Cattle,WA,MTB,Prime,1265.0
2026-04-23,Cattle,WA,MTB,Prime,990.0
2025-05-28,Cattle,SA,MOU,Prime,404.0
2025-07-03,Cattle,WA,MTB,Prime,503.0
2025-09-18,Cattle,QLD,BLA,Prime,3800.0
2025-09-25,Cattle,QLD,BLA,Prime,6200.0
2025-10-30,Cattle,WA,MTB,Prime,1125.0
2025-11-03,Cattle,NSW,WAG,Prime,4260.0
2026-01-23,Cattle,WA,MTB,Prime,336.0
2026-03-10,Cattle,NSW,CTL,Prime,2520.0
2026-03-11,Cattle,VIC,ECH,Prime,1726.0
2026-04-20,Cattle,NSW,WAG,Prime,4800.0
2025-04-03,Cattle,NSW,DUB,Prime,3690.0
2025-04-09,Cattle,SA,MOU,Prime,1298.0
2025-05-26,Cattle,NSW,WAG,Prime,4555.0
2025-07-09,Cattle,SA,MOU,Prime,515.0
2025-07-10,Cattle,NSW,DUB,Prime,5950.0
2025-07-10,Cattle,QLD,BLA,Prime,2733.0
2025-07-31,Cattle,WA,MTB,Prime,746.0
2025-08-07,Cattle,NSW,DUB,Prime,7480.0
2025-08-11,Cattle,NSW,WAG,Prime,3465.0
2025-08-14,Cattle,WA,MTB,Prime,735.0
2025-11-26,Cattle,VIC,ECH,Prime,1805.0
2025-12-04,Cattle,WA,MTB,Prime,846.0
2026-01-08,Cattle,WA,MTB,Prime,1370.0
2026-01-09,Cattle,WA,MTB,Prime,431.0
2026-02-26,Cattle,WA,MTB,Prime,912.0
2026-03-04,Cattle,VIC,ECH,Prime,876.0
2026-03-12,Cattle,WA,MTB,Prime,1539.0
2026-04-01,Cattle,VIC,ECH,Prime,346.0
2025-05-07,Cattle,VIC,ECH,Prime,1190.0
2025-06-03,Cattle,QLD,WAR,Prime,795.0
2025-06-10,Cattle,QLD,WAR,Prime,1473.0
2025-06-11,Cattle,VIC,ECH,Prime,1148.0
2025-09-16,Cattle,NSW,CTL,Prime,843.0
2025-10-07,Cattle,QLD,WAR,Prime,1260.0
2026-01-06,Cattle,NSW,SCO,Prime,469.0
2026-03-25,Cattle,QLD,DAL,Prime,7772.0
2026-04-01,Cattle,QLD,DAL,Prime,5203.0
2026-04-07,Cattle,QLD,WAR,Prime,1834.0
2026-04-20,Cattle,WA,MUC,Prime,1026.0
2026-04-21,Cattle,NSW,SCO,Prime,4049.0
2025-04-14,Cattle,VIC,MTL,Prime,3150.0
2025-04-15,Cattle,SA,ADP,Prime,260.0
2025-04-23,Cattle,SA,MCO,Prime,480.0
2025-04-30,Cattle,VIC,BAR,Prime,324.0
2025-05-07,Cattle,VIC,BAR,Prime,449.0
2025-05-14,Cattle,NSW,SIN,Prime,906.0
2025-04-22,Cattle,NSW,CTL,Prime,2694.0
2025-04-29,Cattle,NSW,SCO,Prime,501.0
2025-05-13,Cattle,NSW,SCO,Prime,923.0
2025-05-19,Cattle,WA,MUC,Prime,835.0
2025-07-01,Cattle,QLD,WAR,Prime,912.0
2025-07-08,Cattle,NSW,CTL,Prime,1643.0
2025-07-21,Cattle,WA,MUC,Prime,365.0
2025-07-29,Cattle,NSW,CTL,Prime,860.0
2025-08-12,Cattle,NSW,SCO,Prime,994.0
2025-08-19,Cattle,QLD,WAR,Prime,1175.0
2025-08-26,Cattle,NSW,SCO,Prime,626.0
2025-09-15,Cattle,WA,MUC,Prime,1201.0
2025-10-06,Cattle,WA,MUC,Prime,1983.0
2025-10-29,Cattle,QLD,DAL,Prime,3525.0
2025-11-17,Cattle,WA,MUC,Prime,1476.0
2025-11-18,Cattle,QLD,WAR,Prime,1605.0
2025-12-16,Cattle,NSW,SCO,Prime,990.0
2026-02-23,Cattle,WA,MUC,Prime,1635.0
2026-02-24,Cattle,QLD,WAR,Prime,1895.0
2026-04-13,Cattle,WA,MUC,Prime,855.0
2025-04-14,Cattle,WA,MUC,Prime,1208.0
2025-05-06,Cattle,NSW,SCO,Prime,1045.0
2025-05-21,Cattle,VIC,ECH,Prime,775.0
2025-06-04,Cattle,VIC,ECH,Prime,1750.0
2026-01-12,Cattle,WA,MUC,Prime,1234.0
2026-03-03,Cattle,NSW,SCO,Prime,2267.0
2026-03-04,Cattle,QLD,DAL,Prime,6482.0
2026-04-07,Cattle,NSW,SCO,Prime,1574.0
2026-04-08,Cattle,QLD,DAL,Prime,3974.0
2025-11-26,Cattle,NSW,CAS,Prime,1600.0
2025-12-01,Cattle,NSW,TAM,Prime,3708.0
2025-12-02,Cattle,VIC,LEO,Prime,2078.0
2025-12-10,Cattle,NSW,CAS,Prime,1665.0
2026-01-28,Cattle,NSW,SIN,Prime,475.0
2026-02-16,Cattle,NSW,TAM,Prime,3746.0
2026-02-18,Cattle,SA,MCO,Prime,656.0
2026-03-05,Cattle,TAS,POW,Store,2714.0
2026-03-11,Cattle,NSW,SIN,Prime,1002.0
2026-03-18,Cattle,NSW,SIN,Prime,1197.0
2026-03-25,Cattle,NSW,CAS,Prime,1944.0
2026-02-16,Cattle,WA,MUC,Prime,1455.0
2026-02-18,Cattle,QLD,DAL,Prime,4590.0
2026-04-14,Cattle,NSW,SCO,Prime,3466.0
2025-04-22,Cattle,NSW,INV,Prime,330.0
2025-04-29,Cattle,NSW,INV,Prime,1262.0
2025-06-24,Cattle,NSW,GUN,Prime,1850.0
2025-08-06,Cattle,NSW,MOS,Prime,1191.0
2025-08-18,Cattle,NSW,FOR,Prime,1474.0
2025-09-18,Cattle,NSW,DUB,Prime,8440.0
2025-09-26,Cattle,NSW,YAS,Store,319.0
2025-11-06,Cattle,NSW,DUB,Prime,6970.0
2025-12-16,Cattle,NSW,INV,Prime,781.0
2026-01-14,Cattle,SA,MOU,Prime,1839.0
2026-02-12,Cattle,NSW,DUB,Prime,4654.0
2026-04-09,Cattle,QLD,BLA,Prime,1500.0
2025-10-15,Cattle,NSW,MOS,Prime,1601.0
2025-10-29,Cattle,NSW,MOS,Prime,1310.0
2025-11-18,Cattle,NSW,INV,Prime,2190.0
2025-12-08,Cattle,NSW,FOR,Prime,3526.0
2026-01-21,Cattle,SA,MOU,Prime,1601.0
2026-01-28,Cattle,NSW,MOS,Prime,1232.0
2026-02-05,Cattle,NSW,DUB,Prime,8400.0
2026-03-11,Cattle,NSW,MOS,Prime,2076.0
2025-04-01,Cattle,VIC,WOD,Prime,1320.0
2025-04-10,Cattle,NSW,YAS,Prime,1699.0
2025-05-15,Cattle,NSW,YAS,Prime,1348.0
2025-06-30,Cattle,NSW,TAM,Prime,1797.0
2025-08-25,Cattle,NSW,TAM,Prime,1885.0
2025-09-23,Cattle,VIC,LEO,Prime,2141.0
2025-09-30,Cattle,VIC,WOD,Prime,800.0
2025-11-07,Cattle,NSW,DUB,Store,800.0
2025-06-03,Cattle,SA,NAR,Prime,579.0
2025-06-24,Cattle,VIC,SHE,Prime,1900.0
2025-08-26,Cattle,SA,NAR,Prime,499.0
2025-09-16,Cattle,VIC,SHE,Prime,1700.0
2025-09-30,Cattle,VIC,SHE,Prime,1700.0
2025-10-06,Cattle,VIC,MTL,Prime,1110.0
2025-10-07,Cattle,SA,NAR,Prime,694.0
2025-11-11,Cattle,SA,NAR,Prime,1396.0
2026-01-30,Cattle,NSW,TAM,Store,2325.0
2026-02-13,Cattle,NSW,TAM,Store,2793.0
2025-05-13,Cattle,NSW,INV,Prime,1055.0
2025-05-21,Cattle,NSW,MOS,Prime,2150.0
2025-05-23,Cattle,NSW,CTL,Store,5048.0
2025-06-23,Cattle,NSW,FOR,Prime,884.0
2025-07-02,Cattle,NSW,MOS,Prime,2251.0
2025-07-11,Cattle,NSW,CTL,Store,3500.0
2025-07-14,Cattle,NSW,FOR,Prime,1125.0
2025-09-16,Cattle,NSW,GUN,Prime,3460.0
2025-10-08,Cattle,SA,MOU,Prime,525.0
2025-10-15,Cattle,SA,MOU,Prime,599.0
2025-10-28,Cattle,NSW,GUN,Prime,3020.0
2025-11-20,Cattle,QLD,BLA,Prime,3000.0
2026-01-12,Cattle,NSW,FOR,Prime,3447.0
2026-03-04,Cattle,NSW,MOS,Prime,1625.0
2026-04-10,Cattle,NSW,YAS,Store,4618.0
2025-04-22,Cattle,VIC,WOD,Prime,640.0
2025-05-13,Cattle,VIC,WOD,Prime,2200.0
2025-05-05,Cattle,NSW,FOR,Prime,2303.0
2025-05-09,Cattle,NSW,YAS,Store,6018.0
2025-05-09,Cattle,NSW,CTL,Store,6699.0
2025-06-10,Cattle,NSW,INV,Prime,1260.0
2025-06-17,Cattle,NSW,GUN,Prime,2800.0
2025-07-22,Cattle,NSW,GUN,Prime,2350.0
2025-08-25,Cattle,NSW,FOR,Prime,1646.0
2025-09-25,Cattle,NSW,DUB,Prime,6646.0
2025-10-21,Cattle,NSW,GUN,Prime,2700.0
2025-11-04,Cattle,NSW,GUN,Prime,2400.0
2025-11-11,Cattle,NSW,INV,Prime,1852.0
2025-11-20,Cattle,NSW,DUB,Prime,10185.0
2025-11-28,Cattle,NSW,YAS,Store,723.0
2025-12-11,Cattle,NSW,DUB,Prime,9500.0
2026-02-11,Cattle,SA,MOU,Prime,1173.0
2026-02-25,Cattle,SA,MOU,Prime,792.0
2026-02-26,Cattle,NSW,DUB,Prime,4400.0
2026-03-10,Cattle,NSW,INV,Prime,4220.0
2026-04-24,Cattle,QLD,DAL,Store,1941.0
2025-09-09,Cattle,SA,NAR,Prime,564.0
2025-09-23,Cattle,SA,NAR,Prime,1345.0
2025-11-04,Cattle,SA,NAR,Prime,949.0
2026-01-12,Cattle,VIC,MTL,Prime,2020.0
2026-02-24,Cattle,VIC,SHE,Prime,1150.0
2026-03-24,Cattle,VIC,SHE,Prime,1500.0
2025-05-21,Cattle,NSW,CAS,Prime,860.0
2025-06-03,Cattle,TAS,POW,Prime,192.0
2025-06-16,Cattle,VIC,MTL,Prime,2975.0
2025-06-17,Cattle,SA,ADP,Prime,200.0
2025-06-23,Cattle,VIC,MTL,Prime,2680.0
2025-06-25,Cattle,VIC,BAR,Prime,490.0
2025-07-01,Cattle,TAS,POW,Prime,58.0
2025-07-02,Cattle,NSW,CAS,Prime,600.0
2025-07-16,Cattle,NSW,CAS,Prime,1239.0
2025-08-13,Cattle,VIC,BAR,Prime,420.0
2025-09-04,Cattle,TAS,POW,Store,2752.0
2025-09-10,Cattle,VIC,BAR,Prime,233.0
2025-09-17,Cattle,NSW,SIN,Prime,935.0
2025-09-25,Cattle,TAS,POW,Store,2163.0
2025-09-25,Cattle,NSW,ARM,Prime,2051.0
2025-10-01,Cattle,VIC,BAR,Prime,300.0
2025-10-07,Cattle,TAS,POW,Prime,90.0
2025-10-13,Cattle,NSW,TAM,Prime,3071.0
2025-10-15,Cattle,QLD,CHT,Prime,3260.0
2025-10-29,Cattle,SA,MCO,Prime,756.0
2025-11-11,Cattle,VIC,LEO,Prime,2292.0
2025-11-12,Cattle,NSW,SIN,Prime,1258.0
2025-11-12,Cattle,SA,MCO,Prime,605.0
2025-12-08,Cattle,NSW,TAM,Prime,3971.0
2025-12-10,Cattle,VIC,BAR,Prime,305.0
2026-01-22,Cattle,NSW,YAS,Prime,951.0
2026-02-03,Cattle,VIC,LEO,Prime,2342.0
2026-02-03,Cattle,TAS,POW,Prime,161.0
2026-02-09,Cattle,NSW,TAM,Prime,2667.0
2026-02-23,Cattle,NSW,TAM,Prime,4220.0
2026-02-26,Cattle,TAS,POW,Store,812.0
2026-03-11,Cattle,SA,MCO,Prime,548.0
2026-03-12,Cattle,TAS,POW,Store,2808.0
2026-03-13,Cattle,VIC,BAR,Store,2272.0
2026-03-25,Cattle,SA,MCO,Prime,865.0
2026-03-25,Cattle,NSW,SIN,Prime,958.0
2026-03-26,Cattle,NSW,YAS,Prime,1150.0
2025-04-11,Cattle,VIC,BAR,Store,3076.0
2025-05-01,Cattle,NSW,ARM,Prime,1375.0
2025-05-14,Cattle,SA,MCO,Prime,1033.0
2025-06-05,Cattle,NSW,ARM,Prime,2090.0
2025-06-12,Cattle,TAS,POW,Store,1543.0
2025-06-18,Cattle,VIC,BAR,Prime,448.0
2025-06-18,Cattle,NSW,CAS,Prime,1920.0
2026-04-20,Cattle,NSW,FOR,Prime,2801.0
2025-06-09,Cattle,WA,MUC,Prime,363.0
2025-06-17,Cattle,NSW,CTL,Prime,2385.0
2025-09-09,Cattle,NSW,CTL,Prime,823.0
2025-09-23,Cattle,NSW,CTL,Prime,879.0
2025-11-04,Cattle,NSW,CTL,Prime,1290.0
2026-01-07,Cattle,QLD,DAL,Prime,931.0
2026-01-20,Cattle,QLD,WAR,Prime,1659.0
2026-02-11,Cattle,QLD,DAL,Prime,5886.0
2026-04-15,Cattle,QLD,DAL,Prime,9009.0
2026-04-22,Cattle,QLD,DAL,Prime,8213.0
2025-05-13,Cattle,VIC,LEO,Prime,3932.0
2025-07-08,Cattle,VIC,WOD,Prime,790.0
2025-07-22,Cattle,VIC,WOD,Prime,700.0
2025-08-12,Cattle,VIC,LEO,Prime,1872.0
2025-08-14,Cattle,NSW,YAS,Prime,465.0
2025-09-02,Cattle,VIC,WOD,Prime,500.0
2025-10-21,Cattle,VIC,WOD,Prime,1000.0
2025-11-11,Cattle,NSW,GUN,Prime,4300.0
2026-04-21,Cattle,VIC,WOD,Prime,680.0
2026-03-31,Cattle,VIC,LEO,Prime,1452.0
2026-04-08,Cattle,NSW,SIN,Prime,1188.0
2025-05-06,Cattle,VIC,LEO,Prime,4028.0
2025-05-20,Cattle,VIC,LEO,Prime,1562.0
2025-06-17,Cattle,VIC,LEO,Prime,2650.0
2025-06-19,Cattle,NSW,YAS,Prime,844.0
2025-06-24,Cattle,VIC,WOD,Prime,800.0
2025-07-22,Cattle,VIC,LEO,Prime,1755.0
2025-08-19,Cattle,VIC,WOD,Prime,750.0
2025-08-21,Cattle,NSW,YAS,Prime,248.0
2025-09-02,Cattle,VIC,LEO,Prime,1500.0
2025-11-18,Cattle,VIC,WOD,Prime,1910.0
2025-12-02,Cattle,VIC,WOD,Prime,2072.0
2026-01-05,Cattle,VIC,WOD,Store,752.0
2026-01-06,Cattle,VIC,WOD,Store,7102.0
2026-01-27,Cattle,NSW,GUN,Prime,2550.0
2026-03-03,Cattle,NSW,GUN,Prime,6850.0
2026-03-30,Cattle,NSW,FOR,Prime,1060.0
2025-06-04,Cattle,NSW,MOS,Prime,2350.0
2025-06-16,Cattle,NSW,FOR,Prime,1259.0
2025-09-04,Cattle,NSW,DUB,Prime,5846.0
2025-09-09,Cattle,NSW,INV,Prime,1750.0
2025-09-23,Cattle,NSW,GUN,Prime,2750.0
2025-09-24,Cattle,NSW,MOS,Prime,1208.0
2025-10-09,Cattle,NSW,DUB,Prime,6990.0
2025-10-14,Cattle,NSW,GUN,Prime,3870.0
2025-11-05,Cattle,NSW,MOS,Prime,1540.0
2025-11-24,Cattle,NSW,FOR,Prime,2525.0
2025-12-03,Cattle,SA,MOU,Prime,1320.0
2025-12-04,Cattle,QLD,BLA,Prime,3200.0
2025-12-12,Cattle,NSW,CTL,Store,3333.0
2026-01-19,Cattle,NSW,FOR,Prime,3312.0
2026-01-22,Cattle,NSW,DUB,Prime,7880.0
2026-02-04,Cattle,NSW,MOS,Prime,1319.0
2026-02-25,Cattle,NSW,MOS,Prime,1375.0
2025-04-16,Cattle,VIC,ECH,Prime,750.0
2025-04-30,Cattle,VIC,ECH,Prime,1344.0
2025-05-20,Cattle,NSW,CTL,Prime,1811.0
2025-05-20,Cattle,NSW,SCO,Prime,503.0
2025-06-23,Cattle,WA,MUC,Prime,530.0
2025-07-22,Cattle,NSW,SCO,Prime,878.0
2025-08-05,Cattle,NSW,CTL,Prime,1026.0
2025-08-26,Cattle,QLD,WAR,Prime,1077.0
2025-09-09,Cattle,NSW,SCO,Prime,845.0
2025-09-23,Cattle,NSW,SCO,Prime,975.0
2025-10-14,Cattle,NSW,CTL,Prime,1151.0
2025-10-22,Cattle,QLD,DAL,Prime,5823.0
2025-10-28,Cattle,NSW,SCO,Prime,1015.0
2025-10-28,Cattle,NSW,CTL,Prime,1033.0
2025-11-11,Cattle,QLD,WAR,Prime,1499.0
2025-11-24,Cattle,WA,MUC,Prime,1715.0
2025-11-26,Cattle,QLD,DAL,Prime,9215.0
2025-12-08,Cattle,WA,MUC,Prime,1929.0
2026-01-19,Cattle,WA,MUC,Prime,1314.0
2026-01-27,Cattle,NSW,CTL,Prime,2142.0
2026-02-09,Cattle,WA,MUC,Prime,939.0
2026-03-31,Cattle,NSW,SCO,Prime,2393.0
2025-06-10,Cattle,SA,NAR,Prime,503.0
2025-07-15,Cattle,SA,NAR,Prime,517.0
2026-01-06,Cattle,SA,NAR,Prime,531.0
2026-01-19,Cattle,VIC,MTL,Prime,2249.0
2026-03-10,Cattle,SA,NAR,Prime,327.0
2026-03-30,Cattle,VIC,MTL,Prime,1905.0
2025-04-07,Cattle,NSW,FOR,Prime,2121.0
2025-05-20,Cattle,NSW,INV,Prime,947.0
2025-05-28,Cattle,NSW,MOS,Prime,1509.0
2025-07-01,Cattle,NSW,GUN,Prime,2300.0
2025-07-08,Cattle,NSW,INV,Prime,1765.0
2025-07-09,Cattle,NSW,MOS,Prime,1539.0
2025-07-21,Cattle,NSW,FOR,Prime,1480.0
2025-07-22,Cattle,NSW,INV,Prime,1900.0
2025-09-02,Cattle,NSW,INV,Prime,1188.0
2025-09-29,Cattle,NSW,FOR,Prime,1639.0
2025-10-14,Cattle,NSW,INV,Prime,1928.0
2025-10-20,Cattle,NSW,FOR,Prime,1584.0
2025-10-30,Cattle,NSW,DUB,Prime,5465.0
2026-01-14,Cattle,NSW,MOS,Prime,2030.0
2026-01-20,Cattle,NSW,INV,Prime,3153.0
2026-01-21,Cattle,NSW,MOS,Prime,1988.0
2026-01-28,Cattle,SA,MOU,Prime,498.0
2026-01-30,Cattle,NSW,YAS,Store,399.0
2026-02-13,Cattle,NSW,CTL,Store,4750.0
2026-03-17,Cattle,NSW,INV,Prime,4653.0
2026-04-15,Cattle,SA,MOU,Prime,679.0
2026-04-24,Cattle,NSW,YAS,Store,2367.0
2025-11-26,Cattle,SA,MOU,Prime,1097.0
2025-12-01,Cattle,NSW,FOR,Prime,3414.0
2025-12-02,Cattle,NSW,INV,Prime,2450.0
2025-12-04,Cattle,NSW,DUB,Prime,10700.0
2025-12-15,Cattle,NSW,FOR,Prime,1245.0
2026-01-08,Cattle,NSW,DUB,Prime,3300.0
2026-02-18,Cattle,NSW,MOS,Prime,1746.0
2026-03-12,Cattle,NSW,DUB,Prime,7690.0
2026-03-19,Cattle,NSW,DUB,Prime,8500.0
2026-03-25,Cattle,NSW,MOS,Prime,2216.0
2026-04-09,Cattle,NSW,DUB,Prime,7700.0
2026-04-10,Cattle,NSW,CTL,Store,7209.0
2026-04-16,Cattle,NSW,DUB,Prime,11077.0
2025-08-13,Cattle,VIC,BAL,Prime,292.0
2025-08-15,Cattle,VIC,BAR,Store,2263.0
2025-09-03,Cattle,QLD,CHT,Prime,2265.0
2025-09-17,Cattle,QLD,CHT,Prime,2231.0
2025-09-22,Cattle,VIC,MTL,Prime,1712.0
2025-10-16,Cattle,TAS,POW,Store,1843.0
2025-10-22,Cattle,VIC,BAR,Prime,341.0
2025-10-23,Cattle,NSW,ARM,Prime,1471.0
2025-10-28,Cattle,VIC,LEO,Prime,2440.0
2025-10-28,Cattle,TAS,POW,Prime,54.0
2025-12-03,Cattle,QLD,CHT,Prime,2050.0
2025-12-04,Cattle,NSW,YAS,Prime,839.0
2026-01-07,Cattle,NSW,CAS,Prime,575.0
2026-01-14,Cattle,SA,MCO,Prime,850.0
2026-01-21,Cattle,NSW,SIN,Prime,1194.0
2026-02-11,Cattle,VIC,BAR,Prime,448.0
2026-03-03,Cattle,TAS,POW,Prime,184.0
2026-03-05,Cattle,NSW,ARM,Prime,2478.0
2026-03-19,Cattle,NSW,ARM,Prime,3945.0
2026-03-23,Cattle,NSW,TAM,Prime,5477.0
2026-03-26,Cattle,TAS,POW,Store,2254.0
2026-04-08,Cattle,TAS,POW,Prime,72.0
2025-06-25,Cattle,QLD,CHT,Prime,2020.0
2025-05-02,Cattle,NSW,DUB,Store,2810.0
2025-05-19,Cattle,NSW,TAM,Prime,1077.0
2025-05-26,Cattle,NSW,TAM,Prime,1265.0
2025-06-06,Cattle,NSW,DUB,Store,2465.0
2025-06-10,Cattle,VIC,WOD,Prime,973.0
2025-07-01,Cattle,VIC,WOD,Prime,800.0
2025-08-19,Cattle,VIC,LEO,Prime,2148.0
2025-04-15,Cattle,VIC,LEO,Prime,1823.0
2025-05-06,Cattle,VIC,WOD,Prime,2200.0
2025-06-16,Cattle,NSW,TAM,Prime,3000.0
2025-06-17,Cattle,VIC,WOD,Prime,800.0
2025-06-27,Cattle,NSW,DUB,Store,2000.0
2025-07-24,Cattle,NSW,YAS,Prime,257.0
2025-05-14,Cattle,QLD,DAL,Prime,4266.0
2026-01-22,Cattle,VIC,LEO,Store,3000.0
2025-04-01,Cattle,VIC,LEO,Prime,2869.0
2025-05-01,Cattle,NSW,YAS,Prime,2494.0
2025-06-05,Cattle,NSW,YAS,Prime,1102.0
2025-06-23,Cattle,NSW,TAM,Prime,2581.0
2025-06-24,Cattle,VIC,LEO,Prime,2742.0
2025-07-07,Cattle,NSW,TAM,Prime,2163.0
2025-08-05,Cattle,VIC,LEO,Prime,2400.0
2025-09-04,Cattle,NSW,YAS,Prime,44.0
2025-09-16,Cattle,VIC,LEO,Prime,2217.0
2025-11-25,Cattle,NSW,GUN,Prime,4550.0
2025-12-16,Cattle,NSW,GUN,Prime,1050.0
2026-01-20,Cattle,VIC,WOD,Prime,2300.0
2026-02-17,Cattle,NSW,GUN,Prime,4850.0
2026-03-17,Cattle,VIC,WOD,Prime,1100.0
2025-04-28,Cattle,NSW,FOR,Prime,1098.0
2025-06-10,Cattle,NSW,GUN,Prime,1850.0
2025-09-03,Cattle,NSW,MOS,Prime,1444.0
2025-09-15,Cattle,NSW,FOR,Prime,1254.0
2025-10-13,Cattle,NSW,FOR,Prime,2935.0
2025-10-29,Cattle,SA,MOU,Prime,705.0
2025-11-06,Cattle,QLD,BLA,Prime,3000.0
2025-11-13,Cattle,QLD,BLA,Prime,3850.0
2026-01-16,Cattle,NSW,CTL,Store,1595.0
2026-01-29,Cattle,NSW,DUB,Prime,3800.0
2026-02-24,Cattle,NSW,INV,Prime,3733.0
2026-03-02,Cattle,NSW,FOR,Prime,1569.0
2026-03-11,Cattle,SA,MOU,Prime,932.0
2026-03-13,Cattle,NSW,CTL,Store,3965.0
2026-03-13,Cattle,NSW,YAS,Store,3253.0
2026-04-22,Cattle,NSW,MOS,Prime,2603.0
2025-07-08,Cattle,QLD,ROM,Prime,8356.0
2025-10-16,Cattle,VIC,MTL,Store,4699.0
2025-11-12,Cattle,QLD,GME,Prime,2315.0
2026-03-25,Cattle,QLD,GME,Prime,3816.0
2026-03-31,Cattle,QLD,ROM,Prime,8472.0
2026-04-01,Cattle,VIC,MTL,Store,1663.0
2026-04-21,Cattle,QLD,ROM,Prime,8707.0
2025-06-05,Cattle,WA,MTB,Prime,543.0
2025-06-19,Cattle,WA,MTB,Prime,786.0
2025-07-24,Cattle,QLD,BLA,Prime,2700.0
2025-07-31,Cattle,QLD,BLA,Prime,2700.0
2025-08-06,Cattle,VIC,ECH,Prime,1806.0
2025-08-21,Cattle,WA,MTB,Prime,621.0
2025-09-01,Cattle,NSW,WAG,Prime,2600.0
2025-10-27,Cattle,NSW,WAG,Prime,3800.0
2025-11-20,Cattle,WA,MTB,Prime,1742.0
2025-12-11,Cattle,WA,MTB,Prime,1681.0
2026-01-12,Cattle,NSW,WAG,Prime,5100.0
2026-01-30,Cattle,WA,MTB,Prime,459.0
2026-02-13,Cattle,WA,MTB,Prime,468.0
2026-03-03,Cattle,NSW,CTL,Prime,3693.0
2025-06-04,Cattle,QLD,DAL,Prime,4747.0
2025-09-25,Cattle,VIC,LEO,Store,1804.0
2026-01-15,Cattle,VIC,LEO,Store,2810.0
2026-02-12,Cattle,VIC,LEO,Store,2601.0
2025-04-09,Cattle,VIC,BAL,Prime,904.0
2025-04-28,Cattle,VIC,MTL,Prime,2385.0
2025-05-06,Cattle,TAS,POW,Prime,205.0
2025-05-21,Cattle,QLD,CHT,Prime,1372.0
2025-04-16,Cattle,VIC,MTL,Store,6232.0
2025-08-05,Cattle,QLD,ROM,Prime,10000.0
2025-08-07,Cattle,VIC,MTL,Store,1730.0
2025-09-19,Cattle,QLD,GME,Prime,3519.0
2025-06-17,Cattle,QLD,ROM,Prime,8232.0
2025-08-26,Cattle,QLD,ROM,Prime,8372.0
2025-09-18,Cattle,VIC,MTL,Store,4191.0
2026-04-15,Cattle,QLD,GME,Prime,2344.0
2026-04-21,Cattle,VIC,SHE,Prime,1500.0
2025-04-08,Cattle,TAS,POW,Prime,316.0
2025-05-21,Cattle,VIC,BAR,Prime,167.0
2025-05-28,Cattle,SA,MCO,Prime,498.0
2025-06-02,Cattle,VIC,MTL,Prime,3450.0
2025-06-04,Cattle,NSW,CAS,Prime,1493.0
2025-06-11,Cattle,QLD,CHT,Prime,2722.0
2025-06-13,Cattle,NSW,TAM,Store,5005.0
2025-07-09,Cattle,SA,MCO,Prime,435.0
2025-07-16,Cattle,VIC,BAR,Prime,149.0
2025-07-16,Cattle,QLD,CHT,Prime,2160.0
2025-07-30,Cattle,VIC,BAR,Prime,327.0
2025-08-25,Cattle,VIC,MTL,Prime,1061.0
2025-09-17,Cattle,NSW,CAS,Prime,1080.0
2025-10-14,Cattle,TAS,POW,Prime,42.0
2025-10-22,Cattle,NSW,SIN,Prime,919.0
2025-11-20,Cattle,NSW,ARM,Prime,1836.0
2025-12-10,Cattle,QLD,CHT,Prime,2542.0
2025-12-15,Cattle,NSW,TAM,Prime,1168.0
2026-01-05,Cattle,NSW,TAM,Prime,626.0
2026-01-07,Cattle,SA,MCO,Prime,500.0
2026-01-28,Cattle,TAS,POW,Prime,110.0
2026-02-18,Cattle,NSW,CAS,Prime,1771.0
2026-02-24,Cattle,VIC,LEO,Prime,2432.0
2026-03-18,Cattle,SA,MCO,Prime,510.0
2026-03-24,Cattle,VIC,LEO,Prime,2707.0
2026-04-08,Cattle,VIC,BAL,Prime,255.0
2026-04-15,Cattle,SA,MCO,Prime,824.0
2026-04-16,Cattle,NSW,ARM,Prime,4050.0
2026-04-22,Cattle,NSW,CAS,Prime,1764.0
2026-02-03,Cattle,NSW,GUN,Prime,3500.0
2026-03-16,Cattle,NSW,FOR,Prime,1246.0
2025-04-03,Cattle,TAS,POW,Store,2130.0
2025-04-16,Cattle,NSW,CAS,Prime,490.0
2025-04-30,Cattle,NSW,CAS,Prime,1600.0
2025-05-20,Cattle,SA,ADP,Prime,300.0
2025-06-04,Cattle,VIC,BAL,Prime,1145.0
2025-07-09,Cattle,QLD,CHT,Prime,3165.0
2025-07-14,Cattle,VIC,MTL,Prime,1991.0
2025-08-06,Cattle,VIC,BAR,Prime,385.0
2025-08-18,Cattle,VIC,MTL,Prime,1200.0
2025-06-18,Cattle,QLD,GME,Prime,2620.0
2025-04-02,Cattle,QLD,DAL,Prime,2673.0
2025-04-15,Cattle,QLD,WAR,Prime,1580.0
2025-04-24,Cattle,VIC,LEO,Store,1643.0
2025-09-12,Cattle,VIC,BAR,Store,3122.0
2025-09-17,Cattle,SA,MCO,Prime,442.0
2025-09-24,Cattle,NSW,SIN,Prime,1121.0
2025-09-24,Cattle,VIC,BAL,Prime,400.0
2025-09-29,Cattle,NSW,TAM,Prime,2264.0
2025-10-14,Cattle,SA,ADP,Prime,140.0
2025-11-05,Cattle,NSW,SIN,Prime,839.0
2025-11-14,Cattle,VIC,BAR,Store,2200.0
2026-01-06,Cattle,VIC,LEO,Prime,1040.0
2026-01-07,Cattle,VIC,BAR,Prime,97.0
2026-01-29,Cattle,NSW,YAS,Prime,698.0
2026-02-04,Cattle,NSW,SIN,Prime,811.0
2026-02-05,Cattle,NSW,YAS,Prime,1360.0
2026-02-11,Cattle,NSW,CAS,Prime,1900.0
2026-02-18,Cattle,NSW,SIN,Prime,1156.0
2026-02-20,Cattle,VIC,BAL,Store,5162.0
2026-02-25,Cattle,NSW,CAS,Prime,2110.0
2026-03-10,Cattle,VIC,LEO,Prime,1891.0
2026-03-18,Cattle,VIC,BAR,Prime,376.0
2026-03-24,Cattle,TAS,POW,Prime,91.0
2026-04-08,Cattle,QLD,CHT,Prime,938.0
2026-04-22,Cattle,SA,MCO,Prime,533.0
2025-09-05,Cattle,NSW,DUB,Store,1708.0
2026-01-20,Cattle,NSW,GUN,Prime,4100.0
2026-02-10,Cattle,VIC,WOD,Prime,1100.0
2026-03-17,Cattle,NSW,GUN,Prime,7250.0
2025-12-16,Cattle,SA,ADP,Prime,720.0
2026-01-08,Cattle,NSW,YAS,Prime,400.0
2026-01-14,Cattle,VIC,BAR,Prime,193.0
2026-01-19,Cattle,NSW,TAM,Prime,2660.0
2026-02-11,Cattle,NSW,SIN,Prime,807.0
2026-02-24,Cattle,TAS,POW,Prime,136.0
2026-02-25,Cattle,NSW,SIN,Prime,1098.0
2026-03-11,Cattle,VIC,BAL,Prime,550.0
2026-03-25,Cattle,VIC,BAL,Prime,354.0
2026-03-30,Cattle,NSW,TAM,Prime,6261.0
2026-04-14,Cattle,VIC,LEO,Prime,2074.0
2026-04-15,Cattle,NSW,SIN,Prime,1881.0
2026-04-22,Cattle,NSW,SIN,Prime,2030.0
2025-05-20,Cattle,QLD,ROM,Prime,5990.0
2025-07-22,Cattle,QLD,ROM,Prime,10189.0
2025-10-02,Cattle,VIC,MTL,Store,2100.0
2025-04-14,Cattle,NSW,FOR,Prime,2517.0
2025-04-29,Cattle,NSW,GUN,Prime,1420.0
2025-07-15,Cattle,NSW,INV,Prime,1556.0
2025-07-29,Cattle,NSW,GUN,Prime,1580.0
2025-08-04,Cattle,NSW,FOR,Prime,1775.0
2025-08-11,Cattle,NSW,FOR,Prime,1440.0
2025-08-28,Cattle,NSW,DUB,Prime,6170.0
2025-08-29,Cattle,NSW,YAS,Store,606.0
2025-09-11,Cattle,NSW,DUB,Prime,3079.0
2025-09-17,Cattle,SA,MOU,Prime,641.0
2025-04-01,Cattle,NSW,GUN,Prime,700.0
2025-04-16,Cattle,NSW,MOS,Prime,1582.0
2025-04-30,Cattle,NSW,MOS,Prime,2792.0
2025-05-07,Cattle,NSW,MOS,Prime,2901.0
2025-06-11,Cattle,NSW,MOS,Prime,2407.0
2025-06-25,Cattle,NSW,MOS,Prime,2661.0
2025-07-23,Cattle,NSW,MOS,Prime,2027.0
2025-07-29,Cattle,NSW,INV,Prime,707.0
2025-07-30,Cattle,SA,MOU,Prime,291.0
2025-08-12,Cattle,NSW,INV,Prime,1900.0
2025-08-20,Cattle,SA,MOU,Prime,598.0
2025-09-10,Cattle,NSW,MOS,Prime,1751.0
2025-09-30,Cattle,NSW,GUN,Prime,5200.0
2025-11-26,Cattle,NSW,MOS,Prime,2795.0
2025-04-22,Cattle,QLD,ROM,Prime,2680.0
2025-07-29,Cattle,QLD,ROM,Prime,7290.0
2025-09-03,Cattle,QLD,GME,Prime,3360.0
2026-01-21,Cattle,QLD,GME,Prime,1425.0
2026-04-14,Cattle,QLD,ROM,Prime,6473.0
2025-09-22,Cattle,NSW,FOR,Prime,1562.0
2025-09-24,Cattle,SA,MOU,Prime,675.0
2025-10-22,Cattle,NSW,MOS,Prime,1247.0
2026-02-09,Cattle,NSW,FOR,Prime,1152.0
2026-03-05,Cattle,NSW,DUB,Prime,7100.0
2026-03-18,Cattle,NSW,MOS,Prime,1826.0
2026-04-15,Cattle,NSW,MOS,Prime,2470.0
2026-04-16,Cattle,QLD,BLA,Prime,1900.0
2025-04-09,Cattle,QLD,DAL,Prime,5832.0
2025-04-23,Cattle,QLD,DAL,Prime,2294.0
2026-02-19,Cattle,VIC,LEO,Store,2888.0
2026-03-26,Cattle,VIC,LEO,Store,2618.0
2025-04-09,Cattle,QLD,GME,Prime,1783.0
2026-01-14,Cattle,NSW,SIN,Prime,1816.0
2026-01-14,Cattle,VIC,BAL,Prime,338.0
2026-01-20,Cattle,TAS,POW,Prime,93.0
2026-01-20,Cattle,VIC,LEO,Prime,1732.0
2026-02-04,Cattle,VIC,BAR,Prime,412.0
2026-02-11,Cattle,QLD,CHT,Prime,1305.0
2026-02-18,Cattle,VIC,BAR,Prime,301.0
2026-02-26,Cattle,NSW,ARM,Prime,1977.0
2026-02-27,Cattle,VIC,BAR,Store,1258.0
2026-03-09,Cattle,NSW,TAM,Prime,5320.0
2026-03-31,Cattle,TAS,POW,Prime,87.0
2026-04-21,Cattle,VIC,LEO,Prime,2240.0
2025-04-16,Cattle,QLD,DAL,Prime,4072.0
2025-04-17,Cattle,VIC,LEO,Store,3073.0
2025-04-30,Cattle,QLD,DAL,Prime,6226.0
2025-05-06,Cattle,QLD,WAR,Prime,1987.0
2025-05-15,Cattle,VIC,LEO,Store,3896.0
2025-04-15,Cattle,VIC,SHE,Prime,1400.0
2025-05-06,Cattle,SA,NAR,Prime,840.0
2025-06-17,Cattle,SA,NAR,Prime,684.0
2025-08-12,Cattle,VIC,SHE,Prime,1200.0
2025-09-02,Cattle,SA,NAR,Prime,430.0
2025-10-31,Cattle,NSW,TAM,Store,1700.0
2025-11-25,Cattle,SA,NAR,Prime,1207.0
2025-11-28,Cattle,NSW,TAM,Store,3045.0
2025-12-09,Cattle,VIC,SHE,Prime,2000.0
2026-03-16,Cattle,VIC,MTL,Prime,3239.0
2026-03-17,Cattle,SA,NAR,Prime,694.0
2026-03-23,Cattle,VIC,MTL,Prime,2937.0
2026-03-31,Cattle,SA,NAR,Prime,466.0
2026-04-14,Cattle,VIC,SHE,Prime,1554.0
2025-05-13,Cattle,VIC,SHE,Prime,2100.0
2025-05-27,Cattle,VIC,SHE,Prime,2200.0
2025-05-28,Cattle,QLD,GME,Prime,1258.0
2025-07-09,Cattle,QLD,GME,Prime,1773.0
2025-07-11,Cattle,NSW,TAM,Store,3952.0
2025-11-03,Cattle,VIC,MTL,Prime,591.0
2025-12-16,Cattle,VIC,SHE,Prime,1100.0
2026-02-02,Cattle,VIC,MTL,Prime,2672.0
2026-02-16,Cattle,VIC,MTL,Prime,2756.0
2026-04-20,Cattle,VIC,MTL,Prime,1663.0
2026-04-21,Cattle,TAS,POW,Prime,140.0
2025-05-08,Cattle,NSW,YAS,Prime,1805.0
2025-06-26,Cattle,NSW,YAS,Prime,486.0
2025-07-29,Cattle,VIC,WOD,Prime,400.0
2025-08-07,Cattle,NSW,YAS,Prime,494.0
2025-08-26,Cattle,VIC,LEO,Prime,1792.0
2025-08-28,Cattle,NSW,YAS,Prime,113.0
2025-09-11,Cattle,NSW,YAS,Prime,168.0
2025-10-09,Cattle,NSW,YAS,Prime,288.0
2025-10-10,Cattle,NSW,DUB,Store,1300.0
2025-10-16,Cattle,NSW,YAS,Prime,225.0
2025-05-01,Cattle,VIC,LEO,Store,4652.0
2025-05-28,Cattle,QLD,DAL,Prime,4905.0
2025-06-05,Cattle,VIC,LEO,Store,4088.0
2025-04-04,Cattle,NSW,DUB,Store,920.0
2025-04-14,Cattle,NSW,TAM,Prime,1971.0
2025-04-29,Cattle,VIC,LEO,Prime,3527.0
2025-05-22,Cattle,NSW,YAS,Prime,1100.0
2025-05-29,Cattle,NSW,YAS,Prime,1000.0
2025-07-10,Cattle,NSW,YAS,Prime,443.0
2025-08-04,Cattle,NSW,TAM,Prime,600.0
2025-09-18,Cattle,NSW,YAS,Prime,299.0
2025-10-02,Cattle,NSW,YAS,Prime,290.0
2025-10-30,Cattle,NSW,YAS,Prime,415.0
2026-01-07,Cattle,VIC,WOD,Store,4282.0
2025-08-27,Cattle,QLD,CHT,Prime,2897.0
2025-09-03,Cattle,NSW,CAS,Prime,1700.0
2025-09-30,Cattle,TAS,POW,Prime,90.0
2025-10-01,Cattle,SA,MCO,Prime,650.0
2025-10-01,Cattle,NSW,SIN,Prime,1054.0
2025-10-27,Cattle,NSW,TAM,Prime,2279.0
2025-10-29,Cattle,NSW,SIN,Prime,634.0
2025-11-05,Cattle,QLD,CHT,Prime,1500.0
2025-11-12,Cattle,NSW,CAS,Prime,1323.0
2025-11-17,Cattle,NSW,TAM,Prime,3566.0
2025-11-18,Cattle,VIC,LEO,Prime,2049.0
2025-11-19,Cattle,SA,MCO,Prime,509.0
2025-11-19,Cattle,NSW,SIN,Prime,1336.0
2025-11-26,Cattle,VIC,BAR,Prime,411.0
2025-12-09,Cattle,SA,ADP,Prime,440.0
2025-12-17,Cattle,SA,MCO,Prime,453.0
2025-04-03,Cattle,WA,MTB,Prime,1254.0
2025-05-05,Cattle,WA,MUC,Prime,1258.0
2025-08-12,Cattle,QLD,WAR,Prime,1000.0
2025-09-16,Cattle,QLD,WAR,Prime,1204.0
2025-09-30,Cattle,NSW,SCO,Prime,983.0
2026-02-24,Cattle,NSW,SCO,Prime,1860.0
2026-03-23,Cattle,WA,MUC,Prime,1420.0
2025-05-29,Cattle,WA,MTB,Prime,857.0
2025-06-26,Cattle,NSW,DUB,Prime,3260.0
2025-09-03,Cattle,VIC,ECH,Prime,1650.0
2025-10-02,Cattle,WA,MTB,Prime,878.0
2025-11-24,Cattle,NSW,WAG,Prime,6300.0
2025-12-08,Cattle,NSW,WAG,Prime,6989.0
2026-01-21,Cattle,VIC,ECH,Prime,1295.0
2026-02-09,Cattle,NSW,WAG,Prime,5700.0
2026-02-19,Cattle,WA,MTB,Prime,1126.0
2026-02-24,Cattle,NSW,CTL,Prime,2440.0
2026-03-19,Cattle,WA,MTB,Prime,1264.0
2026-03-24,Cattle,NSW,CTL,Prime,2908.0
2026-04-13,Cattle,NSW,WAG,Prime,3700.0
2026-04-22,Cattle,VIC,ECH,Prime,976.0
2025-04-01,Cattle,SA,ADP,Prime,200.0
2025-04-09,Cattle,NSW,CAS,Prime,2047.0
2025-04-30,Cattle,NSW,SIN,Prime,883.0
2025-05-02,Cattle,QLD,DAL,Store,1696.0
2025-05-07,Cattle,NSW,SIN,Prime,983.0
2025-05-07,Cattle,VIC,BAL,Prime,1250.0
2025-05-14,Cattle,QLD,CHT,Prime,3528.0
2025-05-16,Cattle,NSW,TAM,Store,3100.0
2025-05-21,Cattle,SA,MCO,Prime,640.0
2025-05-21,Cattle,NSW,SIN,Prime,334.0
2025-05-28,Cattle,VIC,BAR,Prime,252.0
2025-06-11,Cattle,NSW,SIN,Prime,1489.0
2025-07-02,Cattle,SA,MCO,Prime,523.0
2025-07-03,Cattle,NSW,ARM,Prime,1273.0
2025-07-11,Cattle,VIC,BAR,Store,620.0
2025-07-16,Cattle,NSW,SIN,Prime,1088.0
2025-07-23,Cattle,NSW,SIN,Prime,1111.0
2025-09-10,Cattle,SA,MCO,Prime,348.0
2025-09-10,Cattle,NSW,SIN,Prime,986.0
2025-10-22,Cattle,VIC,BAL,Prime,570.0
2025-10-24,Cattle,VIC,BAR,Store,2396.0
2025-11-05,Cattle,TAS,POW,Prime,66.0
2025-11-06,Cattle,NSW,ARM,Prime,1432.0
2025-11-24,Cattle,NSW,TAM,Prime,4200.0
2025-12-09,Cattle,VIC,LEO,Prime,2143.0
2025-12-16,Cattle,VIC,LEO,Prime,1459.0
2025-12-16,Cattle,TAS,POW,Prime,58.0
2025-12-18,Cattle,NSW,YAS,Prime,332.0
2025-04-02,Cattle,NSW,CAS,Prime,1600.0
2025-04-08,Cattle,VIC,LEO,Prime,3532.0
2025-04-28,Cattle,NSW,TAM,Prime,1331.0
2025-05-12,Cattle,NSW,TAM,Prime,2210.0
2025-06-03,Cattle,VIC,LEO,Prime,3490.0
2025-07-01,Cattle,VIC,LEO,Prime,2529.0
2025-07-03,Cattle,NSW,YAS,Prime,355.0
2025-08-12,Cattle,VIC,WOD,Prime,420.0
2025-10-07,Cattle,VIC,LEO,Prime,1600.0
2025-11-06,Cattle,NSW,YAS,Prime,551.0
2025-11-18,Cattle,NSW,GUN,Prime,4550.0
2025-12-02,Cattle,NSW,GUN,Prime,5800.0
2026-03-04,Cattle,SA,MOU,Prime,752.0
2026-03-24,Cattle,NSW,INV,Prime,4550.0
2026-04-23,Cattle,NSW,DUB,Prime,11543.0
2025-04-04,Cattle,NSW,CTL,Store,6860.0
2025-12-09,Cattle,VIC,WOD,Prime,2012.0
2026-01-13,Cattle,VIC,WOD,Prime,2075.0
2026-03-06,Cattle,NSW,DUB,Store,357.0
2026-04-14,Cattle,VIC,WOD,Prime,921.0
2025-05-27,Cattle,VIC,WOD,Prime,1300.0
2025-06-10,Cattle,VIC,LEO,Prime,3450.0
2025-06-12,Cattle,NSW,YAS,Prime,800.0
2025-07-15,Cattle,VIC,LEO,Prime,2011.0
2025-07-17,Cattle,NSW,YAS,Prime,479.0
2025-07-28,Cattle,NSW,TAM,Prime,1065.0
2025-09-09,Cattle,VIC,LEO,Prime,2000.0
2025-10-03,Cattle,NSW,DUB,Store,1550.0
2025-11-25,Cattle,VIC,WOD,Prime,2000.0
2025-12-09,Cattle,NSW,GUN,Prime,4400.0
2025-12-16,Cattle,VIC,WOD,Prime,998.0
2026-01-13,Cattle,NSW,GUN,Prime,3330.0
2026-02-10,Cattle,NSW,GUN,Prime,2750.0
2026-02-17,Cattle,VIC,WOD,Prime,1400.0
2026-04-14,Cattle,NSW,GUN,Prime,7200.0
2025-04-01,Cattle,SA,NAR,Prime,998.0
2025-04-09,Cattle,VIC,BAR,Prime,436.0
2025-04-11,Cattle,NSW,TAM,Store,2951.0
2025-05-02,Cattle,NSW,TAM,Store,4696.0
2025-05-06,Cattle,SA,ADP,Prime,240.0
2025-05-27,Cattle,SA,ADP,Prime,200.0
2025-05-30,Cattle,NSW,TAM,Store,3600.0
2025-06-04,Cattle,SA,MCO,Prime,634.0
2025-06-04,Cattle,NSW,SIN,Prime,1187.0
2025-06-30,Cattle,VIC,MTL,Prime,1658.0
2025-07-09,Cattle,VIC,BAR,Prime,270.0
2025-08-13,Cattle,QLD,CHT,Prime,3426.0
2025-08-26,Cattle,TAS,POW,Prime,152.0
2025-09-10,Cattle,QLD,CHT,Prime,3024.0
2025-09-22,Cattle,NSW,TAM,Prime,2937.0
2025-09-24,Cattle,SA,MCO,Prime,730.0
2025-10-01,Cattle,QLD,CHT,Prime,2465.0
2025-11-19,Cattle,QLD,CHT,Prime,2955.0
2025-11-25,Cattle,SA,ADP,Prime,340.0
2025-12-03,Cattle,NSW,CAS,Prime,1623.0
2025-12-03,Cattle,VIC,BAR,Prime,356.0
2025-12-04,Cattle,NSW,ARM,Prime,2310.0
2025-12-09,Cattle,TAS,POW,Prime,179.0
2025-12-11,Cattle,TAS,POW,Store,1096.0
2025-04-04,Cattle,NSW,TAM,Store,2421.0
2025-04-07,Cattle,VIC,MTL,Prime,3380.0
2025-04-30,Cattle,SA,MCO,Prime,840.0
2025-05-08,Cattle,TAS,POW,Store,2687.0
2025-05-12,Cattle,VIC,MTL,Prime,3395.0
2025-05-14,Cattle,VIC,BAR,Prime,382.0
2025-05-28,Cattle,NSW,CAS,Prime,1535.0
2025-06-04,Cattle,QLD,CHT,Prime,3701.0
2025-07-07,Cattle,VIC,MTL,Prime,1852.0
2025-07-08,Cattle,TAS,POW,Prime,124.0
2025-07-16,Cattle,SA,MCO,Prime,361.0
2025-07-21,Cattle,VIC,MTL,Prime,1714.0
2025-07-30,Cattle,NSW,SIN,Prime,1040.0
2025-07-30,Cattle,NSW,CAS,Prime,1140.0
2025-08-06,Cattle,NSW,SIN,Prime,404.0
2025-08-20,Cattle,NSW,CAS,Prime,1590.0
2025-04-15,Cattle,NSW,INV,Prime,1094.0
2025-06-02,Cattle,NSW,FOR,Prime,1192.0
2025-07-24,Cattle,VIC,LEO,Store,2600.0
2025-12-18,Cattle,VIC,LEO,Store,1141.0
2025-04-03,Cattle,VIC,MTL,Store,2000.0
2025-11-04,Cattle,QLD,ROM,Prime,5313.0
2025-11-06,Cattle,VIC,MTL,Store,1810.0
2026-03-02,Cattle,VIC,ENO,Store,2995.0
2026-04-08,Cattle,QLD,GME,Prime,1327.0
2025-05-05,Cattle,VIC,MTL,Prime,3598.0
2025-05-07,Cattle,SA,MCO,Prime,782.0
2025-06-10,Cattle,TAS,POW,Prime,126.0
2025-06-25,Cattle,SA,MCO,Prime,250.0
2025-07-23,Cattle,SA,MCO,Prime,420.0
2025-08-06,Cattle,QLD,CHT,Prime,3705.0
2025-08-27,Cattle,NSW,CAS,Prime,1400.0
2025-09-10,Cattle,NSW,CAS,Prime,1420.0
2025-10-21,Cattle,SA,ADP,Prime,170.0
2025-10-22,Cattle,SA,MCO,Prime,860.0
2025-11-05,Cattle,NSW,CAS,Prime,1343.0
2025-11-11,Cattle,TAS,POW,Prime,106.0
2025-11-19,Cattle,VIC,BAR,Prime,400.0
2025-11-20,Cattle,TAS,POW,Store,1447.0
2025-11-26,Cattle,SA,MCO,Prime,940.0
2025-11-28,Cattle,VIC,BAR,Store,2282.0
2025-12-02,Cattle,TAS,POW,Prime,177.0
2025-12-10,Cattle,SA,MCO,Prime,1008.0
2025-12-12,Cattle,VIC,BAR,Store,1755.0
2026-01-15,Cattle,NSW,ARM,Prime,2116.0
2026-02-10,Cattle,VIC,LEO,Prime,2619.0
2026-02-17,Cattle,VIC,LEO,Prime,2562.0
2026-02-27,Cattle,VIC,BAL,Store,5500.0
2026-03-04,Cattle,NSW,SIN,Prime,1316.0
2026-03-05,Cattle,NSW,YAS,Prime,846.0
2026-03-10,Cattle,TAS,POW,Prime,113.0
2026-03-19,Cattle,NSW,YAS,Prime,845.0
2026-04-13,Cattle,NSW,TAM,Prime,7553.0
2026-04-15,Cattle,QLD,CHT,Prime,2414.0
2026-04-22,Cattle,VIC,BAL,Prime,354.0
2026-04-23,Cattle,NSW,YAS,Prime,956.0
2025-04-08,Cattle,QLD,ROM,Prime,2218.0
2025-06-03,Cattle,QLD,ROM,Prime,4649.0
2025-06-10,Cattle,QLD,ROM,Prime,7738.0
2025-07-01,Cattle,QLD,ROM,Prime,6576.0
2025-07-30,Cattle,QLD,GME,Prime,1918.0
2025-08-19,Cattle,QLD,ROM,Prime,7703.0
2025-10-07,Cattle,QLD,ROM,Prime,8457.0
2025-10-14,Cattle,QLD,ROM,Prime,5903.0
2026-02-03,Cattle,QLD,ROM,Prime,6852.0
2026-03-05,Cattle,VIC,MTL,Store,1127.0
2025-07-30,Cattle,QLD,DAL,Prime,6241.0
2025-07-31,Cattle,VIC,LEO,Store,2200.0
2025-08-06,Cattle,QLD,DAL,Prime,7217.0
2025-10-08,Cattle,QLD,DAL,Prime,6573.0
2025-12-04,Cattle,VIC,LEO,Store,4098.0
2026-03-12,Cattle,VIC,LEO,Store,2500.0
2026-04-09,Cattle,VIC,LEO,Store,2665.0
2025-06-17,Cattle,TAS,POW,Prime,213.0
2025-07-02,Cattle,QLD,CHT,Prime,2012.0
2025-07-09,Cattle,NSW,CAS,Prime,1435.0
2025-07-17,Cattle,NSW,ARM,Prime,1785.0
2025-07-17,Cattle,TAS,POW,Store,1167.0
2025-08-13,Cattle,SA,MCO,Prime,587.0
2025-08-13,Cattle,NSW,SIN,Prime,893.0
2025-08-26,Cattle,SA,ADP,Prime,220.0
2025-09-17,Cattle,VIC,BAR,Prime,352.0
2025-09-24,Cattle,VIC,BAR,Prime,410.0
2025-10-29,Cattle,QLD,CHT,Prime,2750.0
2025-11-12,Cattle,VIC,BAR,Prime,563.0
2025-11-25,Cattle,TAS,POW,Prime,157.0
2025-11-25,Cattle,VIC,LEO,Prime,2201.0
2026-01-07,Cattle,NSW,SIN,Prime,954.0
2026-02-05,Cattle,NSW,ARM,Prime,1350.0
2026-02-24,Cattle,SA,ADP,Prime,220.0
2026-03-12,Cattle,NSW,YAS,Prime,657.0
2026-03-17,Cattle,TAS,POW,Prime,191.0
2026-03-25,Cattle,VIC,BAR,Prime,383.0
2025-04-08,Cattle,VIC,SHE,Prime,2000.0
2025-04-16,Cattle,QLD,GME,Prime,3685.0
2025-04-29,Cattle,SA,NAR,Prime,870.0
2025-05-07,Cattle,QLD,GME,Prime,2605.0
2025-07-01,Cattle,VIC,SHE,Prime,2000.0
2025-07-25,Cattle,NSW,TAM,Store,2200.0
2025-08-05,Cattle,VIC,SHE,Prime,1700.0
2025-08-19,Cattle,VIC,SHE,Prime,1540.0
2025-10-14,Cattle,VIC,SHE,Prime,1750.0
2025-11-18,Cattle,VIC,SHE,Prime,1625.0
2025-12-01,Cattle,VIC,MTL,Prime,1963.0
2026-01-13,Cattle,SA,NAR,Prime,1087.0
2026-02-03,Cattle,VIC,SHE,Prime,1575.0
2026-02-10,Cattle,SA,NAR,Prime,964.0
2026-02-17,Cattle,SA,NAR,Prime,607.0
2026-04-24,Cattle,NSW,TAM,Store,6393.0
2025-05-13,Cattle,QLD,ROM,Prime,7137.0
2025-09-09,Cattle,QLD,ROM,Prime,11082.0
2025-09-16,Cattle,QLD,ROM,Prime,8402.0
2025-09-23,Cattle,QLD,ROM,Prime,9631.0
2025-09-24,Cattle,QLD,GME,Prime,4645.0
2025-10-28,Cattle,QLD,ROM,Prime,7495.0
2026-01-27,Cattle,QLD,ROM,Prime,7405.0
2026-02-05,Cattle,VIC,MTL,Store,1153.0
2025-08-27,Cattle,QLD,GME,Prime,2518.0
2025-11-05,Cattle,QLD,GME,Prime,2150.0
2025-11-18,Cattle,QLD,ROM,Prime,3655.0
2025-12-02,Cattle,QLD,ROM,Prime,7971.0
2025-08-28,Cattle,VIC,LEO,Store,3549.0
2025-11-13,Cattle,VIC,LEO,Store,3261.0
2026-01-16,Cattle,VIC,LEO,Store,2604.0
2026-01-29,Cattle,VIC,LEO,Store,1724.0
2025-04-30,Cattle,SA,MOU,Prime,1073.0
2025-05-07,Cattle,SA,MOU,Prime,485.0
2025-07-07,Cattle,NSW,WAG,Prime,2970.0
2025-07-16,Cattle,VIC,ECH,Prime,1096.0
2025-07-23,Cattle,VIC,ECH,Prime,1131.0
2025-07-31,Cattle,NSW,DUB,Prime,4460.0
2026-02-06,Cattle,WA,MTB,Prime,709.0
2026-03-16,Cattle,NSW,WAG,Prime,4585.0
2026-03-23,Cattle,NSW,WAG,Prime,3775.0
2026-03-31,Cattle,NSW,CTL,Prime,2142.0
2026-04-21,Cattle,NSW,CTL,Prime,4211.0
2025-04-29,Cattle,QLD,ROM,Prime,8433.0
2025-06-05,Cattle,VIC,MTL,Store,4200.0
2025-06-19,Cattle,VIC,MTL,Store,5449.0
2025-08-12,Cattle,QLD,ROM,Prime,6489.0
2025-10-17,Cattle,QLD,GME,Prime,3083.0
2025-10-21,Cattle,QLD,ROM,Prime,5923.0
2025-10-22,Cattle,QLD,GME,Prime,2661.0
2025-11-26,Cattle,QLD,GME,Prime,3953.0
2026-01-08,Cattle,VIC,MTL,Store,1116.0
2026-01-20,Cattle,QLD,ROM,Prime,7326.0
2026-02-19,Cattle,VIC,MTL,Store,6060.0
2026-03-19,Cattle,VIC,MTL,Store,5967.0
2026-04-01,Cattle,QLD,GME,Prime,2947.0
2026-04-22,Cattle,QLD,GME,Prime,2155.0
2025-04-01,Cattle,QLD,WAR,Prime,1428.0
2025-04-03,Cattle,VIC,LEO,Store,3900.0
2025-08-14,Cattle,VIC,LEO,Store,2878.0
2025-10-01,Cattle,QLD,DAL,Prime,7544.0
2025-11-27,Cattle,VIC,LEO,Store,3652.0
2025-12-11,Cattle,VIC,LEO,Store,2200.0
2025-04-24,Cattle,NSW,YAS,Store,5660.0
2025-05-06,Cattle,NSW,INV,Prime,1870.0
2025-05-20,Cattle,NSW,GUN,Prime,1250.0
2025-05-27,Cattle,NSW,INV,Prime,992.0
2025-06-18,Cattle,NSW,MOS,Prime,3165.0
2025-06-27,Cattle,NSW,YAS,Store,852.0
2025-07-07,Cattle,NSW,FOR,Prime,1625.0
2025-07-08,Cattle,NSW,GUN,Prime,3200.0
2025-07-30,Cattle,NSW,MOS,Prime,1980.0
2025-08-13,Cattle,SA,MOU,Prime,473.0
2025-08-21,Cattle,NSW,DUB,Prime,3720.0
2025-09-02,Cattle,NSW,GUN,Prime,3300.0
2025-09-10,Cattle,SA,MOU,Prime,627.0
2025-10-31,Cattle,NSW,YAS,Store,531.0
2025-11-10,Cattle,NSW,FOR,Prime,2449.0
2025-11-25,Cattle,NSW,INV,Prime,2317.0
2025-12-03,Cattle,NSW,MOS,Prime,2551.0
2025-12-10,Cattle,SA,MOU,Prime,1580.0
2026-03-27,Cattle,NSW,YAS,Store,1470.0
2026-02-26,Cattle,VIC,LEO,Store,2105.0
2025-09-10,Cattle,VIC,BAL,Prime,264.0
2025-09-26,Cattle,VIC,BAR,Store,2290.0
2025-10-29,Cattle,VIC,BAR,Prime,209.0
2025-11-12,Cattle,QLD,CHT,Prime,3046.0
2025-12-03,Cattle,NSW,SIN,Prime,1341.0
2025-12-03,Cattle,SA,MCO,Prime,960.0
2026-01-28,Cattle,VIC,BAR,Prime,217.0
2026-02-19,Cattle,NSW,ARM,Prime,1473.0
2026-03-04,Cattle,SA,MCO,Prime,510.0
2025-04-10,Cattle,WA,MTB,Prime,2067.0
2025-05-05,Cattle,NSW,WAG,Prime,8690.0
2025-05-06,Cattle,NSW,CTL,Prime,3864.0
2025-05-15,Cattle,WA,MTB,Prime,1432.0
2025-05-26,Cattle,WA,MUC,Prime,818.0
2025-10-07,Cattle,TAS,NTS,Prime,1140.0
2025-10-21,Cattle,NSW,SCO,Prime,961.0
2025-11-04,Cattle,NSW,SCO,Prime,1228.0
2025-11-11,Cattle,NSW,SCO,Prime,1573.0
2025-11-25,Cattle,NSW,SCO,Prime,2216.0
2025-12-09,Cattle,QLD,WAR,Prime,1767.0
2025-12-15,Cattle,WA,MUC,Prime,1512.0
2026-02-02,Cattle,WA,MUC,Prime,1839.0
2026-02-10,Cattle,NSW,SCO,Prime,1153.0
2026-02-25,Cattle,QLD,DAL,Prime,6028.0
2026-03-24,Cattle,QLD,WAR,Prime,2034.0
2025-04-02,Cattle,NSW,MOS,Prime,1810.0
2025-05-06,Cattle,NSW,GUN,Prime,2400.0
2025-05-27,Cattle,NSW,GUN,Prime,1860.0
2025-05-30,Cattle,NSW,YAS,Store,2219.0
2025-06-30,Cattle,NSW,FOR,Prime,960.0
2025-07-16,Cattle,NSW,MOS,Prime,1484.0
2025-08-26,Cattle,NSW,INV,Prime,1024.0
2025-08-27,Cattle,SA,MOU,Prime,535.0
2025-10-23,Cattle,QLD,BLA,Prime,2400.0
2025-11-05,Cattle,SA,MOU,Prime,548.0
2025-11-12,Cattle,NSW,MOS,Prime,2145.0
2025-11-27,Cattle,NSW,DUB,Prime,11016.0
2025-12-09,Cattle,NSW,INV,Prime,3055.0
2026-02-04,Cattle,SA,MOU,Prime,2017.0
2026-02-10,Cattle,NSW,INV,Prime,1852.0
2026-02-11,Cattle,NSW,MOS,Prime,1482.0
2026-02-18,Cattle,SA,MOU,Prime,841.0
2025-06-12,Cattle,NSW,DUB,Prime,3590.0
2025-06-18,Cattle,VIC,ECH,Prime,1552.0
2025-06-26,Cattle,QLD,BLA,Prime,4300.0
2025-07-02,Cattle,SA,MOU,Prime,311.0
2025-07-23,Cattle,SA,MOU,Prime,378.0
2025-07-30,Cattle,VIC,ECH,Prime,1480.0
2025-08-07,Cattle,QLD,BLA,Prime,3800.0
2025-08-27,Cattle,VIC,ECH,Prime,1208.0
2025-08-28,Cattle,QLD,BLA,Prime,5660.0
2025-09-04,Cattle,WA,MTB,Prime,658.0
2025-09-11,Cattle,QLD,BLA,Prime,2400.0
2026-03-03,Cattle,VIC,HIN,Store,791.0
2026-03-17,Cattle,NSW,CTL,Prime,2470.0
2026-04-09,Cattle,WA,MTB,Prime,1361.0
2025-04-24,Cattle,NSW,DUB,Prime,2140.0
2025-05-08,Cattle,NSW,DUB,Prime,3915.0
2025-05-08,Cattle,QLD,BLA,Prime,3500.0
2025-05-14,Cattle,SA,MOU,Prime,519.0
2025-05-29,Cattle,NSW,DUB,Prime,2840.0
2025-09-17,Cattle,VIC,ECH,Prime,1636.0
2025-09-22,Cattle,NSW,WAG,Prime,2870.0
2025-10-02,Cattle,QLD,BLA,Prime,2400.0
2025-11-12,Cattle,VIC,ECH,Prime,1472.0
2026-01-19,Cattle,NSW,WAG,Prime,7000.0
2026-03-25,Cattle,VIC,ECH,Prime,1429.0
2026-03-30,Cattle,NSW,WAG,Prime,3260.0
2026-04-14,Cattle,NSW,CTL,Prime,3298.0
2026-04-16,Cattle,WA,MTB,Prime,972.0
2025-08-13,Cattle,QLD,DAL,Prime,6252.0
2025-08-21,Cattle,VIC,LEO,Store,2860.0
2025-04-08,Cattle,QLD,WAR,Prime,1286.0
2025-07-10,Cattle,VIC,LEO,Store,2400.0
2025-09-24,Cattle,QLD,DAL,Prime,6634.0
2025-10-02,Cattle,VIC,LEO,Store,3571.0
2025-11-06,Cattle,VIC,LEO,Store,1948.0
2025-09-03,Cattle,VIC,BAR,Prime,371.0
2025-09-24,Cattle,QLD,CHT,Prime,3266.0
2025-10-08,Cattle,NSW,CAS,Prime,1125.0
2025-11-26,Cattle,NSW,SIN,Prime,1378.0
2025-12-03,Cattle,VIC,BAL,Prime,680.0
2026-01-09,Cattle,VIC,BAR,Store,404.0
2026-01-14,Cattle,NSW,CAS,Prime,1530.0
2026-01-21,Cattle,NSW,CAS,Prime,1400.0
2026-01-21,Cattle,VIC,BAR,Prime,280.0
2026-01-29,Cattle,NSW,ARM,Prime,1664.0
2026-02-11,Cattle,SA,MCO,Prime,1021.0
2026-02-25,Cattle,SA,MCO,Prime,935.0
2026-03-27,Cattle,VIC,BAR,Store,881.0
2026-04-09,Cattle,NSW,YAS,Prime,738.0
2025-04-22,Cattle,VIC,SHE,Prime,1300.0
2025-04-23,Cattle,QLD,GME,Prime,1695.0
2025-04-29,Cattle,VIC,SHE,Prime,2050.0
2025-05-20,Cattle,SA,NAR,Prime,1297.0
2025-07-22,Cattle,SA,NAR,Prime,617.0
2025-07-29,Cattle,VIC,SHE,Prime,1555.0
2025-08-05,Cattle,SA,NAR,Prime,464.0
2025-10-14,Cattle,SA,NAR,Prime,1099.0
2025-10-21,Cattle,SA,NAR,Prime,1020.0
2025-10-27,Cattle,VIC,MTL,Prime,1249.0
2025-11-14,Cattle,NSW,TAM,Store,2401.0
2025-11-17,Cattle,VIC,MTL,Prime,1335.0
2026-03-03,Cattle,SA,NAR,Prime,450.0
2026-04-10,Cattle,NSW,TAM,Store,8171.0
2026-04-21,Cattle,SA,NAR,Prime,454.0
2025-04-07,Cattle,NSW,TAM,Prime,2181.0
2025-04-15,Cattle,VIC,WOD,Prime,1200.0
2025-05-05,Cattle,NSW,TAM,Prime,3220.0
2025-07-21,Cattle,NSW,TAM,Prime,2075.0
2025-10-14,Cattle,VIC,LEO,Prime,1817.0
2026-02-24,Cattle,VIC,WOD,Prime,1200.0
2026-03-24,Cattle,VIC,WOD,Prime,924.0
2025-12-10,Cattle,NSW,MOS,Prime,2472.0
2026-01-13,Cattle,NSW,INV,Prime,2033.0
2026-02-17,Cattle,NSW,INV,Prime,2511.0
2026-04-01,Cattle,NSW,MOS,Prime,696.0
2025-04-11,Cattle,NSW,CTL,Store,6831.0
2025-06-24,Cattle,NSW,INV,Prime,2077.0
2025-08-12,Cattle,NSW,GUN,Prime,3700.0
2025-08-26,Cattle,NSW,GUN,Prime,2150.0
2025-09-03,Cattle,SA,MOU,Prime,291.0
2026-01-05,Cattle,NSW,CAS,Store,400.0
2026-01-13,Cattle,SA,ADP,Prime,120.0
2026-01-15,Cattle,NSW,YAS,Prime,1313.0
2026-01-28,Cattle,NSW,CAS,Prime,1514.0
2026-02-02,Cattle,NSW,TAM,Prime,3349.0
2026-02-10,Cattle,SA,ADP,Prime,260.0
2026-03-04,Cattle,VIC,BAR,Prime,83.0
2026-03-11,Cattle,NSW,CAS,Prime,1571.0
2026-04-20,Cattle,NSW,TAM,Prime,6898.0
2025-04-07,Cattle,WA,MUC,Prime,1194.0
2025-04-14,Cattle,NSW,WAG,Prime,7810.0
2025-04-15,Cattle,NSW,CTL,Prime,4106.0
2025-05-12,Cattle,WA,MUC,Prime,620.0
2025-05-14,Cattle,VIC,ECH,Prime,570.0
2025-05-22,Cattle,WA,MTB,Prime,1070.0
2025-06-03,Cattle,WA,MUC,Prime,508.0
2025-08-05,Cattle,QLD,WAR,Prime,909.0
2025-08-19,Cattle,NSW,SCO,Prime,1120.0
2025-11-10,Cattle,WA,MUC,Prime,2256.0
2025-12-02,Cattle,NSW,SCO,Prime,1385.0
2025-12-09,Cattle,NSW,CTL,Prime,4099.0
2025-12-09,Cattle,NSW,SCO,Prime,1862.0
2026-01-14,Cattle,QLD,DAL,Prime,5464.0
2026-01-21,Cattle,QLD,DAL,Prime,7238.0
2026-01-27,Cattle,QLD,WAR,Prime,1651.0
2026-03-03,Cattle,QLD,WAR,Prime,1889.0
2026-03-16,Cattle,WA,MUC,Prime,918.0
2026-03-24,Cattle,NSW,SCO,Prime,2346.0
2025-06-27,Cattle,NSW,TAM,Store,4015.0
2025-10-20,Cattle,VIC,MTL,Prime,1095.0
2026-01-06,Cattle,VIC,SHE,Prime,800.0
2026-01-20,Cattle,SA,NAR,Prime,1206.0
2026-04-13,Cattle,NSW,FOR,Prime,2254.0
2026-03-05,Cattle,QLD,BLA,Prime,2100.0
2026-03-26,Cattle,QLD,BLA,Prime,5000.0
2026-04-14,Cattle,NSW,INV,Prime,4559.0
2025-05-01,Cattle,VIC,MTL,Store,2546.0
2025-08-06,Cattle,QLD,GME,Prime,2967.0
2025-09-04,Cattle,VIC,MTL,Store,2100.0
2025-11-11,Cattle,QLD,ROM,Prime,6125.0
2026-03-18,Cattle,QLD,GME,Prime,2606.0
2026-04-07,Cattle,QLD,ROM,Prime,3900.0
2025-04-29,Cattle,QLD,WAR,Prime,1372.0
2025-06-26,Cattle,VIC,LEO,Store,3748.0
2025-07-03,Cattle,VIC,LEO,Store,2630.0
2025-07-23,Cattle,QLD,DAL,Prime,6261.0
2025-06-19,Cattle,VIC,LEO,Store,3630.0
2025-06-05,Cattle,QLD,BLA,Prime,1350.0
2025-06-26,Cattle,WA,MTB,Prime,487.0
2025-06-30,Cattle,NSW,WAG,Prime,2655.0
2025-08-07,Cattle,WA,MTB,Prime,651.0
2025-08-18,Cattle,NSW,WAG,Prime,3325.0
2025-08-25,Cattle,NSW,WAG,Prime,2040.0
2025-08-28,Cattle,WA,MTB,Prime,810.0
2025-09-24,Cattle,VIC,ECH,Prime,1465.0
2025-09-29,Cattle,NSW,WAG,Prime,3140.0
2025-10-09,Cattle,WA,MTB,Prime,779.0
2025-10-16,Cattle,WA,MTB,Prime,1756.0
2025-11-13,Cattle,WA,MTB,Prime,1359.0
2026-01-16,Cattle,WA,MTB,Prime,705.0
2026-01-22,Cattle,WA,MTB,Prime,1380.0
2026-02-05,Cattle,WA,MTB,Prime,1318.0
2025-08-21,Cattle,VIC,MTL,Store,3842.0
2025-10-01,Cattle,QLD,GME,Prime,3508.0
2025-11-19,Cattle,QLD,GME,Prime,1958.0
2025-04-15,Cattle,QLD,ROM,Prime,5618.0
2025-07-15,Cattle,QLD,ROM,Prime,9780.0
2025-08-20,Cattle,QLD,GME,Prime,3749.0
2026-03-10,Cattle,QLD,ROM,Prime,2100.0
2026-03-24,Cattle,QLD,ROM,Prime,7453.0
2025-05-07,Cattle,QLD,DAL,Prime,3685.0
2026-01-12,Cattle,NSW,TAM,Prime,2436.0
2026-01-13,Cattle,VIC,LEO,Prime,2309.0
2026-01-13,Cattle,TAS,POW,Prime,195.0
2026-01-23,Cattle,VIC,BAR,Store,2755.0
2026-01-28,Cattle,VIC,BAL,Prime,216.0
2026-02-10,Cattle,TAS,POW,Prime,123.0
2026-02-12,Cattle,NSW,ARM,Prime,1187.0
2026-02-12,Cattle,TAS,POW,Store,2483.0
2026-02-19,Cattle,NSW,YAS,Prime,865.0
2026-02-26,Cattle,NSW,YAS,Prime,840.0
2026-03-04,Cattle,NSW,CAS,Prime,1850.0
2026-04-08,Cattle,NSW,CAS,Prime,1578.0
2026-04-08,Cattle,VIC,BAR,Prime,237.0
2026-04-16,Cattle,NSW,YAS,Prime,1156.0
2025-05-15,Cattle,VIC,MTL,Store,6100.0
2025-07-07,Cattle,QLD,GME,Store,5125.0
2025-08-13,Cattle,QLD,GME,Prime,2394.0
2025-12-04,Cattle,VIC,MTL,Store,2015.0
2025-12-09,Cattle,QLD,ROM,Prime,9455.0
2025-12-10,Cattle,QLD,GME,Prime,5089.0
2026-02-24,Cattle,QLD,ROM,Prime,7634.0
2025-05-20,Cattle,QLD,WAR,Prime,802.0
2025-09-04,Cattle,VIC,LEO,Store,4600.0
2025-11-20,Cattle,VIC,LEO,Store,2645.0
2026-01-08,Cattle,VIC,LEO,Store,2200.0
2026-03-19,Cattle,VIC,LEO,Store,3995.0
2026-04-02,Cattle,VIC,LEO,Store,1599.0
2026-04-16,Cattle,VIC,LEO,Store,4430.0
2026-04-23,Cattle,VIC,LEO,Store,2763.0
2026-02-04,Cattle,QLD,GME,Prime,3113.0
2026-03-03,Cattle,QLD,ROM,Prime,7259.0
2025-07-09,Cattle,QLD,DAL,Prime,6679.0
2025-09-03,Cattle,QLD,DAL,Prime,6926.0
2025-09-17,Cattle,QLD,DAL,Prime,6817.0
2025-05-27,Cattle,QLD,ROM,Prime,5500.0
2025-07-16,Cattle,QLD,GME,Prime,2627.0
2025-09-02,Cattle,QLD,ROM,Prime,8234.0
2026-02-25,Cattle,QLD,GME,Prime,4126.0
2026-03-17,Cattle,QLD,ROM,Prime,5860.0
2026-04-16,Cattle,VIC,MTL,Store,6000.0
2025-11-20,Cattle,VIC,MTL,Store,5752.0
2025-12-11,Cattle,VIC,MTL,Store,5450.0
2026-02-13,Cattle,QLD,GME,Prime,3213.0
2025-07-17,Cattle,VIC,LEO,Store,1421.0
2025-06-18,Cattle,SA,MOU,Prime,564.0
2025-07-09,Cattle,VIC,ECH,Prime,1625.0
2025-07-10,Cattle,WA,MTB,Prime,763.0
2025-09-25,Cattle,WA,MTB,Prime,1037.0
2025-10-08,Cattle,VIC,ECH,Prime,1810.0
2025-10-09,Cattle,QLD,BLA,Prime,2650.0
2025-10-15,Cattle,VIC,ECH,Prime,1957.0
2025-10-16,Cattle,QLD,BLA,Prime,2300.0
2025-12-03,Cattle,VIC,ECH,Prime,1849.0
2026-01-14,Cattle,VIC,ECH,Prime,1000.0
2026-02-27,Cattle,WA,MTB,Prime,305.0
2026-04-20,Lamb,VIC,BEN,Prime,9670.0
2025-04-02,Lamb,NSW,YAS,Prime,11650.0
2025-05-01,Lamb,NSW,WAG,Prime,54850.0
2025-05-21,Lamb,NSW,YAS,Prime,7585.0
2025-06-04,Lamb,NSW,YAS,Prime,9350.0
2025-06-05,Lamb,NSW,WAG,Prime,35550.0
2025-06-25,Lamb,NSW,YAS,Prime,4505.0
2025-07-02,Lamb,NSW,YAS,Prime,4700.0
2025-07-15,Lamb,NSW,DEN,Prime,2000.0
2025-07-16,Lamb,NSW,YAS,Prime,4332.0
2025-09-04,Lamb,NSW,WAG,Prime,34000.0
2025-11-20,Lamb,NSW,WAG,Prime,48300.0
2025-12-10,Lamb,NSW,YAS,Prime,16000.0
2026-03-03,Lamb,SA,NAR,Prime,2000.0
2025-05-20,Lamb,NSW,FOR,Prime,30350.0
2025-06-10,Lamb,VIC,BAL,Prime,17681.0
2025-06-18,Lamb,NSW,COW,Prime,4630.0
2025-07-15,Lamb,VIC,BAL,Prime,12613.0
2025-07-30,Lamb,NSW,COW,Prime,2620.0
2025-08-13,Lamb,NSW,CTL,Prime,3483.0
2025-09-01,Lamb,NSW,DUB,Prime,24098.0
2025-11-03,Lamb,NSW,DUB,Prime,17700.0
2025-11-05,Lamb,VIC,HAM,Prime,3370.0
2025-12-03,Lamb,NSW,COW,Prime,3270.0
2025-12-15,Lamb,NSW,DUB,Prime,15890.0
2026-01-07,Lamb,NSW,CTL,Prime,3490.0
2026-01-14,Lamb,NSW,COW,Prime,3700.0
2026-02-02,Lamb,NSW,DUB,Prime,23700.0
2026-02-04,Lamb,VIC,HAM,Prime,17500.0
2026-02-18,Lamb,VIC,HAM,Prime,10500.0
2026-03-10,Lamb,VIC,BAL,Prime,21150.0
2026-03-18,Lamb,NSW,CTL,Prime,5661.0
2025-06-02,Lamb,VIC,BEN,Prime,15880.0
2025-06-30,Lamb,VIC,BEN,Prime,7870.0
2025-10-01,Lamb,NSW,YAS,Prime,5340.0
2026-03-26,Lamb,NSW,WAG,Prime,33000.0
2025-04-14,Lamb,NSW,TAM,Prime,2500.0
2025-12-15,Lamb,NSW,TAM,Prime,2400.0
2025-08-13,Lamb,NSW,YAS,Prime,4300.0
2025-10-02,Lamb,NSW,WAG,Prime,33000.0
2025-11-19,Lamb,NSW,YAS,Prime,16890.0
2026-01-08,Lamb,NSW,WAG,Prime,29000.0
2026-02-19,Lamb,NSW,WAG,Prime,27000.0
2026-03-11,Lamb,NSW,YAS,Prime,7510.0
2026-03-19,Lamb,NSW,WAG,Prime,24350.0
2026-03-24,Lamb,SA,NAR,Prime,3059.0
2025-05-19,Lamb,NSW,COR,Prime,8772.0
2025-07-28,Lamb,NSW,COR,Prime,2980.0
2025-09-08,Lamb,NSW,COR,Prime,5910.0
2025-10-06,Lamb,VIC,BEN,Prime,21260.0
2025-12-15,Lamb,NSW,COR,Prime,3190.0
2026-03-23,Lamb,VIC,BEN,Prime,12045.0
2025-04-02,Lamb,NSW,COW,Prime,6050.0
2025-05-06,Lamb,VIC,BAL,Prime,26722.0
2025-05-27,Lamb,VIC,BAL,Prime,25000.0
2025-06-03,Lamb,NSW,FOR,Prime,31000.0
2025-06-16,Lamb,NSW,DUB,Prime,29190.0
2025-06-17,Lamb,VIC,BAL,Prime,26402.0
2025-06-24,Lamb,VIC,BAL,Prime,19591.0
2025-07-01,Lamb,NSW,FOR,Prime,26600.0
2025-07-02,Lamb,NSW,CTL,Prime,5949.0
2025-07-14,Lamb,NSW,DUB,Prime,31570.0
2025-08-25,Lamb,NSW,DUB,Prime,20660.0
2025-09-02,Lamb,VIC,BAL,Prime,2300.0
2025-04-03,Lamb,NSW,WAG,Prime,33000.0
2025-04-16,Lamb,NSW,YAS,Prime,7960.0
2025-04-28,Lamb,VIC,BEN,Prime,8960.0
2025-06-11,Lamb,NSW,YAS,Prime,5000.0
2025-07-10,Lamb,NSW,WAG,Prime,36000.0
2025-08-04,Lamb,VIC,BEN,Prime,9385.0
2025-08-12,Lamb,NSW,DEN,Prime,3700.0
2025-09-18,Lamb,NSW,WAG,Prime,32650.0
2025-11-06,Lamb,NSW,WAG,Prime,44000.0
2026-02-17,Lamb,SA,NAR,Prime,4395.0
2025-04-10,Lamb,NSW,WAG,Prime,51050.0
2025-08-06,Lamb,NSW,YAS,Prime,4375.0
2025-08-07,Lamb,NSW,WAG,Prime,36000.0
2025-09-11,Lamb,NSW,WAG,Prime,23000.0
2026-01-07,Lamb,NSW,YAS,Prime,6700.0
2026-01-22,Lamb,NSW,WAG,Prime,29000.0
2026-02-24,Lamb,NSW,DEN,Prime,3050.0
2026-04-15,Lamb,NSW,YAS,Prime,7290.0
2025-11-26,Lamb,SA,MOU,Prime,5917.0
2025-12-10,Lamb,SA,MOU,Prime,6464.0
2026-02-16,Lamb,NSW,COR,Prime,6250.0
2025-04-07,Lamb,VIC,BEN,Prime,18200.0
2025-05-07,Lamb,NSW,YAS,Prime,13034.0
2025-05-12,Lamb,VIC,BEN,Prime,7349.0
2025-07-21,Lamb,VIC,BEN,Prime,12687.0
2025-10-22,Lamb,NSW,YAS,Prime,6695.0
2025-11-26,Lamb,NSW,YAS,Prime,20480.0
2026-02-11,Lamb,NSW,YAS,Prime,10800.0
2026-04-01,Lamb,NSW,YAS,Prime,4555.0
2026-04-22,Lamb,NSW,YAS,Prime,7434.0
2025-05-20,Lamb,SA,NAR,Prime,8531.0
2025-05-28,Lamb,WA,KAT,Prime,6031.0
2025-07-08,Lamb,SA,NAR,Prime,4644.0
2025-07-09,Lamb,WA,KAT,Prime,4201.0
2025-07-22,Lamb,SA,NAR,Prime,5068.0
2025-07-29,Lamb,WA,MUC,Prime,5084.0
2025-09-02,Lamb,SA,NAR,Prime,1953.0
2025-09-30,Lamb,NSW,FOR,Prime,37500.0
2025-10-14,Lamb,SA,NAR,Prime,7679.0
2025-10-28,Lamb,SA,NAR,Prime,11311.0
2025-11-25,Lamb,NSW,FOR,Prime,26050.0
2026-01-13,Lamb,NSW,FOR,Prime,25700.0
2026-02-10,Lamb,NSW,FOR,Prime,27700.0
2026-02-17,Lamb,WA,MUC,Prime,5447.0
2026-02-17,Lamb,NSW,FOR,Prime,24850.0
2026-04-14,Lamb,NSW,FOR,Prime,36150.0
2025-05-08,Lamb,NSW,WAG,Prime,53600.0
2025-05-19,Lamb,VIC,BEN,Prime,11180.0
2025-06-26,Lamb,NSW,WAG,Prime,31000.0
2025-07-29,Lamb,NSW,DEN,Prime,1700.0
2025-10-16,Lamb,NSW,WAG,Prime,44750.0
2025-11-13,Lamb,NSW,WAG,Prime,38000.0
2026-03-04,Lamb,NSW,YAS,Prime,4640.0
2026-03-17,Lamb,SA,NAR,Prime,3930.0
2026-04-08,Lamb,NSW,YAS,Prime,4295.0
2026-04-21,Lamb,SA,NAR,Prime,3012.0
2025-04-24,Lamb,NSW,WAG,Prime,35000.0
2025-05-22,Lamb,NSW,WAG,Prime,35000.0
2025-05-28,Lamb,NSW,YAS,Prime,6745.0
2025-05-29,Lamb,NSW,WAG,Prime,40900.0
2025-07-28,Lamb,VIC,BEN,Prime,7270.0
2025-07-30,Lamb,NSW,YAS,Prime,3500.0
2025-08-28,Lamb,NSW,WAG,Prime,30000.0
2025-10-08,Lamb,NSW,YAS,Prime,5400.0
2025-10-15,Lamb,NSW,YAS,Prime,4670.0
2025-10-23,Lamb,NSW,WAG,Prime,34000.0
2026-01-20,Lamb,SA,NAR,Prime,1791.0
2025-04-29,Lamb,TAS,POW,Prime,981.0
2025-07-08,Lamb,SA,ADP,Prime,5200.0
2025-07-22,Lamb,TAS,POW,Prime,788.0
2025-10-21,Lamb,TAS,POW,Prime,1441.0
2025-11-11,Lamb,SA,ADP,Prime,4000.0
2026-01-13,Lamb,SA,ADP,Prime,3700.0
2025-05-27,Lamb,WA,MUC,Prime,7447.0
2025-09-16,Lamb,NSW,FOR,Prime,38800.0
2025-10-22,Lamb,WA,KAT,Prime,8187.0
2025-10-29,Lamb,WA,KAT,Prime,4309.0
2026-01-28,Lamb,WA,KAT,Prime,4341.0
2026-03-11,Lamb,WA,KAT,Prime,9057.0
2026-04-15,Lamb,WA,KAT,Prime,13135.0
2025-05-06,Lamb,TAS,POW,Prime,1557.0
2025-07-08,Lamb,TAS,POW,Prime,2185.0
2025-09-02,Lamb,TAS,POW,Prime,872.0
2025-09-02,Lamb,SA,ADP,Prime,5500.0
2025-11-25,Lamb,TAS,POW,Prime,2288.0
2025-05-05,Lamb,NSW,DUB,Prime,19740.0
2025-06-25,Lamb,NSW,CTL,Prime,3438.0
2025-07-16,Lamb,NSW,CTL,Prime,3051.0
2025-09-03,Lamb,VIC,HAM,Prime,2220.0
2025-09-24,Lamb,VIC,HAM,Prime,2200.0
2025-10-07,Lamb,VIC,BAL,Prime,8892.0
2025-11-12,Lamb,NSW,COW,Prime,4770.0
2025-04-29,Lamb,VIC,BAL,Prime,25800.0
2025-04-16,Lamb,NSW,COW,Prime,5200.0
2025-04-30,Lamb,NSW,COW,Prime,6180.0
2025-05-06,Lamb,NSW,FOR,Prime,33900.0
2025-05-07,Lamb,NSW,COW,Prime,3600.0
2025-06-03,Lamb,VIC,BAL,Prime,21364.0
2025-06-11,Lamb,NSW,COW,Prime,2500.0
2025-06-17,Lamb,NSW,FOR,Prime,42100.0
2025-07-07,Lamb,NSW,DUB,Prime,27680.0
2025-07-23,Lamb,NSW,COW,Prime,3380.0
2025-08-26,Lamb,VIC,BAL,Prime,8250.0
2025-09-10,Lamb,NSW,CTL,Prime,3690.0
2025-09-17,Lamb,VIC,HAM,Prime,2450.0
2025-10-01,Lamb,NSW,CTL,Prime,3848.0
2025-11-12,Lamb,VIC,HAM,Prime,9000.0
2025-11-17,Lamb,NSW,DUB,Prime,20900.0
2025-08-20,Lamb,VIC,HOR,Prime,2500.0
2025-09-03,Lamb,QLD,WAR,Prime,1077.0
2025-10-08,Lamb,VIC,HOR,Prime,4550.0
2026-01-13,Lamb,TAS,POW,Prime,1802.0
2026-01-14,Lamb,VIC,HOR,Prime,2500.0
2026-02-11,Lamb,QLD,WAR,Prime,1810.0
2026-02-24,Lamb,NSW,INV,Prime,2844.0
2026-03-25,Lamb,QLD,WAR,Prime,1792.0
2026-04-22,Lamb,QLD,WAR,Prime,1914.0
2025-12-09,Lamb,TAS,POW,Prime,1809.0
2025-05-20,Lamb,VIC,BAL,Prime,23850.0
2025-06-04,Lamb,NSW,CTL,Prime,9108.0
2025-06-10,Lamb,NSW,FOR,Prime,29100.0
2025-06-23,Lamb,NSW,DUB,Prime,21600.0
2025-07-08,Lamb,VIC,BAL,Prime,10416.0
2025-07-22,Lamb,VIC,BAL,Prime,14000.0
2025-09-03,Lamb,NSW,COW,Prime,2160.0
2025-09-23,Lamb,VIC,BAL,Prime,5990.0
2025-11-05,Lamb,NSW,CTL,Prime,6500.0
2026-01-12,Lamb,NSW,DUB,Prime,19485.0
2026-01-20,Lamb,VIC,BAL,Prime,18925.0
2026-01-21,Lamb,VIC,HAM,Prime,14600.0
2026-02-25,Lamb,NSW,CTL,Prime,4320.0
2026-04-21,Lamb,VIC,BAL,Prime,17231.0
2025-05-13,Lamb,SA,NAR,Prime,8109.0
2025-06-03,Lamb,WA,MUC,Prime,4711.0
2025-06-18,Lamb,WA,KAT,Prime,9202.0
2025-07-30,Lamb,WA,KAT,Prime,11010.0
2025-08-26,Lamb,WA,MUC,Prime,4890.0
2025-08-27,Lamb,WA,KAT,Prime,10688.0
2025-09-23,Lamb,SA,NAR,Prime,3130.0
2025-10-07,Lamb,WA,MUC,Prime,5646.0
2025-12-03,Lamb,WA,KAT,Prime,8657.0
2026-02-18,Lamb,WA,KAT,Prime,7070.0
2025-04-08,Lamb,NSW,DEN,Prime,3700.0
2025-07-01,Lamb,NSW,DEN,Prime,1900.0
2025-07-23,Lamb,NSW,YAS,Prime,4500.0
2025-10-29,Lamb,NSW,YAS,Prime,8600.0
2025-11-18,Lamb,NSW,DEN,Prime,5150.0
2025-12-02,Lamb,NSW,DEN,Prime,3500.0
2026-01-28,Lamb,NSW,YAS,Prime,5900.0
2026-02-10,Lamb,SA,NAR,Prime,6107.0
2026-02-25,Lamb,NSW,YAS,Prime,6700.0
2026-03-05,Lamb,NSW,WAG,Prime,27600.0
2026-04-23,Lamb,NSW,WAG,Prime,31000.0
2025-05-20,Lamb,WA,MUC,Prime,2527.0
2025-07-15,Lamb,SA,NAR,Prime,3634.0
2025-07-22,Lamb,WA,MUC,Prime,9349.0
2025-08-05,Lamb,WA,MUC,Prime,4840.0
2025-09-02,Lamb,NSW,FOR,Prime,43950.0
2025-10-14,Lamb,WA,MUC,Prime,8497.0
2025-10-21,Lamb,WA,MUC,Prime,5470.0
2025-10-28,Lamb,WA,MUC,Prime,4196.0
2026-01-27,Lamb,WA,MUC,Prime,3898.0
2026-02-03,Lamb,NSW,FOR,Prime,31150.0
2026-03-03,Lamb,WA,MUC,Prime,3650.0
2026-04-21,Lamb,WA,MUC,Prime,9000.0
2025-04-22,Lamb,NSW,FOR,Prime,23600.0
2025-05-13,Lamb,NSW,FOR,Prime,30250.0
2025-05-21,Lamb,NSW,COW,Prime,2850.0
2025-06-04,Lamb,NSW,COW,Prime,2500.0
2025-04-15,Lamb,SA,ADP,Prime,2000.0
2025-05-13,Lamb,TAS,POW,Prime,1257.0
2025-05-27,Lamb,TAS,POW,Prime,2213.0
2025-09-16,Lamb,TAS,POW,Prime,1074.0
2025-09-30,Lamb,TAS,POW,Prime,729.0
2025-12-16,Lamb,TAS,POW,Prime,1244.0
2026-02-24,Lamb,SA,ADP,Prime,4200.0
2025-06-18,Lamb,NSW,CTL,Prime,12400.0
2025-07-16,Lamb,NSW,COW,Prime,2330.0
2025-07-29,Lamb,NSW,FOR,Prime,32000.0
2025-07-30,Lamb,NSW,CTL,Prime,2646.0
2025-08-20,Lamb,NSW,CTL,Prime,2466.0
2025-08-26,Lamb,NSW,FOR,Prime,30950.0
2025-10-08,Lamb,NSW,CTL,Prime,5598.0
2025-10-22,Lamb,VIC,HAM,Prime,1400.0
2025-12-03,Lamb,NSW,CTL,Prime,5058.0
2026-01-14,Lamb,NSW,CTL,Prime,5103.0
2026-02-04,Lamb,NSW,COW,Prime,6050.0
2026-02-25,Lamb,NSW,COW,Prime,2450.0
2026-03-09,Lamb,NSW,DUB,Prime,25030.0
2026-03-16,Lamb,NSW,DUB,Prime,23220.0
2026-03-23,Lamb,NSW,DUB,Prime,20000.0
2026-03-24,Lamb,VIC,BAL,Prime,23952.0
2026-04-15,Lamb,VIC,HAM,Prime,13200.0
2025-05-20,Lamb,TAS,POW,Prime,1307.0
2025-06-10,Lamb,SA,ADP,Prime,4304.0
2025-07-15,Lamb,SA,ADP,Prime,5000.0
2025-09-23,Lamb,TAS,POW,Prime,1348.0
2026-03-10,Lamb,SA,ADP,Prime,5200.0
2025-11-26,Lamb,NSW,COW,Prime,4200.0
2025-04-29,Lamb,SA,NAR,Prime,7047.0
2025-07-15,Lamb,WA,MUC,Prime,8578.0
2025-07-29,Lamb,SA,NAR,Prime,2110.0
2025-09-10,Lamb,WA,KAT,Prime,4258.0
2025-10-01,Lamb,WA,KAT,Prime,5539.0
2025-11-11,Lamb,NSW,FOR,Prime,20350.0
2025-11-11,Lamb,WA,MUC,Prime,4280.0
2025-11-19,Lamb,WA,KAT,Prime,5159.0
2025-12-16,Lamb,SA,NAR,Prime,4276.0
2025-12-17,Lamb,WA,KAT,Prime,6630.0
2026-01-06,Lamb,WA,MUC,Prime,7050.0
2025-04-09,Lamb,VIC,HOR,Prime,9550.0
2025-05-21,Lamb,NSW,CTL,Prime,4077.0
2025-05-28,Lamb,VIC,HOR,Prime,7225.0
2025-05-28,Lamb,QLD,WAR,Prime,1033.0
2025-06-18,Lamb,VIC,HOR,Prime,3850.0
2025-07-30,Lamb,VIC,HOR,Prime,1950.0
2025-08-27,Lamb,VIC,HOR,Prime,2100.0
2025-11-12,Lamb,QLD,WAR,Prime,743.0
2026-01-21,Lamb,QLD,WAR,Prime,1763.0
2026-02-24,Lamb,TAS,POW,Prime,770.0
2026-03-24,Lamb,TAS,POW,Prime,2400.0
2026-04-14,Lamb,TAS,POW,Prime,2528.0
2025-04-15,Lamb,TAS,POW,Prime,1223.0
2025-04-22,Lamb,SA,ADP,Prime,1566.0
2025-05-13,Lamb,SA,ADP,Prime,11000.0
2025-09-30,Lamb,SA,ADP,Prime,6000.0
2025-11-05,Lamb,TAS,POW,Prime,498.0
2025-05-12,Lamb,NSW,COR,Prime,8823.0
2025-11-10,Lamb,NSW,COR,Prime,7920.0
2025-06-24,Lamb,SA,NAR,Prime,5053.0
2025-08-13,Lamb,WA,KAT,Prime,14732.0
2025-09-09,Lamb,NSW,FOR,Prime,42900.0
2025-09-16,Lamb,WA,MUC,Prime,6146.0
2025-09-23,Lamb,NSW,FOR,Prime,39750.0
2025-09-24,Lamb,WA,KAT,Prime,4768.0
2025-10-28,Lamb,NSW,FOR,Prime,21750.0
2025-11-04,Lamb,WA,MUC,Prime,4826.0
2026-01-27,Lamb,NSW,FOR,Prime,21900.0
2026-03-31,Lamb,NSW,FOR,Prime,20600.0
2025-04-28,Lamb,NSW,COR,Prime,10720.0
2025-08-11,Lamb,VIC,BEN,Prime,8500.0
2025-09-22,Lamb,VIC,BEN,Prime,14035.0
2025-09-29,Lamb,NSW,COR,Prime,6720.0
2025-10-13,Lamb,NSW,COR,Prime,12320.0
2025-10-20,Lamb,NSW,COR,Prime,11570.0
2025-11-24,Lamb,VIC,BEN,Prime,23825.0
2026-03-23,Lamb,NSW,COR,Prime,7050.0
2025-06-30,Lamb,NSW,COR,Prime,4079.0
2025-09-15,Lamb,NSW,COR,Prime,5130.0
2026-01-12,Lamb,VIC,BEN,Prime,10215.0
2026-04-13,Lamb,VIC,BEN,Prime,11460.0
2026-04-21,Lamb,NSW,DEN,Prime,3100.0
2025-11-19,Lamb,NSW,CTL,Prime,10395.0
2025-12-10,Lamb,NSW,COW,Prime,3190.0
2025-05-28,Lamb,NSW,COW,Prime,3760.0
2025-06-02,Lamb,NSW,DUB,Prime,22920.0
2025-07-15,Lamb,NSW,FOR,Prime,36500.0
2025-07-23,Lamb,NSW,CTL,Prime,4077.0
2025-08-11,Lamb,NSW,DUB,Prime,28170.0
2025-09-10,Lamb,VIC,HAM,Prime,1600.0
2025-10-01,Lamb,VIC,HAM,Prime,2000.0
2025-10-21,Lamb,VIC,BAL,Prime,13006.0
2025-10-22,Lamb,NSW,CTL,Prime,5751.0
2025-10-28,Lamb,VIC,BAL,Prime,15494.0
2025-10-29,Lamb,NSW,CTL,Prime,4150.0
2025-11-19,Lamb,VIC,HAM,Prime,23600.0
2025-11-24,Lamb,NSW,DUB,Prime,21800.0
2025-12-01,Lamb,VIC,HAM,Prime,9600.0
2025-12-15,Lamb,VIC,HAM,Prime,21500.0
2025-12-17,Lamb,VIC,HAM,Prime,49500.0
2026-01-06,Lamb,VIC,BAL,Prime,24301.0
2026-01-21,Lamb,NSW,COW,Prime,4450.0
2026-01-27,Lamb,VIC,BAL,Prime,16312.0
2026-01-28,Lamb,NSW,CTL,Prime,5013.0
2026-03-11,Lamb,NSW,CTL,Prime,6147.0
2026-03-30,Lamb,NSW,DUB,Prime,27100.0
2026-03-31,Lamb,VIC,BAL,Prime,20179.0
2026-04-01,Lamb,NSW,CTL,Prime,2277.0
2026-04-15,Lamb,NSW,CTL,Prime,6990.0
2026-04-22,Lamb,NSW,COW,Prime,2800.0
2025-08-18,Lamb,VIC,BEN,Prime,12725.0
2025-12-01,Lamb,NSW,COR,Prime,6550.0
2025-08-19,Lamb,NSW,FOR,Prime,36350.0
2025-08-20,Lamb,NSW,COW,Prime,2500.0
2025-09-09,Lamb,VIC,BAL,Prime,6364.0
2025-09-22,Lamb,NSW,DUB,Prime,29020.0
2025-10-08,Lamb,NSW,COW,Prime,4750.0
2025-10-13,Lamb,NSW,DUB,Prime,28310.0
2025-11-04,Lamb,VIC,BAL,Prime,17629.0
2025-11-19,Lamb,NSW,COW,Prime,6750.0
2025-12-08,Lamb,VIC,HAM,Prime,21000.0
2025-12-10,Lamb,VIC,HAM,Prime,55000.0
2026-02-09,Lamb,NSW,DUB,Prime,26335.0
2025-08-06,Lamb,QLD,WAR,Prime,851.0
2025-09-10,Lamb,VIC,HOR,Prime,2600.0
2025-09-23,Lamb,NSW,INV,Prime,2092.0
2025-11-05,Lamb,VIC,HOR,Prime,7100.0
2026-02-04,Lamb,VIC,HOR,Prime,4850.0
2026-02-25,Lamb,VIC,HOR,Prime,2100.0
2026-04-15,Lamb,QLD,WAR,Prime,1607.0
2025-05-06,Lamb,SA,ADP,Prime,10000.0
2025-06-03,Lamb,TAS,POW,Prime,2941.0
2025-06-17,Lamb,SA,ADP,Prime,10000.0
2025-07-01,Lamb,TAS,POW,Prime,2833.0
2025-08-26,Lamb,TAS,POW,Prime,587.0
2025-10-07,Lamb,TAS,POW,Prime,724.0
2025-11-04,Lamb,SA,ADP,Prime,6000.0
2025-11-11,Lamb,TAS,POW,Prime,785.0
2025-11-25,Lamb,SA,ADP,Prime,7700.0
2026-02-17,Lamb,SA,ADP,Prime,5000.0
2026-03-31,Lamb,SA,ADP,Prime,5500.0
2025-04-07,Lamb,NSW,COR,Prime,8750.0
2025-07-21,Lamb,NSW,COR,Prime,7980.0
2025-10-13,Lamb,VIC,BEN,Prime,20970.0
2025-11-17,Lamb,NSW,COR,Prime,6660.0
2026-02-09,Lamb,VIC,BEN,Prime,15400.0
2026-03-30,Lamb,VIC,BEN,Prime,10870.0
2025-05-26,Lamb,NSW,COR,Prime,10194.0
2025-09-01,Lamb,NSW,COR,Prime,3815.0
2025-09-08,Lamb,VIC,BEN,Prime,9000.0
2025-11-03,Lamb,NSW,COR,Prime,11650.0
2026-02-02,Lamb,VIC,BEN,Prime,14910.0
2026-02-16,Lamb,VIC,BEN,Prime,12780.0
2025-06-10,Lamb,WA,MUC,Prime,7874.0
2025-08-20,Lamb,WA,KAT,Prime,11422.0
2025-09-09,Lamb,WA,MUC,Prime,4018.0
2025-10-08,Lamb,WA,KAT,Prime,3636.0
2025-11-04,Lamb,NSW,FOR,Prime,24000.0
2026-01-21,Lamb,WA,KAT,Prime,6628.0
2026-02-05,Lamb,NSW,WAG,Prime,48700.0
2025-04-01,Lamb,WA,MUC,Prime,3661.0
2025-06-17,Lamb,WA,MUC,Prime,6889.0
2025-06-24,Lamb,WA,MUC,Prime,7540.0
2025-07-01,Lamb,SA,NAR,Prime,5015.0
2025-09-02,Lamb,WA,MUC,Prime,5335.0
2025-09-17,Lamb,WA,KAT,Prime,5262.0
2025-11-12,Lamb,WA,KAT,Prime,6971.0
2025-12-02,Lamb,SA,NAR,Prime,11291.0
2026-01-20,Lamb,WA,MUC,Prime,5890.0
2026-03-17,Lamb,NSW,FOR,Prime,25700.0
2026-03-25,Lamb,WA,KAT,Prime,14989.0
2026-04-22,Lamb,WA,KAT,Prime,8356.0
2025-12-03,Lamb,SA,MOU,Prime,6505.0
2026-01-19,Lamb,NSW,COR,Prime,5320.0
2026-03-30,Lamb,NSW,COR,Prime,6630.0
2026-02-24,Lamb,SA,NAR,Prime,1637.0
2026-03-18,Lamb,NSW,YAS,Prime,6300.0
2025-04-08,Lamb,SA,NAR,Prime,5346.0
2025-05-06,Lamb,WA,MUC,Prime,8876.0
2025-06-03,Lamb,SA,NAR,Prime,6268.0
2025-08-19,Lamb,SA,NAR,Prime,1584.0
2025-09-03,Lamb,WA,KAT,Prime,6000.0
2025-09-16,Lamb,SA,NAR,Prime,2013.0
2025-10-07,Lamb,SA,NAR,Prime,8425.0
2025-10-21,Lamb,NSW,FOR,Prime,24500.0
2025-11-18,Lamb,SA,NAR,Prime,16693.0
2025-11-25,Lamb,WA,MUC,Prime,3680.0
2026-01-20,Lamb,NSW,FOR,Prime,27950.0
2026-03-31,Lamb,WA,MUC,Prime,2047.0
2025-04-14,Lamb,NSW,COR,Prime,9250.0
2025-08-25,Lamb,VIC,BEN,Prime,10075.0
2025-12-08,Lamb,NSW,COR,Prime,6200.0
2026-01-05,Lamb,NSW,COR,Prime,4600.0
2025-05-14,Lamb,NSW,YAS,Prime,9400.0
2025-06-16,Lamb,VIC,BEN,Prime,15400.0
2025-06-17,Lamb,NSW,DEN,Prime,5200.0
2025-08-18,Lamb,NSW,COR,Prime,4540.0
2025-10-27,Lamb,VIC,BEN,Prime,18130.0
2025-06-12,Lamb,NSW,WAG,Prime,37300.0
2025-11-12,Lamb,NSW,YAS,Prime,10390.0
2026-03-10,Lamb,SA,NAR,Prime,1230.0
2026-03-25,Lamb,NSW,YAS,Prime,8040.0
2025-06-23,Lamb,VIC,BEN,Prime,9575.0
2025-07-24,Lamb,NSW,WAG,Prime,34500.0
2026-04-09,Lamb,NSW,WAG,Prime,33950.0
2026-04-14,Lamb,SA,NAR,Prime,5505.0
2026-04-16,Lamb,NSW,WAG,Prime,29600.0
2026-04-07,Lamb,SA,ADP,Prime,2300.0
2025-05-20,Lamb,SA,ADP,Prime,8500.0
2025-06-03,Lamb,SA,ADP,Prime,7500.0
2025-06-17,Lamb,TAS,POW,Prime,1880.0
2025-09-09,Lamb,TAS,POW,Prime,664.0
2025-10-07,Lamb,SA,ADP,Prime,4000.0
2026-04-07,Lamb,VIC,BAL,Prime,19500.0
2025-10-07,Lamb,NSW,INV,Prime,2997.0
2025-11-19,Lamb,VIC,HOR,Prime,7850.0
2025-12-03,Lamb,QLD,WAR,Prime,1731.0
2026-03-24,Lamb,SA,ADP,Prime,4700.0
2025-05-19,Lamb,NSW,DUB,Prime,14540.0
2025-05-26,Lamb,NSW,DUB,Prime,13855.0
2025-07-08,Lamb,NSW,FOR,Prime,35400.0
2025-07-22,Lamb,NSW,FOR,Prime,42250.0
2025-08-06,Lamb,NSW,COW,Prime,2660.0
2025-09-15,Lamb,NSW,DUB,Prime,21375.0
2025-11-26,Lamb,VIC,HAM,Prime,43000.0
2025-04-16,Lamb,QLD,WAR,Prime,907.0
2025-04-23,Lamb,QLD,WAR,Prime,625.0
2025-05-28,Lamb,NSW,CTL,Prime,7038.0
2025-07-09,Lamb,VIC,HOR,Prime,4100.0
2025-08-12,Lamb,NSW,INV,Prime,2685.0
2026-03-24,Lamb,NSW,INV,Prime,3317.0
2026-04-08,Lamb,TAS,POW,Prime,1220.0
2025-04-02,Lamb,VIC,HOR,Prime,5350.0
2025-05-07,Lamb,VIC,HOR,Prime,4400.0
2025-06-11,Lamb,VIC,HOR,Prime,3350.0
2025-06-25,Lamb,VIC,HOR,Prime,6600.0
2025-07-23,Lamb,VIC,HOR,Prime,3150.0
2025-08-06,Lamb,VIC,HAM,Prime,2200.0
2025-08-13,Lamb,QLD,WAR,Prime,1326.0
2025-09-09,Lamb,NSW,INV,Prime,3529.0
2025-10-22,Lamb,VIC,HOR,Prime,5850.0
2025-10-29,Lamb,VIC,HOR,Prime,6550.0
2025-11-19,Lamb,QLD,WAR,Prime,857.0
2025-11-26,Lamb,VIC,HOR,Prime,6150.0
2025-12-10,Lamb,VIC,HOR,Prime,4550.0
2026-03-18,Lamb,QLD,WAR,Prime,1845.0
2026-04-21,Lamb,NSW,INV,Prime,3688.0
2026-02-11,Lamb,VIC,HOR,Prime,3600.0
2026-04-08,Lamb,QLD,WAR,Prime,1180.0
2025-04-08,Lamb,TAS,POW,Prime,3105.0
2025-08-19,Lamb,TAS,POW,Prime,1607.0
2025-09-09,Lamb,SA,ADP,Prime,6100.0
2025-10-14,Lamb,TAS,POW,Prime,720.0
2025-10-21,Lamb,SA,ADP,Prime,7000.0
2025-12-02,Lamb,TAS,POW,Prime,2500.0
2026-01-06,Lamb,SA,ADP,Prime,4800.0
2026-03-03,Lamb,SA,ADP,Prime,2500.0
2025-09-01,Lamb,VIC,BEN,Prime,10205.0
2025-09-15,Lamb,VIC,BEN,Prime,13290.0
2025-09-29,Lamb,VIC,BEN,Prime,13450.0
2025-10-27,Lamb,NSW,COR,Prime,8140.0
2026-03-02,Lamb,VIC,BEN,Prime,9190.0
2025-04-01,Lamb,TAS,POW,Prime,2074.0
2025-06-24,Lamb,TAS,POW,Prime,3593.0
2025-08-05,Lamb,TAS,POW,Prime,1060.0
2025-08-12,Lamb,SA,ADP,Prime,8000.0
2025-11-18,Lamb,TAS,POW,Prime,1049.0
2025-12-09,Lamb,SA,ADP,Prime,7500.0
2026-03-10,Lamb,WA,MUC,Prime,5966.0
2026-04-21,Lamb,NSW,FOR,Prime,31850.0
2025-11-03,Lamb,VIC,BEN,Prime,15980.0
2025-12-01,Lamb,VIC,BEN,Prime,21109.0
2025-12-08,Lamb,VIC,BEN,Prime,16000.0
2025-05-05,Lamb,VIC,BEN,Prime,13700.0
2025-05-15,Lamb,NSW,WAG,Prime,45300.0
2025-07-07,Lamb,VIC,BEN,Prime,12852.0
2025-07-09,Lamb,NSW,YAS,Prime,5549.0
2025-09-03,Lamb,NSW,YAS,Prime,3295.0
2025-10-09,Lamb,NSW,WAG,Prime,43200.0
2025-12-18,Lamb,NSW,WAG,Prime,21400.0
2026-01-29,Lamb,NSW,WAG,Prime,31000.0
2026-02-03,Lamb,SA,NAR,Prime,5038.0
2025-12-15,Lamb,VIC,BEN,Prime,16869.0
2026-01-19,Lamb,VIC,BEN,Prime,15960.0
2025-04-14,Lamb,VIC,BEN,Prime,14450.0
2025-04-30,Lamb,NSW,YAS,Prime,10000.0
2025-05-20,Lamb,NSW,DEN,Prime,5600.0
2025-08-20,Lamb,NSW,YAS,Prime,3200.0
2025-08-27,Lamb,NSW,YAS,Prime,4220.0
2025-09-09,Lamb,NSW,DEN,Prime,7400.0
2025-09-10,Lamb,NSW,YAS,Prime,5050.0
2025-09-23,Lamb,NSW,DEN,Prime,6500.0
2025-10-21,Lamb,NSW,DEN,Prime,5000.0
2025-11-04,Lamb,NSW,DEN,Prime,4000.0
2025-11-05,Lamb,NSW,YAS,Prime,7120.0
2026-01-21,Lamb,SA,MOU,Prime,2589.0
2025-04-23,Lamb,TAS,POW,Prime,207.0
2025-07-01,Lamb,SA,ADP,Prime,6000.0
2025-10-14,Lamb,SA,ADP,Prime,6500.0
2025-10-28,Lamb,TAS,POW,Prime,753.0
2025-12-02,Lamb,SA,ADP,Prime,7500.0
2026-02-03,Lamb,SA,ADP,Prime,6075.0
2025-04-09,Lamb,WA,KAT,Prime,5008.0
2025-04-23,Lamb,WA,KAT,Prime,1060.0
2025-04-29,Lamb,WA,MUC,Prime,5720.0
2025-08-05,Lamb,SA,NAR,Prime,3533.0
2025-10-21,Lamb,SA,NAR,Prime,10418.0
2025-11-04,Lamb,SA,NAR,Prime,13405.0
2025-12-09,Lamb,WA,MUC,Prime,7745.0
2025-12-16,Lamb,NSW,FOR,Prime,22050.0
2026-01-13,Lamb,WA,MUC,Prime,7386.0
2026-01-14,Lamb,WA,KAT,Prime,7200.0
2026-02-10,Lamb,WA,MUC,Prime,5640.0
2026-04-08,Lamb,WA,KAT,Prime,5409.0
2025-06-02,Lamb,NSW,COR,Prime,9330.0
2025-06-16,Lamb,NSW,COR,Prime,11500.0
2025-07-14,Lamb,NSW,COR,Prime,5050.0
2025-08-11,Lamb,NSW,COR,Prime,5650.0
2025-11-17,Lamb,VIC,BEN,Prime,26445.0
2025-11-24,Lamb,NSW,COR,Prime,9330.0
2026-03-16,Lamb,VIC,BEN,Prime,14145.0
2025-08-26,Lamb,SA,ADP,Prime,4500.0
2026-02-10,Lamb,SA,ADP,Prime,6000.0
2025-04-09,Lamb,NSW,YAS,Prime,10000.0
2025-04-23,Lamb,NSW,YAS,Prime,7000.0
2025-05-06,Lamb,NSW,DEN,Prime,8000.0
2025-05-26,Lamb,VIC,BEN,Prime,11720.0
2025-06-19,Lamb,NSW,WAG,Prime,41000.0
2025-08-21,Lamb,NSW,WAG,Prime,35000.0
2025-11-27,Lamb,NSW,WAG,Prime,42600.0
2025-12-03,Lamb,NSW,YAS,Prime,11990.0
2025-12-11,Lamb,NSW,WAG,Prime,44000.0
2026-01-13,Lamb,NSW,DEN,Prime,3000.0
2026-02-10,Lamb,NSW,DEN,Prime,4200.0
2026-02-12,Lamb,NSW,WAG,Prime,47000.0
2026-03-31,Lamb,SA,NAR,Prime,1361.0
2025-04-15,Lamb,WA,MUC,Prime,4108.0
2025-04-30,Lamb,WA,KAT,Prime,7629.0
2025-05-06,Lamb,SA,NAR,Prime,9124.0
2025-05-27,Lamb,SA,NAR,Prime,4764.0
2025-08-06,Lamb,WA,KAT,Prime,10862.0
2025-10-15,Lamb,WA,KAT,Prime,5571.0
2025-11-25,Lamb,SA,NAR,Prime,17694.0
2025-04-02,Lamb,VIC,HAM,Prime,13500.0
2025-06-03,Lamb,NSW,INV,Prime,3415.0
2025-07-23,Lamb,VIC,HAM,Prime,4600.0
2025-09-17,Lamb,QLD,WAR,Prime,728.0
2025-09-24,Lamb,QLD,WAR,Prime,1699.0
2026-02-10,Lamb,TAS,POW,Prime,1631.0
2026-02-18,Lamb,QLD,WAR,Prime,1154.0
2025-11-26,Lamb,WA,KAT,Prime,6681.0
2026-02-24,Lamb,WA,MUC,Prime,7562.0
2026-03-24,Lamb,WA,MUC,Prime,5954.0
2025-04-02,Lamb,NSW,CTL,Prime,6210.0
2025-05-06,Lamb,NSW,INV,Prime,2012.0
2025-05-07,Lamb,NSW,CTL,Prime,6426.0
2025-06-04,Lamb,VIC,HOR,Prime,3300.0
2025-06-17,Lamb,NSW,INV,Prime,2432.0
2025-08-13,Lamb,VIC,HAM,Prime,4000.0
2025-09-17,Lamb,VIC,HOR,Prime,3050.0
2025-09-24,Lamb,VIC,HOR,Prime,3150.0
2025-11-04,Lamb,NSW,INV,Prime,2087.0
2025-12-17,Lamb,QLD,WAR,Prime,1184.0
2026-01-20,Lamb,TAS,POW,Prime,1589.0
2025-04-14,Lamb,NSW,DUB,Prime,12300.0
2025-04-28,Lamb,NSW,DUB,Prime,12150.0
2025-06-24,Lamb,NSW,FOR,Prime,26600.0
2025-07-09,Lamb,NSW,CTL,Prime,6030.0
2025-08-04,Lamb,NSW,DUB,Prime,23550.0
2025-08-05,Lamb,NSW,FOR,Prime,42710.0
2025-08-12,Lamb,VIC,BAL,Prime,9400.0
2025-04-22,Lamb,NSW,INV,Prime,959.0
2025-07-09,Lamb,VIC,HAM,Prime,6000.0
2025-07-29,Lamb,NSW,INV,Prime,1936.0
2025-07-30,Lamb,QLD,WAR,Prime,1110.0
2025-08-26,Lamb,NSW,INV,Prime,3030.0
2025-10-08,Lamb,QLD,WAR,Prime,1755.0
2025-10-15,Lamb,QLD,WAR,Prime,766.0
2025-04-02,Lamb,QLD,WAR,Prime,721.0
2025-04-09,Lamb,NSW,CTL,Prime,8415.0
2025-04-23,Lamb,NSW,CTL,Prime,4500.0
2025-04-30,Lamb,VIC,HAM,Prime,18000.0
2025-05-07,Lamb,QLD,WAR,Prime,1524.0
2025-05-21,Lamb,QLD,WAR,Prime,1398.0
2025-06-25,Lamb,QLD,WAR,Prime,1454.0
2025-08-06,Lamb,VIC,HOR,Prime,2550.0
2025-08-13,Lamb,VIC,HOR,Prime,1450.0
2025-10-15,Lamb,VIC,HOR,Prime,6150.0
2025-10-22,Lamb,QLD,WAR,Prime,998.0
2025-10-29,Lamb,QLD,WAR,Prime,786.0
2025-11-26,Lamb,QLD,WAR,Prime,613.0
2025-12-02,Lamb,NSW,INV,Prime,1729.0
2025-12-10,Lamb,QLD,WAR,Prime,1126.0
2026-03-10,Lamb,NSW,INV,Prime,3815.0
2026-03-18,Lamb,VIC,HOR,Prime,4000.0
2026-04-01,Lamb,QLD,WAR,Prime,812.0
2026-04-07,Lamb,NSW,INV,Prime,2486.0
2025-08-04,Lamb,NSW,COR,Prime,5500.0
2025-09-22,Lamb,NSW,COR,Prime,7050.0
2025-04-09,Lamb,VIC,HAM,Prime,15400.0
2025-04-23,Lamb,VIC,HAM,Prime,5800.0
2025-06-18,Lamb,QLD,WAR,Prime,1549.0
2025-07-30,Lamb,VIC,HAM,Prime,5400.0
2025-08-20,Lamb,QLD,WAR,Prime,743.0
2025-08-20,Lamb,VIC,HAM,Prime,3900.0
2025-08-27,Lamb,QLD,WAR,Prime,1251.0
2025-09-03,Lamb,VIC,HOR,Prime,1850.0
2026-01-21,Lamb,VIC,HOR,Prime,1750.0
2026-02-10,Lamb,NSW,INV,Prime,3000.0
2026-02-17,Lamb,TAS,POW,Prime,1042.0
2026-03-04,Lamb,QLD,WAR,Prime,1145.0
2026-03-25,Lamb,VIC,HOR,Prime,5850.0
2025-05-05,Lamb,NSW,COR,Prime,10070.0
2025-07-07,Lamb,NSW,COR,Prime,7470.0
2025-08-25,Lamb,NSW,COR,Prime,5530.0
2025-11-10,Lamb,VIC,BEN,Prime,22950.0
2025-12-17,Lamb,NSW,CTL,Prime,3546.0
2026-02-24,Lamb,VIC,BAL,Prime,16453.0
2026-03-04,Lamb,NSW,COW,Prime,2700.0
2026-04-01,Lamb,NSW,COW,Prime,1400.0
2025-04-23,Lamb,VIC,HOR,Prime,1800.0
2025-05-28,Lamb,VIC,HAM,Prime,10500.0
2025-07-09,Lamb,QLD,WAR,Prime,1759.0
2025-11-18,Lamb,NSW,INV,Prime,1834.0
2025-12-03,Lamb,VIC,HOR,Prime,5200.0
2026-02-03,Lamb,TAS,POW,Prime,1351.0
2025-04-08,Lamb,NSW,INV,Prime,1144.0
2025-07-23,Lamb,QLD,WAR,Prime,1359.0
2026-03-10,Lamb,TAS,POW,Prime,417.0
2026-03-11,Lamb,QLD,WAR,Prime,1039.0
2026-04-08,Lamb,VIC,HOR,Prime,7600.0
2025-06-10,Lamb,TAS,POW,Prime,1624.0
2025-07-15,Lamb,TAS,POW,Prime,1361.0
2025-07-22,Lamb,SA,ADP,Prime,7800.0
2025-09-23,Lamb,SA,ADP,Prime,4500.0
2025-10-28,Lamb,SA,ADP,Prime,6500.0
2026-03-17,Lamb,SA,ADP,Prime,5000.0
2026-04-21,Lamb,SA,ADP,Prime,7000.0
2025-12-16,Lamb,NSW,INV,Prime,1061.0
2026-01-14,Lamb,QLD,WAR,Prime,1649.0
2026-02-18,Lamb,VIC,HOR,Prime,3400.0
2026-04-22,Lamb,VIC,HOR,Prime,3900.0
2025-05-12,Lamb,NSW,DUB,Prime,16540.0
2025-06-25,Lamb,NSW,COW,Prime,1920.0
2025-07-02,Lamb,NSW,COW,Prime,4550.0
2025-07-21,Lamb,NSW,DUB,Prime,35900.0
2025-09-10,Lamb,NSW,COW,Prime,3200.0
2025-10-20,Lamb,NSW,DUB,Prime,24500.0
2025-12-17,Lamb,NSW,COW,Prime,1420.0
2026-01-05,Lamb,NSW,DUB,Prime,12210.0
2026-02-11,Lamb,VIC,HAM,Prime,11000.0
2026-02-25,Lamb,VIC,HAM,Prime,7800.0
2026-04-08,Lamb,NSW,CTL,Prime,4617.0
2026-04-14,Lamb,VIC,BAL,Prime,25390.0
2025-10-08,Lamb,VIC,HAM,Prime,2180.0
2025-10-15,Lamb,VIC,HAM,Prime,1000.0
2025-12-16,Lamb,VIC,BAL,Prime,31761.0
2026-02-16,Lamb,NSW,DUB,Prime,21640.0
2026-03-03,Lamb,VIC,BAL,Prime,16700.0
2026-03-04,Lamb,VIC,HAM,Prime,7600.0
2026-03-18,Lamb,NSW,COW,Prime,4350.0
2026-04-13,Lamb,NSW,DUB,Prime,28400.0
2026-04-22,Lamb,NSW,CTL,Prime,9760.0
2025-04-11,Lamb,NSW,GRI,Prime,9550.0
2025-05-02,Lamb,NSW,GRI,Prime,12100.0
2025-06-16,Lamb,NSW,TAM,Prime,7034.0
2025-08-11,Lamb,NSW,TAM,Prime,4600.0
2025-09-05,Lamb,NSW,GRI,Prime,11500.0
2025-10-17,Lamb,NSW,GRI,Prime,12700.0
2025-11-24,Lamb,NSW,TAM,Prime,2461.0
2025-12-08,Lamb,NSW,TAM,Prime,3100.0
2026-01-12,Lamb,NSW,TAM,Prime,3400.0
2026-01-19,Lamb,NSW,TAM,Prime,4100.0
2026-02-09,Lamb,NSW,TAM,Prime,3404.0
2026-03-13,Lamb,NSW,GRI,Prime,9000.0
2026-03-20,Lamb,NSW,GRI,Prime,8800.0
2025-08-29,Lamb,NSW,GRI,Prime,9500.0
2026-04-13,Lamb,NSW,TAM,Prime,4700.0
2026-04-20,Lamb,NSW,TAM,Prime,4500.0
2025-04-04,Lamb,NSW,GRI,Prime,4150.0
2025-05-05,Lamb,NSW,TAM,Prime,2200.0
2025-05-09,Lamb,NSW,GRI,Prime,6700.0
2025-11-14,Lamb,NSW,GRI,Prime,6050.0
2025-12-01,Lamb,NSW,TAM,Prime,2163.0
2025-12-05,Lamb,NSW,GRI,Prime,11900.0
2026-03-16,Lamb,NSW,TAM,Prime,5000.0
2026-03-23,Lamb,NSW,TAM,Prime,3600.0
2026-04-10,Lamb,NSW,GRI,Prime,9800.0
2025-04-08,Lamb,NSW,FOR,Prime,28250.0
2025-04-09,Lamb,NSW,COW,Prime,3700.0
2025-04-23,Lamb,NSW,COW,Prime,2250.0
2025-07-09,Lamb,NSW,COW,Prime,2680.0
2025-07-28,Lamb,NSW,DUB,Prime,22210.0
2025-04-29,Lamb,SA,ADP,Prime,6500.0
2025-05-27,Lamb,SA,ADP,Prime,9342.0
2025-07-29,Lamb,SA,ADP,Prime,4500.0
2025-12-16,Lamb,SA,ADP,Prime,8000.0
2026-04-14,Lamb,SA,ADP,Prime,8800.0
2026-01-28,Lamb,NSW,COW,Prime,3790.0
2026-02-17,Lamb,VIC,BAL,Prime,21484.0
2026-03-11,Lamb,NSW,COW,Prime,4350.0
2026-04-08,Lamb,VIC,HAM,Prime,13200.0
2025-05-14,Lamb,NSW,COW,Prime,3700.0
2025-05-27,Lamb,NSW,FOR,Prime,23650.0
2025-07-29,Lamb,VIC,BAL,Prime,9008.0
2025-08-13,Lamb,NSW,COW,Prime,3090.0
2025-09-03,Lamb,NSW,CTL,Prime,2860.0
2025-09-08,Lamb,NSW,DUB,Prime,31695.0
2025-09-29,Lamb,NSW,DUB,Prime,30150.0
2025-06-11,Lamb,VIC,HAM,Prime,6800.0
2025-07-16,Lamb,QLD,WAR,Prime,878.0
2025-10-01,Lamb,QLD,WAR,Prime,598.0
2025-11-12,Lamb,VIC,HOR,Prime,7550.0
2026-01-13,Lamb,NSW,INV,Prime,1153.0
2026-03-03,Lamb,TAS,POW,Prime,2640.0
2026-03-11,Lamb,VIC,HOR,Prime,3900.0
2026-04-21,Lamb,TAS,POW,Prime,1686.0
2025-04-22,Lamb,VIC,BAL,Prime,4560.0
2025-05-13,Lamb,VIC,BAL,Prime,25009.0
2025-09-16,Lamb,VIC,BAL,Prime,7770.0
2025-09-24,Lamb,NSW,COW,Prime,2380.0
2025-09-30,Lamb,VIC,BAL,Prime,5824.0
2025-10-01,Lamb,NSW,COW,Prime,5050.0
2025-11-12,Lamb,NSW,CTL,Prime,11619.0
2026-01-07,Lamb,VIC,HAM,Prime,24000.0
2026-02-11,Lamb,NSW,CTL,Prime,8730.0
2026-03-18,Lamb,VIC,HAM,Prime,12000.0
2026-03-25,Lamb,NSW,CTL,Prime,3645.0
2025-04-01,Lamb,SA,NAR,Prime,4749.0
2025-05-13,Lamb,WA,MUC,Prime,7417.0
2025-05-14,Lamb,WA,KAT,Prime,5646.0
2025-06-17,Lamb,SA,NAR,Prime,6973.0
2025-08-12,Lamb,WA,MUC,Prime,7552.0
2025-09-23,Lamb,WA,MUC,Prime,5425.0
2025-09-30,Lamb,SA,NAR,Prime,4684.0
2025-12-16,Lamb,WA,MUC,Prime,5936.0
2026-01-06,Lamb,NSW,FOR,Prime,19900.0
2026-01-07,Lamb,WA,KAT,Prime,3479.0
2026-03-18,Lamb,WA,KAT,Prime,12675.0
2026-04-14,Lamb,WA,MUC,Prime,11350.0
2025-04-08,Lamb,WA,MUC,Prime,6524.0
2025-05-21,Lamb,WA,KAT,Prime,6353.0
2025-06-25,Lamb,WA,KAT,Prime,8042.0
2025-07-01,Lamb,WA,MUC,Prime,7841.0
2025-07-02,Lamb,WA,KAT,Prime,9886.0
2025-07-16,Lamb,WA,KAT,Prime,6295.0
2025-08-12,Lamb,SA,NAR,Prime,2013.0
2025-08-19,Lamb,WA,MUC,Prime,6595.0
2025-11-18,Lamb,WA,MUC,Prime,2833.0
2025-12-02,Lamb,WA,MUC,Prime,4740.0
2026-02-03,Lamb,WA,MUC,Prime,4291.0
2026-02-04,Lamb,WA,KAT,Prime,7665.0
2026-03-10,Lamb,NSW,FOR,Prime,27700.0
2026-04-07,Lamb,NSW,FOR,Prime,25200.0
2025-06-04,Lamb,WA,KAT,Prime,5239.0
2025-08-26,Lamb,SA,NAR,Prime,2330.0
2025-09-30,Lamb,WA,MUC,Prime,4680.0
2025-10-14,Lamb,NSW,FOR,Prime,29450.0
2025-11-18,Lamb,NSW,FOR,Prime,21300.0
2025-12-02,Lamb,NSW,FOR,Prime,21750.0
2025-12-09,Lamb,SA,NAR,Prime,9869.0
2026-01-13,Lamb,SA,NAR,Prime,4539.0
2026-02-11,Lamb,WA,KAT,Prime,10106.0
2026-02-25,Lamb,WA,KAT,Prime,9478.0
2026-03-03,Lamb,NSW,FOR,Prime,21200.0
2025-04-16,Lamb,NSW,CTL,Prime,6084.0
2025-04-30,Lamb,VIC,HOR,Prime,9800.0
2025-05-14,Lamb,QLD,WAR,Prime,2080.0
2025-05-20,Lamb,NSW,INV,Prime,2554.0
2025-07-16,Lamb,VIC,HOR,Prime,1800.0
2026-02-04,Lamb,NSW,CTL,Prime,7290.0
2026-02-11,Lamb,NSW,COW,Prime,5650.0
2026-03-17,Lamb,VIC,BAL,Prime,26350.0
2026-03-25,Lamb,NSW,COW,Prime,3300.0
2025-04-30,Lamb,QLD,WAR,Prime,926.0
2025-05-14,Lamb,VIC,HOR,Prime,5000.0
2025-05-21,Lamb,VIC,HAM,Prime,8000.0
2025-06-04,Lamb,VIC,HAM,Prime,8000.0
2025-06-11,Lamb,QLD,WAR,Prime,1595.0
2025-06-25,Lamb,VIC,HAM,Prime,8200.0
2025-07-16,Lamb,VIC,HAM,Prime,7500.0
2025-09-10,Lamb,QLD,WAR,Prime,1226.0
2025-11-05,Lamb,QLD,WAR,Prime,1485.0
2026-02-04,Lamb,QLD,WAR,Prime,1539.0
2026-02-25,Lamb,QLD,WAR,Prime,1757.0
2026-03-31,Lamb,TAS,POW,Prime,1695.0
2026-04-15,Lamb,VIC,HOR,Prime,7850.0
2025-09-24,Lamb,NSW,CTL,Prime,4950.0
2025-10-15,Lamb,NSW,COW,Prime,4100.0
2025-12-03,Lamb,VIC,HAM,Prime,50000.0
2025-12-08,Lamb,NSW,DUB,Prime,22195.0
2026-01-14,Lamb,VIC,HAM,Prime,13000.0
2026-01-19,Lamb,NSW,DUB,Prime,15305.0
2026-04-08,Lamb,NSW,COW,Prime,4500.0
2025-04-01,Lamb,SA,ADP,Prime,7500.0
2025-04-08,Lamb,SA,ADP,Prime,10073.0
2025-06-24,Lamb,SA,ADP,Prime,2580.0
2025-08-05,Lamb,SA,ADP,Prime,7000.0
2025-08-12,Lamb,TAS,POW,Prime,1424.0
2025-08-19,Lamb,SA,ADP,Prime,6900.0
2025-09-16,Lamb,SA,ADP,Prime,5500.0
2025-11-18,Lamb,SA,ADP,Prime,6000.0
2025-06-13,Lamb,NSW,GRI,Prime,11300.0
2025-06-23,Lamb,NSW,TAM,Prime,5097.0
2025-07-18,Lamb,NSW,GRI,Prime,9600.0
2025-07-28,Lamb,NSW,TAM,Prime,1815.0
2025-08-22,Lamb,NSW,GRI,Prime,8000.0
2025-08-25,Lamb,NSW,TAM,Prime,2500.0
2025-10-31,Lamb,NSW,GRI,Prime,9460.0
2025-07-03,Lamb,NSW,WAG,Prime,34000.0
2025-07-14,Lamb,VIC,BEN,Prime,10800.0
2025-07-17,Lamb,NSW,WAG,Prime,33000.0
2025-10-30,Lamb,NSW,WAG,Prime,42300.0
2025-12-17,Lamb,NSW,YAS,Prime,9654.0
2026-01-14,Lamb,NSW,YAS,Prime,9200.0
2026-01-15,Lamb,NSW,WAG,Prime,44000.0
2026-01-21,Lamb,NSW,YAS,Prime,7900.0
2025-06-03,Lamb,NSW,DEN,Prime,3200.0
2025-06-18,Lamb,NSW,YAS,Prime,8706.0
2025-07-31,Lamb,NSW,WAG,Prime,24000.0
2025-08-14,Lamb,NSW,WAG,Prime,30000.0
2025-08-26,Lamb,NSW,DEN,Prime,6700.0
2025-09-17,Lamb,NSW,YAS,Prime,3000.0
2025-09-24,Lamb,NSW,YAS,Prime,5240.0
2025-09-25,Lamb,NSW,WAG,Prime,38000.0
2025-10-07,Lamb,NSW,DEN,Prime,8900.0
2025-12-04,Lamb,NSW,WAG,Prime,39800.0
2026-02-04,Lamb,NSW,YAS,Prime,7600.0
2026-02-18,Lamb,NSW,YAS,Prime,6100.0
2026-02-26,Lamb,NSW,WAG,Prime,34000.0
2026-03-12,Lamb,NSW,WAG,Prime,33000.0
2025-04-02,Lamb,WA,KAT,Prime,4692.0
2025-04-15,Lamb,SA,NAR,Prime,3052.0
2025-09-09,Lamb,SA,NAR,Prime,1324.0
2025-10-07,Lamb,NSW,FOR,Prime,35600.0
2025-11-05,Lamb,WA,KAT,Prime,3821.0
2026-03-17,Lamb,WA,MUC,Prime,7018.0
2025-11-19,Lamb,SA,MOU,Prime,8836.0
2025-12-17,Lamb,SA,MOU,Prime,2508.0
2026-04-13,Lamb,NSW,COR,Prime,10450.0
2025-04-15,Lamb,NSW,FOR,Prime,22450.0
2025-06-11,Lamb,NSW,CTL,Prime,3357.0
2025-06-30,Lamb,NSW,DUB,Prime,19050.0
2025-08-05,Lamb,VIC,BAL,Prime,9523.0
2025-08-12,Lamb,NSW,FOR,Prime,39350.0
2025-08-18,Lamb,NSW,DUB,Prime,36730.0
2025-08-19,Lamb,VIC,BAL,Prime,8903.0
2025-08-27,Lamb,NSW,COW,Prime,2630.0
2025-09-17,Lamb,NSW,COW,Prime,3750.0
2025-11-18,Lamb,VIC,BAL,Prime,30446.0
2025-11-26,Lamb,NSW,CTL,Prime,7290.0
2025-12-10,Lamb,NSW,CTL,Prime,5706.0
2026-02-18,Lamb,NSW,COW,Prime,2400.0
2026-03-04,Lamb,NSW,CTL,Prime,4545.0
2026-03-11,Lamb,VIC,HAM,Prime,10000.0
2025-06-23,Lamb,NSW,COR,Prime,5030.0
2025-10-20,Lamb,VIC,BEN,Prime,21840.0
2026-01-05,Lamb,VIC,BEN,Prime,9900.0
2026-02-23,Lamb,VIC,BEN,Prime,7470.0
2026-03-24,Lamb,NSW,DEN,Prime,2750.0
2026-03-09,Lamb,NSW,COR,Prime,5970.0
2025-07-29,Lamb,TAS,POW,Prime,2389.0
2025-11-05,Lamb,SA,MOU,Prime,2602.0
2026-02-04,Lamb,SA,MOU,Prime,1634.0
2026-03-02,Lamb,NSW,COR,Prime,5480.0
2025-08-01,Lamb,NSW,GRI,Prime,6050.0
2025-11-03,Lamb,NSW,TAM,Prime,1300.0
2026-02-27,Lamb,NSW,GRI,Prime,6850.0
2026-03-27,Lamb,NSW,GRI,Prime,7300.0
2025-11-12,Lamb,SA,MOU,Prime,4570.0
2026-04-20,Lamb,NSW,COR,Prime,5700.0
2025-04-07,Lamb,NSW,TAM,Prime,3900.0
2025-05-12,Lamb,NSW,TAM,Prime,4300.0
2025-09-26,Lamb,NSW,GRI,Prime,15600.0
2025-11-10,Lamb,NSW,TAM,Prime,2870.0
2025-04-16,Lamb,WA,KAT,Prime,3996.0
2025-05-07,Lamb,WA,KAT,Prime,7457.0
2025-06-10,Lamb,SA,NAR,Prime,3464.0
2025-06-11,Lamb,WA,KAT,Prime,8156.0
2025-07-08,Lamb,WA,MUC,Prime,7360.0
2025-07-23,Lamb,WA,KAT,Prime,10918.0
2025-11-11,Lamb,SA,NAR,Prime,18609.0
2025-12-09,Lamb,NSW,FOR,Prime,19500.0
2025-12-10,Lamb,WA,KAT,Prime,9908.0
2026-01-06,Lamb,SA,NAR,Prime,4206.0
2026-02-24,Lamb,NSW,FOR,Prime,24400.0
2026-03-04,Lamb,WA,KAT,Prime,6376.0
2026-03-24,Lamb,NSW,FOR,Prime,28050.0
2026-04-01,Lamb,WA,KAT,Prime,4090.0
2026-01-14,Lamb,SA,MOU,Prime,5000.0
2025-04-28,Lamb,NSW,TAM,Prime,1543.0
2025-05-16,Lamb,NSW,GRI,Prime,9800.0
2025-05-30,Lamb,NSW,GRI,Prime,12500.0
2025-06-06,Lamb,NSW,GRI,Prime,7800.0
2025-07-25,Lamb,NSW,GRI,Prime,7000.0
2025-09-12,Lamb,NSW,GRI,Prime,4500.0
2025-09-22,Lamb,NSW,TAM,Prime,2700.0
2025-10-13,Lamb,NSW,TAM,Prime,4000.0
2026-01-07,Lamb,TAS,POW,Store,5450.0
2026-03-02,Lamb,NSW,TAM,Prime,5100.0
2025-12-09,Lamb,VIC,BAL,Prime,30344.0
2026-01-07,Lamb,NSW,COW,Prime,3550.0
2026-01-13,Lamb,VIC,BAL,Prime,26241.0
2026-01-21,Lamb,NSW,CTL,Prime,4590.0
2026-02-10,Lamb,VIC,BAL,Prime,23516.0
2026-02-23,Lamb,NSW,DUB,Prime,19360.0
2026-03-02,Lamb,NSW,DUB,Prime,19220.0
2026-03-25,Lamb,VIC,HAM,Prime,14200.0
2026-02-09,Lamb,NSW,COR,Prime,6560.0
2026-02-23,Lamb,NSW,COR,Prime,5935.0
2025-04-01,Lamb,VIC,BAL,Prime,23967.0
2025-04-29,Lamb,NSW,FOR,Prime,33300.0
2025-08-27,Lamb,NSW,CTL,Prime,2862.0
2025-10-22,Lamb,NSW,COW,Prime,2950.0
2025-11-05,Lamb,NSW,COW,Prime,3650.0
2025-11-10,Lamb,NSW,DUB,Prime,24110.0
2026-02-18,Lamb,NSW,CTL,Prime,7011.0
2026-04-15,Lamb,NSW,COW,Prime,2900.0
2025-07-21,Lamb,NSW,TAM,Prime,4295.0
2025-09-29,Lamb,NSW,TAM,Prime,2498.0
2026-02-16,Lamb,NSW,TAM,Prime,4200.0
2026-04-24,Lamb,NSW,GRI,Prime,5650.0
2025-09-17,Lamb,NSW,CTL,Prime,3064.0
2025-10-29,Lamb,NSW,COW,Prime,4010.0
2025-11-25,Lamb,VIC,BAL,Prime,31000.0
2025-12-01,Lamb,NSW,DUB,Prime,18600.0
2025-05-19,Lamb,NSW,TAM,Prime,4570.0
2025-05-23,Lamb,NSW,GRI,Prime,5600.0
2025-06-20,Lamb,NSW,GRI,Prime,10150.0
2025-09-01,Lamb,NSW,TAM,Prime,2978.0
2025-09-15,Lamb,NSW,TAM,Prime,5000.0
2025-10-10,Lamb,NSW,GRI,Prime,16500.0
2025-11-17,Lamb,NSW,TAM,Prime,1532.0
2025-11-21,Lamb,NSW,GRI,Prime,8050.0
2026-02-05,Lamb,TAS,POW,Store,3233.0
2026-02-23,Lamb,NSW,TAM,Prime,4800.0
2025-04-08,Lamb,VIC,BAL,Prime,33829.0
2025-07-01,Lamb,VIC,BAL,Prime,14971.0
2025-08-06,Lamb,NSW,CTL,Prime,6354.0
2025-10-14,Lamb,VIC,BAL,Prime,14115.0
2025-10-15,Lamb,NSW,CTL,Prime,3578.0
2025-10-27,Lamb,NSW,DUB,Prime,16500.0
2025-10-29,Lamb,VIC,HAM,Prime,2000.0
2025-11-11,Lamb,VIC,BAL,Prime,23200.0
2025-12-02,Lamb,VIC,BAL,Prime,26529.0
2026-01-28,Lamb,VIC,HAM,Prime,3800.0
2026-02-03,Lamb,VIC,BAL,Prime,24226.0
2026-04-20,Lamb,NSW,DUB,Prime,31000.0
2025-10-22,Lamb,SA,MOU,Prime,1286.0
2026-01-28,Lamb,SA,MOU,Prime,705.0
2025-09-19,Lamb,NSW,GRI,Prime,14300.0
2025-11-28,Lamb,NSW,GRI,Prime,9100.0
2026-02-06,Lamb,NSW,GRI,Prime,11450.0
2025-04-01,Lamb,NSW,FOR,Prime,23400.0
2025-04-07,Lamb,NSW,DUB,Prime,18930.0
2025-04-15,Lamb,VIC,BAL,Prime,17731.0
2025-06-30,Lamb,NSW,TAM,Prime,2671.0
2025-08-18,Lamb,NSW,TAM,Prime,6198.0
2026-01-16,Lamb,NSW,GRI,Prime,12600.0
2025-05-26,Lamb,NSW,TAM,Prime,3898.0
2025-09-08,Lamb,NSW,TAM,Prime,2451.0
2025-11-07,Lamb,NSW,GRI,Prime,7500.0
2026-01-23,Lamb,NSW,GRI,Prime,6800.0
2026-02-02,Lamb,NSW,TAM,Prime,5000.0
2025-10-29,Lamb,SA,MOU,Prime,1900.0
2026-01-12,Lamb,NSW,COR,Prime,3290.0
2026-03-16,Lamb,NSW,COR,Prime,7450.0
2025-04-09,Lamb,QLD,WAR,Prime,1467.0
2025-05-14,Lamb,NSW,CTL,Prime,6912.0
2025-06-04,Lamb,QLD,WAR,Prime,897.0
2025-06-18,Lamb,VIC,HAM,Prime,12200.0
2025-07-01,Lamb,NSW,INV,Prime,1601.0
2025-07-04,Lamb,NSW,GRI,Prime,9250.0
2025-07-07,Lamb,NSW,TAM,Prime,3644.0
2025-07-11,Lamb,NSW,GRI,Prime,9600.0
2025-10-03,Lamb,NSW,GRI,Prime,7050.0
2025-10-24,Lamb,NSW,GRI,Prime,9000.0
2025-10-27,Lamb,NSW,TAM,Prime,2987.0
2025-12-12,Lamb,NSW,GRI,Prime,7800.0
2025-04-30,Lamb,NSW,CTL,Prime,8523.0
2025-07-02,Lamb,QLD,WAR,Prime,1228.0
2025-07-02,Lamb,VIC,HAM,Prime,8000.0
2025-08-27,Lamb,VIC,HAM,Prime,1400.0
2025-10-01,Lamb,VIC,HOR,Prime,4725.0
2025-06-02,Lamb,NSW,TAM,Prime,3375.0
2025-07-14,Lamb,NSW,TAM,Prime,3220.0
2026-03-06,Lamb,NSW,GRI,Prime,8950.0
2026-03-30,Lamb,NSW,TAM,Prime,3600.0
2025-05-14,Lamb,VIC,HAM,Prime,11500.0
2025-05-21,Lamb,VIC,HOR,Prime,3950.0
2025-07-02,Lamb,VIC,HOR,Prime,1800.0
2025-10-21,Lamb,NSW,INV,Prime,2893.0
2026-01-28,Lamb,TAS,POW,Prime,748.0
2026-03-04,Lamb,VIC,HOR,Prime,2650.0
2026-03-17,Lamb,TAS,POW,Prime,1250.0
2025-06-27,Lamb,NSW,GRI,Prime,7350.0
2025-08-04,Lamb,NSW,TAM,Prime,2018.0
2025-08-08,Lamb,NSW,GRI,Prime,8900.0
2025-08-15,Lamb,NSW,GRI,Prime,9750.0
2025-10-20,Lamb,NSW,TAM,Prime,2300.0
2026-01-05,Lamb,NSW,TAM,Prime,1328.0
2026-01-08,Lamb,TAS,POW,Store,1591.0
2026-02-13,Lamb,NSW,GRI,Prime,7700.0
2026-02-20,Lamb,NSW,GRI,Prime,6700.0
2026-03-09,Lamb,NSW,TAM,Prime,4300.0
2026-04-17,Lamb,NSW,GRI,Prime,11300.0
2026-04-22,Lamb,VIC,HAM,Prime,8500.0
2025-04-29,Sheep,SA,NAR,Prime,2670.0
2025-07-15,Sheep,WA,MUC,Prime,4545.0
2025-07-29,Sheep,SA,NAR,Prime,726.0
2025-09-10,Sheep,WA,KAT,Prime,6586.0
2025-10-01,Sheep,WA,KAT,Prime,6052.0
2025-11-11,Sheep,NSW,FOR,Prime,9550.0
2025-11-11,Sheep,WA,MUC,Prime,8273.0
2025-11-19,Sheep,WA,KAT,Prime,5046.0
2025-12-16,Sheep,SA,NAR,Prime,925.0
2025-12-17,Sheep,WA,KAT,Prime,7599.0
2026-01-06,Sheep,WA,MUC,Prime,3532.0
2025-04-09,Sheep,VIC,HOR,Prime,3500.0
2025-05-21,Sheep,NSW,CTL,Prime,2628.0
2025-05-28,Sheep,VIC,HOR,Prime,2000.0
2025-05-28,Sheep,QLD,WAR,Prime,661.0
2025-06-18,Sheep,VIC,HOR,Prime,1150.0
2025-07-30,Sheep,VIC,HOR,Prime,2300.0
2025-08-27,Sheep,VIC,HOR,Prime,1550.0
2025-11-12,Sheep,QLD,WAR,Prime,554.0
2026-01-21,Sheep,QLD,WAR,Prime,1926.0
2026-02-24,Sheep,TAS,POW,Prime,1599.0
2026-03-24,Sheep,TAS,POW,Prime,1800.0
2026-04-14,Sheep,TAS,POW,Prime,1701.0
2025-05-26,Sheep,NSW,TAM,Prime,948.0
2025-09-08,Sheep,NSW,TAM,Prime,1361.0
2025-11-07,Sheep,NSW,GRI,Prime,4400.0
2026-01-23,Sheep,NSW,GRI,Prime,2900.0
2026-02-02,Sheep,NSW,TAM,Prime,3000.0
2025-11-05,Sheep,SA,MOU,Prime,91.0
2026-02-04,Sheep,SA,MOU,Prime,202.0
2026-03-02,Sheep,NSW,COR,Prime,3930.0
2025-04-16,Sheep,NSW,COW,Prime,1455.0
2025-04-30,Sheep,NSW,COW,Prime,1360.0
2025-05-06,Sheep,NSW,FOR,Prime,14600.0
2025-05-07,Sheep,NSW,COW,Prime,2050.0
2025-06-03,Sheep,VIC,BAL,Prime,8350.0
2025-06-11,Sheep,NSW,COW,Prime,1050.0
2025-06-17,Sheep,NSW,FOR,Prime,8700.0
2025-07-07,Sheep,NSW,DUB,Prime,8540.0
2025-07-23,Sheep,NSW,COW,Prime,890.0
2025-08-26,Sheep,VIC,BAL,Prime,5300.0
2025-06-10,Sheep,WA,MUC,Prime,4501.0
2025-08-20,Sheep,WA,KAT,Prime,8006.0
2025-09-09,Sheep,WA,MUC,Prime,5917.0
2025-10-08,Sheep,WA,KAT,Prime,6657.0
2025-11-04,Sheep,NSW,FOR,Prime,10600.0
2025-05-20,Sheep,WA,MUC,Prime,7625.0
2025-07-15,Sheep,SA,NAR,Prime,984.0
2025-07-22,Sheep,WA,MUC,Prime,6309.0
2025-08-05,Sheep,WA,MUC,Prime,4551.0
2025-09-02,Sheep,NSW,FOR,Prime,10650.0
2025-10-14,Sheep,WA,MUC,Prime,8798.0
2025-10-21,Sheep,WA,MUC,Prime,6127.0
2025-10-28,Sheep,WA,MUC,Prime,6583.0
2026-01-27,Sheep,WA,MUC,Prime,3218.0
2026-02-03,Sheep,NSW,FOR,Prime,17950.0
2026-03-03,Sheep,WA,MUC,Prime,2927.0
2026-04-21,Sheep,WA,MUC,Prime,4706.0
2025-07-02,Sheep,VIC,HOR,Prime,2500.0
2025-10-21,Sheep,NSW,INV,Prime,1034.0
2026-01-28,Sheep,TAS,POW,Prime,523.0
2026-03-04,Sheep,VIC,HOR,Prime,700.0
2026-03-17,Sheep,TAS,POW,Prime,1546.0
2025-04-16,Sheep,QLD,WAR,Prime,556.0
2025-04-23,Sheep,QLD,WAR,Prime,503.0
2025-04-29,Sheep,SA,ADP,Prime,1200.0
2025-05-27,Sheep,SA,ADP,Prime,2357.0
2025-07-29,Sheep,SA,ADP,Prime,700.0
2025-08-20,Sheep,VIC,HAM,Prime,2500.0
2025-08-27,Sheep,QLD,WAR,Prime,1140.0
2025-09-03,Sheep,VIC,HOR,Prime,1700.0
2026-01-21,Sheep,VIC,HOR,Prime,1200.0
2026-02-10,Sheep,NSW,INV,Prime,1528.0
2026-02-17,Sheep,TAS,POW,Prime,1497.0
2026-03-04,Sheep,QLD,WAR,Prime,709.0
2026-03-25,Sheep,VIC,HOR,Prime,1750.0
2025-04-23,Sheep,WA,KAT,Prime,2430.0
2025-04-29,Sheep,WA,MUC,Prime,10028.0
2025-08-05,Sheep,SA,NAR,Prime,2148.0
2025-04-08,Sheep,VIC,BAL,Prime,12860.0
2025-07-01,Sheep,VIC,BAL,Prime,5650.0
2025-08-06,Sheep,NSW,CTL,Prime,2034.0
2025-10-14,Sheep,VIC,BAL,Prime,8598.0
2025-10-15,Sheep,NSW,CTL,Prime,1917.0
2025-10-27,Sheep,NSW,DUB,Prime,6700.0
2025-10-29,Sheep,VIC,HAM,Prime,2500.0
2025-11-11,Sheep,VIC,BAL,Prime,10350.0
2025-12-02,Sheep,VIC,BAL,Prime,10371.0
2025-12-05,Sheep,VIC,HAM,Prime,10500.0
2026-01-16,Sheep,NSW,GRI,Prime,6050.0
2025-11-12,Sheep,SA,MOU,Prime,90.0
2025-05-06,Sheep,TAS,POW,Prime,1677.0
2025-07-08,Sheep,TAS,POW,Prime,2294.0
2025-09-02,Sheep,TAS,POW,Prime,739.0
2025-09-02,Sheep,SA,ADP,Prime,1500.0
2025-11-25,Sheep,TAS,POW,Prime,2078.0
2025-05-28,Sheep,NSW,CTL,Prime,1710.0
2025-07-09,Sheep,VIC,HOR,Prime,1200.0
2025-08-12,Sheep,NSW,INV,Prime,1215.0
2026-03-24,Sheep,NSW,INV,Prime,4668.0
2026-04-08,Sheep,TAS,POW,Prime,769.0
2025-04-23,Sheep,TAS,POW,Prime,119.0
2025-07-01,Sheep,SA,ADP,Prime,1500.0
2025-10-14,Sheep,SA,ADP,Prime,1600.0
2025-10-28,Sheep,TAS,POW,Prime,580.0
2025-12-02,Sheep,SA,ADP,Prime,1500.0
2026-02-03,Sheep,SA,ADP,Prime,1367.0
2025-04-29,Sheep,VIC,BAL,Prime,9500.0
2025-05-19,Sheep,NSW,DUB,Prime,7700.0
2025-05-26,Sheep,NSW,DUB,Prime,8630.0
2025-07-08,Sheep,NSW,FOR,Prime,11600.0
2025-07-22,Sheep,NSW,FOR,Prime,16800.0
2025-08-06,Sheep,NSW,COW,Prime,960.0
2025-09-15,Sheep,NSW,DUB,Prime,6720.0
2026-01-21,Sheep,SA,MOU,Prime,94.0
2025-10-21,Sheep,SA,NAR,Prime,1436.0
2025-11-04,Sheep,SA,NAR,Prime,0.0
2025-12-09,Sheep,WA,MUC,Prime,8741.0
2025-12-16,Sheep,NSW,FOR,Prime,8100.0
2026-01-13,Sheep,WA,MUC,Prime,3517.0
2026-01-14,Sheep,WA,KAT,Prime,6676.0
2026-02-10,Sheep,WA,MUC,Prime,2685.0
2026-04-08,Sheep,WA,KAT,Prime,4244.0
2026-01-14,Sheep,SA,MOU,Prime,500.0
2025-04-22,Sheep,NSW,FOR,Prime,7650.0
2025-05-13,Sheep,NSW,FOR,Prime,8400.0
2025-05-12,Sheep,NSW,COR,Prime,5964.0
2025-11-10,Sheep,NSW,COR,Prime,7670.0
2026-04-20,Sheep,VIC,BEN,Prime,3440.0
2025-07-29,Sheep,TAS,POW,Prime,2105.0
2026-03-24,Sheep,SA,ADP,Prime,800.0
2025-06-02,Sheep,NSW,TAM,Prime,2522.0
2025-07-14,Sheep,NSW,TAM,Prime,1248.0
2026-03-06,Sheep,NSW,GRI,Prime,1900.0
2026-03-30,Sheep,NSW,TAM,Prime,3600.0
2025-04-30,Sheep,NSW,CTL,Prime,3168.0
2025-05-14,Sheep,VIC,HAM,Prime,8800.0
2025-05-21,Sheep,VIC,HOR,Prime,1850.0
2025-09-02,Sheep,WA,MUC,Prime,3895.0
2025-09-17,Sheep,WA,KAT,Prime,7485.0
2025-11-12,Sheep,WA,KAT,Prime,6137.0
2025-12-02,Sheep,SA,NAR,Prime,1827.0
2025-08-01,Sheep,NSW,GRI,Prime,2550.0
2025-11-03,Sheep,NSW,TAM,Prime,720.0
2026-02-27,Sheep,NSW,GRI,Prime,4050.0
2026-03-27,Sheep,NSW,GRI,Prime,2750.0
2025-06-23,Sheep,NSW,COR,Prime,2257.0
2025-10-20,Sheep,VIC,BEN,Prime,9674.0
2026-01-05,Sheep,VIC,BEN,Prime,4800.0
2026-02-23,Sheep,VIC,BEN,Prime,4600.0
2026-03-24,Sheep,NSW,DEN,Prime,1500.0
2025-10-08,Sheep,NSW,YAS,Prime,5200.0
2025-10-15,Sheep,NSW,YAS,Prime,5350.0
2025-10-23,Sheep,NSW,WAG,Prime,15900.0
2026-01-20,Sheep,SA,NAR,Prime,992.0
2026-02-05,Sheep,NSW,WAG,Prime,16450.0
2026-02-24,Sheep,SA,NAR,Prime,596.0
2026-03-18,Sheep,NSW,YAS,Prime,4200.0
2025-04-11,Sheep,NSW,GRI,Prime,6350.0
2025-05-02,Sheep,NSW,GRI,Prime,4750.0
2025-06-16,Sheep,NSW,TAM,Prime,3572.0
2025-08-11,Sheep,NSW,TAM,Prime,2500.0
2025-09-05,Sheep,NSW,GRI,Prime,9000.0
2025-10-17,Sheep,NSW,GRI,Prime,5750.0
2025-11-24,Sheep,NSW,TAM,Prime,2103.0
2025-12-08,Sheep,NSW,TAM,Prime,3400.0
2026-01-12,Sheep,NSW,TAM,Prime,2300.0
2026-01-19,Sheep,NSW,TAM,Prime,2700.0
2026-02-09,Sheep,NSW,TAM,Prime,3600.0
2026-03-13,Sheep,NSW,GRI,Prime,3500.0
2026-03-20,Sheep,NSW,GRI,Prime,2050.0
2025-09-10,Sheep,NSW,COW,Prime,400.0
2025-10-20,Sheep,NSW,DUB,Prime,13800.0
2025-12-17,Sheep,NSW,COW,Prime,670.0
2026-01-05,Sheep,NSW,DUB,Prime,4970.0
2026-02-11,Sheep,VIC,HAM,Prime,0.0
2026-02-25,Sheep,VIC,HAM,Prime,5800.0
2026-04-08,Sheep,NSW,CTL,Prime,2165.0
2026-04-14,Sheep,VIC,BAL,Prime,5636.0
2026-01-20,Sheep,WA,MUC,Prime,3663.0
2026-03-17,Sheep,NSW,FOR,Prime,6950.0
2026-03-25,Sheep,WA,KAT,Prime,5535.0
2026-04-22,Sheep,WA,KAT,Prime,5211.0
2025-12-03,Sheep,SA,MOU,Prime,102.0
2026-01-19,Sheep,NSW,COR,Prime,5550.0
2026-03-30,Sheep,NSW,COR,Prime,2270.0
2025-04-14,Sheep,VIC,BEN,Prime,8350.0
2025-04-30,Sheep,NSW,YAS,Prime,15000.0
2025-05-20,Sheep,NSW,DEN,Prime,2100.0
2025-08-20,Sheep,NSW,YAS,Prime,3000.0
2025-08-27,Sheep,NSW,YAS,Prime,5700.0
2025-09-09,Sheep,NSW,DEN,Prime,2700.0
2025-09-10,Sheep,NSW,YAS,Prime,3130.0
2025-09-23,Sheep,NSW,DEN,Prime,4000.0
2025-10-21,Sheep,NSW,DEN,Prime,2000.0
2025-11-04,Sheep,NSW,DEN,Prime,1200.0
2025-11-05,Sheep,NSW,YAS,Prime,6700.0
2025-11-03,Sheep,VIC,BEN,Prime,7650.0
2025-12-01,Sheep,VIC,BEN,Prime,7422.0
2025-12-08,Sheep,VIC,BEN,Prime,11000.0
2025-12-15,Sheep,VIC,BEN,Prime,8700.0
2026-01-19,Sheep,VIC,BEN,Prime,4550.0
2025-04-08,Sheep,SA,NAR,Prime,2841.0
2025-05-06,Sheep,WA,MUC,Prime,7675.0
2025-06-03,Sheep,SA,NAR,Prime,2787.0
2025-08-19,Sheep,SA,NAR,Prime,751.0
2025-09-03,Sheep,WA,KAT,Prime,6000.0
2025-09-16,Sheep,SA,NAR,Prime,1441.0
2025-10-07,Sheep,SA,NAR,Prime,2119.0
2025-10-21,Sheep,NSW,FOR,Prime,14900.0
2025-11-18,Sheep,SA,NAR,Prime,0.0
2025-11-25,Sheep,WA,MUC,Prime,5870.0
2026-01-20,Sheep,NSW,FOR,Prime,14050.0
2026-03-31,Sheep,WA,MUC,Prime,1847.0
2025-05-13,Sheep,SA,NAR,Prime,2324.0
2025-06-03,Sheep,WA,MUC,Prime,2886.0
2025-06-18,Sheep,WA,KAT,Prime,5247.0
2025-07-30,Sheep,WA,KAT,Prime,7204.0
2025-08-26,Sheep,WA,MUC,Prime,4009.0
2025-08-27,Sheep,WA,KAT,Prime,8421.0
2025-09-23,Sheep,SA,NAR,Prime,2370.0
2025-10-07,Sheep,WA,MUC,Prime,7272.0
2025-12-03,Sheep,WA,KAT,Prime,8330.0
2026-02-18,Sheep,WA,KAT,Prime,8414.0
2025-04-01,Sheep,VIC,BAL,Prime,7404.0
2025-04-29,Sheep,NSW,FOR,Prime,8900.0
2025-08-27,Sheep,NSW,CTL,Prime,1305.0
2025-10-22,Sheep,NSW,COW,Prime,1500.0
2025-11-05,Sheep,NSW,COW,Prime,1650.0
2025-11-10,Sheep,NSW,DUB,Prime,10945.0
2026-02-18,Sheep,NSW,CTL,Prime,3357.0
2026-04-15,Sheep,NSW,COW,Prime,550.0
2025-08-18,Sheep,NSW,COR,Prime,2750.0
2025-10-27,Sheep,VIC,BEN,Prime,7780.0
2025-04-22,Sheep,VIC,BAL,Prime,1335.0
2025-05-13,Sheep,VIC,BAL,Prime,12271.0
2025-06-27,Sheep,NSW,GRI,Prime,3550.0
2025-04-09,Sheep,WA,KAT,Prime,6398.0
2026-04-22,Sheep,VIC,HAM,Prime,5000.0
2025-05-19,Sheep,NSW,TAM,Prime,1594.0
2025-05-23,Sheep,NSW,GRI,Prime,2800.0
2025-06-20,Sheep,NSW,GRI,Prime,4250.0
2025-09-01,Sheep,NSW,TAM,Prime,2790.0
2025-09-15,Sheep,NSW,TAM,Prime,2000.0
2025-10-10,Sheep,NSW,GRI,Prime,11100.0
2025-11-17,Sheep,NSW,TAM,Prime,999.0
2025-11-21,Sheep,NSW,GRI,Prime,2450.0
2026-02-05,Sheep,TAS,POW,Store,800.0
2026-02-23,Sheep,NSW,TAM,Prime,3700.0
2025-09-19,Sheep,NSW,GRI,Prime,7200.0
2025-11-28,Sheep,NSW,GRI,Prime,6400.0
2025-05-21,Sheep,NSW,COW,Prime,950.0
2025-11-19,Sheep,SA,MOU,Prime,223.0
2025-12-17,Sheep,SA,MOU,Prime,247.0
2026-04-13,Sheep,NSW,COR,Prime,4050.0
2026-04-20,Sheep,NSW,COR,Prime,2600.0
2025-11-26,Sheep,VIC,HAM,Prime,0.0
2025-12-09,Sheep,VIC,BAL,Prime,9295.0
2026-01-07,Sheep,NSW,COW,Prime,2350.0
2026-01-13,Sheep,VIC,BAL,Prime,7213.0
2026-01-21,Sheep,NSW,CTL,Prime,5355.0
2026-02-10,Sheep,VIC,BAL,Prime,6568.0
2026-02-23,Sheep,NSW,DUB,Prime,13515.0
2026-03-02,Sheep,NSW,DUB,Prime,9710.0
2026-03-25,Sheep,VIC,HAM,Prime,3200.0
2026-02-06,Sheep,NSW,GRI,Prime,6450.0
2025-06-30,Sheep,NSW,TAM,Prime,944.0
2025-08-18,Sheep,NSW,TAM,Prime,2304.0
2025-08-04,Sheep,NSW,TAM,Prime,458.0
2025-08-08,Sheep,NSW,GRI,Prime,7300.0
2025-08-15,Sheep,NSW,GRI,Prime,7700.0
2025-10-20,Sheep,NSW,TAM,Prime,1500.0
2026-01-05,Sheep,NSW,TAM,Prime,201.0
2026-01-08,Sheep,TAS,POW,Store,0.0
2026-02-13,Sheep,NSW,GRI,Prime,3800.0
2026-02-20,Sheep,NSW,GRI,Prime,6500.0
2026-03-09,Sheep,NSW,TAM,Prime,3000.0
2026-04-17,Sheep,NSW,GRI,Prime,3600.0
2025-04-03,Sheep,NSW,WAG,Prime,20350.0
2025-04-16,Sheep,NSW,YAS,Prime,5400.0
2025-04-28,Sheep,VIC,BEN,Prime,4250.0
2025-06-11,Sheep,NSW,YAS,Prime,4200.0
2025-07-10,Sheep,NSW,WAG,Prime,13000.0
2025-08-04,Sheep,VIC,BEN,Prime,8250.0
2025-08-12,Sheep,NSW,DEN,Prime,3500.0
2025-09-18,Sheep,NSW,WAG,Prime,14000.0
2025-11-06,Sheep,NSW,WAG,Prime,24440.0
2026-02-17,Sheep,SA,NAR,Prime,1280.0
2025-08-29,Sheep,NSW,GRI,Prime,5600.0
2026-04-13,Sheep,NSW,TAM,Prime,3870.0
2026-04-20,Sheep,NSW,TAM,Prime,5200.0
2025-08-18,Sheep,VIC,BEN,Prime,7400.0
2025-12-01,Sheep,NSW,COR,Prime,3700.0
2025-05-05,Sheep,NSW,DUB,Prime,11315.0
2025-04-24,Sheep,NSW,WAG,Prime,13500.0
2025-05-22,Sheep,NSW,WAG,Prime,17000.0
2025-05-28,Sheep,NSW,YAS,Prime,7000.0
2025-05-29,Sheep,NSW,WAG,Prime,13350.0
2025-07-28,Sheep,VIC,BEN,Prime,5650.0
2025-07-30,Sheep,NSW,YAS,Prime,2500.0
2025-08-28,Sheep,NSW,WAG,Prime,12000.0
2025-04-02,Sheep,NSW,YAS,Prime,10300.0
2025-05-01,Sheep,NSW,WAG,Prime,21650.0
2025-05-21,Sheep,NSW,YAS,Prime,7530.0
2025-06-04,Sheep,NSW,YAS,Prime,6050.0
2025-06-05,Sheep,NSW,WAG,Prime,14150.0
2025-06-25,Sheep,NSW,YAS,Prime,5500.0
2025-07-02,Sheep,NSW,YAS,Prime,4200.0
2025-07-15,Sheep,NSW,DEN,Prime,1220.0
2025-07-16,Sheep,NSW,YAS,Prime,3900.0
2025-09-04,Sheep,NSW,WAG,Prime,12000.0
2025-11-20,Sheep,NSW,WAG,Prime,22000.0
2025-12-10,Sheep,NSW,YAS,Prime,14000.0
2026-03-03,Sheep,SA,NAR,Prime,1000.0
2025-04-01,Sheep,NSW,FOR,Prime,6700.0
2025-04-07,Sheep,NSW,DUB,Prime,14200.0
2025-04-15,Sheep,VIC,BAL,Prime,6491.0
2025-05-12,Sheep,NSW,DUB,Prime,9300.0
2025-06-25,Sheep,NSW,COW,Prime,330.0
2025-07-02,Sheep,NSW,COW,Prime,800.0
2025-07-21,Sheep,NSW,DUB,Prime,9400.0
2025-07-30,Sheep,NSW,COW,Prime,450.0
2025-08-13,Sheep,NSW,CTL,Prime,612.0
2025-09-01,Sheep,NSW,DUB,Prime,7986.0
2025-11-03,Sheep,NSW,DUB,Prime,6370.0
2025-11-05,Sheep,VIC,HAM,Prime,2350.0
2025-11-28,Sheep,VIC,HAM,Prime,7300.0
2025-12-03,Sheep,NSW,COW,Prime,980.0
2025-12-15,Sheep,NSW,DUB,Prime,13220.0
2026-01-07,Sheep,NSW,CTL,Prime,1590.0
2026-01-14,Sheep,NSW,COW,Prime,2000.0
2026-02-02,Sheep,NSW,DUB,Prime,16230.0
2026-02-04,Sheep,VIC,HAM,Prime,0.0
2026-02-18,Sheep,VIC,HAM,Prime,0.0
2026-02-20,Sheep,VIC,HAM,Prime,4300.0
2026-03-10,Sheep,VIC,BAL,Prime,6253.0
2026-03-18,Sheep,NSW,CTL,Prime,2903.0
2026-04-07,Sheep,VIC,BAL,Prime,3100.0
2025-05-14,Sheep,NSW,COW,Prime,1050.0
2025-05-27,Sheep,NSW,FOR,Prime,5700.0
2025-07-29,Sheep,VIC,BAL,Prime,2605.0
2025-08-13,Sheep,NSW,COW,Prime,1100.0
2025-09-03,Sheep,NSW,CTL,Prime,1020.0
2025-09-08,Sheep,NSW,DUB,Prime,11520.0
2025-04-01,Sheep,WA,MUC,Prime,5599.0
2025-06-17,Sheep,WA,MUC,Prime,4093.0
2025-06-24,Sheep,WA,MUC,Prime,4534.0
2025-07-01,Sheep,SA,NAR,Prime,1961.0
2025-09-29,Sheep,NSW,DUB,Prime,11375.0
2025-10-08,Sheep,VIC,HAM,Prime,4500.0
2025-10-15,Sheep,VIC,HAM,Prime,2800.0
2025-11-21,Sheep,VIC,HAM,Prime,5600.0
2025-12-16,Sheep,VIC,BAL,Prime,11537.0
2026-02-16,Sheep,NSW,DUB,Prime,11000.0
2026-03-03,Sheep,VIC,BAL,Prime,5050.0
2026-03-04,Sheep,VIC,HAM,Prime,3800.0
2026-03-18,Sheep,NSW,COW,Prime,350.0
2026-04-13,Sheep,NSW,DUB,Prime,11300.0
2026-04-22,Sheep,NSW,CTL,Prime,3280.0
2025-08-20,Sheep,VIC,HOR,Prime,2150.0
2025-09-03,Sheep,QLD,WAR,Prime,668.0
2025-10-08,Sheep,VIC,HOR,Prime,3950.0
2026-01-13,Sheep,TAS,POW,Prime,946.0
2026-01-14,Sheep,VIC,HOR,Prime,650.0
2026-02-11,Sheep,QLD,WAR,Prime,1180.0
2026-02-24,Sheep,NSW,INV,Prime,2639.0
2026-03-25,Sheep,QLD,WAR,Prime,1601.0
2026-04-22,Sheep,QLD,WAR,Prime,1187.0
2026-01-14,Sheep,VIC,HAM,Prime,0.0
2026-01-19,Sheep,NSW,DUB,Prime,12681.0
2026-04-08,Sheep,NSW,COW,Prime,650.0
2025-06-02,Sheep,VIC,BEN,Prime,11300.0
2025-06-30,Sheep,VIC,BEN,Prime,5950.0
2025-10-01,Sheep,NSW,YAS,Prime,6800.0
2026-03-26,Sheep,NSW,WAG,Prime,9000.0
2025-04-28,Sheep,NSW,COR,Prime,5430.0
2025-08-11,Sheep,VIC,BEN,Prime,9100.0
2025-09-22,Sheep,VIC,BEN,Prime,7950.0
2025-09-29,Sheep,NSW,COR,Prime,3250.0
2025-10-13,Sheep,NSW,COR,Prime,5900.0
2025-10-20,Sheep,NSW,COR,Prime,4000.0
2025-11-24,Sheep,VIC,BEN,Prime,11270.0
2025-04-01,Sheep,SA,ADP,Prime,2200.0
2025-04-08,Sheep,SA,ADP,Prime,1482.0
2025-06-24,Sheep,SA,ADP,Prime,10800.0
2025-08-05,Sheep,SA,ADP,Prime,700.0
2025-08-12,Sheep,TAS,POW,Prime,1052.0
2025-08-19,Sheep,SA,ADP,Prime,900.0
2025-09-16,Sheep,SA,ADP,Prime,1800.0
2025-11-18,Sheep,SA,ADP,Prime,2000.0
2025-12-09,Sheep,TAS,POW,Prime,1182.0
2025-09-16,Sheep,VIC,BAL,Prime,4862.0
2025-09-24,Sheep,NSW,COW,Prime,550.0
2025-09-30,Sheep,VIC,BAL,Prime,4778.0
2025-10-01,Sheep,NSW,COW,Prime,1280.0
2025-11-12,Sheep,NSW,CTL,Prime,2979.0
2026-01-07,Sheep,VIC,HAM,Prime,0.0
2026-01-30,Sheep,VIC,HAM,Prime,14000.0
2026-02-11,Sheep,NSW,CTL,Prime,3690.0
2026-03-18,Sheep,VIC,HAM,Prime,6500.0
2026-03-25,Sheep,NSW,CTL,Prime,3047.0
2026-03-23,Sheep,NSW,COR,Prime,870.0
2025-05-06,Sheep,SA,ADP,Prime,2000.0
2025-07-21,Sheep,NSW,COR,Prime,4405.0
2025-10-13,Sheep,VIC,BEN,Prime,14850.0
2025-11-17,Sheep,NSW,COR,Prime,4410.0
2026-02-09,Sheep,VIC,BEN,Prime,4900.0
2026-03-30,Sheep,VIC,BEN,Prime,2150.0
2025-04-07,Sheep,VIC,BEN,Prime,14900.0
2025-05-07,Sheep,NSW,YAS,Prime,14000.0
2025-05-12,Sheep,VIC,BEN,Prime,4550.0
2025-07-21,Sheep,VIC,BEN,Prime,5980.0
2025-10-22,Sheep,NSW,YAS,Prime,7100.0
2025-11-26,Sheep,NSW,YAS,Prime,9000.0
2026-02-11,Sheep,NSW,YAS,Prime,6900.0
2026-04-01,Sheep,NSW,YAS,Prime,2310.0
2025-05-28,Sheep,NSW,COW,Prime,860.0
2025-06-02,Sheep,NSW,DUB,Prime,10050.0
2025-07-15,Sheep,NSW,FOR,Prime,13650.0
2025-07-23,Sheep,NSW,CTL,Prime,2772.0
2025-08-11,Sheep,NSW,DUB,Prime,9950.0
2025-09-10,Sheep,VIC,HAM,Prime,2200.0
2025-10-01,Sheep,VIC,HAM,Prime,2972.0
2025-10-21,Sheep,VIC,BAL,Prime,8003.0
2025-10-22,Sheep,NSW,CTL,Prime,1877.0
2025-10-28,Sheep,VIC,BAL,Prime,6591.0
2025-10-29,Sheep,NSW,CTL,Prime,2100.0
2025-11-19,Sheep,VIC,HAM,Prime,0.0
2025-11-24,Sheep,NSW,DUB,Prime,11430.0
2025-12-01,Sheep,VIC,HAM,Prime,0.0
2025-12-15,Sheep,VIC,HAM,Prime,0.0
2025-12-17,Sheep,VIC,HAM,Prime,0.0
2026-01-06,Sheep,VIC,BAL,Prime,5935.0
2026-01-21,Sheep,NSW,COW,Prime,1980.0
2026-01-27,Sheep,VIC,BAL,Prime,4928.0
2026-01-28,Sheep,NSW,CTL,Prime,3249.0
2026-04-22,Sheep,NSW,YAS,Prime,7124.0
2026-02-13,Sheep,VIC,HAM,Prime,5000.0
2026-03-11,Sheep,NSW,CTL,Prime,2358.0
2026-03-30,Sheep,NSW,DUB,Prime,10050.0
2026-03-31,Sheep,VIC,BAL,Prime,2773.0
2026-04-01,Sheep,NSW,CTL,Prime,1593.0
2026-04-15,Sheep,NSW,CTL,Prime,1980.0
2026-04-22,Sheep,NSW,COW,Prime,680.0
2025-04-10,Sheep,NSW,WAG,Prime,29000.0
2025-08-06,Sheep,NSW,YAS,Prime,4000.0
2025-08-07,Sheep,NSW,WAG,Prime,17000.0
2025-09-11,Sheep,NSW,WAG,Prime,11000.0
2026-01-07,Sheep,NSW,YAS,Prime,7300.0
2026-01-22,Sheep,NSW,WAG,Prime,16450.0
2026-02-24,Sheep,NSW,DEN,Prime,2100.0
2026-04-15,Sheep,NSW,YAS,Prime,5390.0
2025-09-08,Sheep,NSW,COR,Prime,3580.0
2025-10-06,Sheep,VIC,BEN,Prime,15750.0
2025-12-15,Sheep,NSW,COR,Prime,1850.0
2026-03-23,Sheep,VIC,BEN,Prime,3825.0
2025-06-25,Sheep,NSW,CTL,Prime,2070.0
2025-07-16,Sheep,NSW,CTL,Prime,1215.0
2025-09-03,Sheep,VIC,HAM,Prime,2080.0
2025-09-24,Sheep,VIC,HAM,Prime,2200.0
2025-10-07,Sheep,VIC,BAL,Prime,8707.0
2025-11-12,Sheep,NSW,COW,Prime,1900.0
2025-11-26,Sheep,NSW,COW,Prime,1250.0
2026-02-04,Sheep,NSW,CTL,Prime,4239.0
2026-02-11,Sheep,NSW,COW,Prime,550.0
2026-03-17,Sheep,VIC,BAL,Prime,7250.0
2026-03-25,Sheep,NSW,COW,Prime,400.0
2025-06-24,Sheep,SA,NAR,Prime,1821.0
2025-08-13,Sheep,WA,KAT,Prime,8600.0
2025-09-09,Sheep,NSW,FOR,Prime,14150.0
2025-09-16,Sheep,WA,MUC,Prime,6206.0
2025-09-23,Sheep,NSW,FOR,Prime,12100.0
2025-09-24,Sheep,WA,KAT,Prime,7868.0
2025-10-28,Sheep,NSW,FOR,Prime,10100.0
2025-11-04,Sheep,WA,MUC,Prime,8677.0
2026-01-27,Sheep,NSW,FOR,Prime,13800.0
2026-03-31,Sheep,NSW,FOR,Prime,6000.0
2025-05-08,Sheep,NSW,WAG,Prime,22500.0
2025-05-19,Sheep,VIC,BEN,Prime,4150.0
2025-06-26,Sheep,NSW,WAG,Prime,7000.0
2025-07-29,Sheep,NSW,DEN,Prime,1500.0
2025-10-16,Sheep,NSW,WAG,Prime,17400.0
2025-11-13,Sheep,NSW,WAG,Prime,19000.0
2026-03-04,Sheep,NSW,YAS,Prime,6000.0
2026-03-17,Sheep,SA,NAR,Prime,1042.0
2026-04-08,Sheep,NSW,YAS,Prime,3800.0
2026-04-21,Sheep,SA,NAR,Prime,673.0
2025-05-05,Sheep,VIC,BEN,Prime,7630.0
2025-05-15,Sheep,NSW,WAG,Prime,16047.0
2025-07-07,Sheep,VIC,BEN,Prime,4200.0
2025-07-09,Sheep,NSW,YAS,Prime,3700.0
2025-09-03,Sheep,NSW,YAS,Prime,3500.0
2025-10-09,Sheep,NSW,WAG,Prime,23500.0
2025-12-18,Sheep,NSW,WAG,Prime,13000.0
2026-01-29,Sheep,NSW,WAG,Prime,8450.0
2025-11-10,Sheep,VIC,BEN,Prime,9150.0
2025-04-14,Sheep,NSW,TAM,Prime,1800.0
2025-12-15,Sheep,NSW,TAM,Prime,3000.0
2025-06-03,Sheep,NSW,DEN,Prime,1300.0
2025-06-18,Sheep,NSW,YAS,Prime,9960.0
2025-07-31,Sheep,NSW,WAG,Prime,10000.0
2025-08-14,Sheep,NSW,WAG,Prime,13000.0
2025-08-26,Sheep,NSW,DEN,Prime,1350.0
2025-09-17,Sheep,NSW,YAS,Prime,4550.0
2025-09-24,Sheep,NSW,YAS,Prime,5000.0
2025-09-25,Sheep,NSW,WAG,Prime,11000.0
2025-10-07,Sheep,NSW,DEN,Prime,2150.0
2025-06-12,Sheep,NSW,WAG,Prime,15560.0
2025-11-12,Sheep,NSW,YAS,Prime,8100.0
2026-03-10,Sheep,SA,NAR,Prime,2245.0
2026-03-25,Sheep,NSW,YAS,Prime,5600.0
2026-01-28,Sheep,NSW,COW,Prime,1400.0
2026-02-06,Sheep,VIC,HAM,Prime,8700.0
2026-02-17,Sheep,VIC,BAL,Prime,5370.0
2026-03-11,Sheep,NSW,COW,Prime,350.0
2026-04-08,Sheep,VIC,HAM,Prime,3200.0
2025-06-23,Sheep,VIC,BEN,Prime,4700.0
2025-07-24,Sheep,NSW,WAG,Prime,11000.0
2026-04-09,Sheep,NSW,WAG,Prime,8100.0
2026-04-14,Sheep,SA,NAR,Prime,3155.0
2026-04-16,Sheep,NSW,WAG,Prime,8900.0
2025-05-26,Sheep,NSW,COR,Prime,4937.0
2025-09-01,Sheep,NSW,COR,Prime,3500.0
2025-09-08,Sheep,VIC,BEN,Prime,7000.0
2025-11-03,Sheep,NSW,COR,Prime,4650.0
2026-02-02,Sheep,VIC,BEN,Prime,5800.0
2025-04-08,Sheep,TAS,POW,Prime,3070.0
2025-08-19,Sheep,TAS,POW,Prime,500.0
2025-09-09,Sheep,SA,ADP,Prime,1600.0
2025-10-14,Sheep,TAS,POW,Prime,595.0
2025-10-21,Sheep,SA,ADP,Prime,2000.0
2025-12-02,Sheep,TAS,POW,Prime,1490.0
2026-01-06,Sheep,SA,ADP,Prime,900.0
2025-07-21,Sheep,NSW,TAM,Prime,2000.0
2025-09-29,Sheep,NSW,TAM,Prime,1421.0
2026-02-16,Sheep,NSW,TAM,Prime,2500.0
2026-04-24,Sheep,NSW,GRI,Prime,4950.0
2025-04-07,Sheep,NSW,TAM,Prime,5150.0
2025-05-12,Sheep,NSW,TAM,Prime,3300.0
2025-09-26,Sheep,NSW,GRI,Prime,9100.0
2025-11-10,Sheep,NSW,TAM,Prime,2300.0
2025-06-30,Sheep,NSW,COR,Prime,2400.0
2025-09-15,Sheep,NSW,COR,Prime,3980.0
2026-01-12,Sheep,VIC,BEN,Prime,3430.0
2026-04-13,Sheep,VIC,BEN,Prime,2090.0
2026-04-21,Sheep,NSW,DEN,Prime,1200.0
2026-03-02,Sheep,NSW,TAM,Prime,4900.0
2026-02-16,Sheep,VIC,BEN,Prime,4900.0
2026-02-03,Sheep,SA,NAR,Prime,759.0
2025-08-04,Sheep,NSW,COR,Prime,3550.0
2025-09-22,Sheep,NSW,COR,Prime,3870.0
2025-08-13,Sheep,NSW,YAS,Prime,3720.0
2025-10-02,Sheep,NSW,WAG,Prime,19050.0
2025-11-19,Sheep,NSW,YAS,Prime,7300.0
2026-01-08,Sheep,NSW,WAG,Prime,10000.0
2026-02-19,Sheep,NSW,WAG,Prime,14000.0
2026-03-11,Sheep,NSW,YAS,Prime,5120.0
2026-03-19,Sheep,NSW,WAG,Prime,10850.0
2026-03-24,Sheep,SA,NAR,Prime,1177.0
2025-12-04,Sheep,NSW,WAG,Prime,22000.0
2026-02-04,Sheep,NSW,YAS,Prime,8760.0
2026-02-18,Sheep,NSW,YAS,Prime,7000.0
2026-02-26,Sheep,NSW,WAG,Prime,10300.0
2026-03-12,Sheep,NSW,WAG,Prime,13500.0
2025-06-02,Sheep,NSW,COR,Prime,3930.0
2025-06-16,Sheep,NSW,COR,Prime,3400.0
2025-07-14,Sheep,NSW,COR,Prime,2830.0
2025-08-11,Sheep,NSW,COR,Prime,5200.0
2025-11-17,Sheep,VIC,BEN,Prime,9300.0
2025-11-24,Sheep,NSW,COR,Prime,6280.0
2026-03-16,Sheep,VIC,BEN,Prime,5050.0
2025-04-28,Sheep,NSW,TAM,Prime,1081.0
2025-05-16,Sheep,NSW,GRI,Prime,3000.0
2025-05-30,Sheep,NSW,GRI,Prime,3150.0
2025-06-06,Sheep,NSW,GRI,Prime,4600.0
2025-07-25,Sheep,NSW,GRI,Prime,4600.0
2025-09-12,Sheep,NSW,GRI,Prime,1600.0
2025-09-22,Sheep,NSW,TAM,Prime,788.0
2025-10-13,Sheep,NSW,TAM,Prime,2000.0
2026-01-07,Sheep,TAS,POW,Store,0.0
2026-01-21,Sheep,WA,KAT,Prime,5127.0
2026-03-10,Sheep,WA,MUC,Prime,2688.0
2026-04-21,Sheep,NSW,FOR,Prime,10150.0
2025-06-13,Sheep,NSW,GRI,Prime,3050.0
2025-06-23,Sheep,NSW,TAM,Prime,2384.0
2025-07-18,Sheep,NSW,GRI,Prime,5300.0
2025-07-28,Sheep,NSW,TAM,Prime,1150.0
2025-08-22,Sheep,NSW,GRI,Prime,6000.0
2025-08-25,Sheep,NSW,TAM,Prime,1108.0
2025-10-31,Sheep,NSW,GRI,Prime,3900.0
2025-05-14,Sheep,NSW,YAS,Prime,9500.0
2025-06-16,Sheep,VIC,BEN,Prime,7800.0
2025-06-17,Sheep,NSW,DEN,Prime,2100.0
2025-07-03,Sheep,NSW,WAG,Prime,13000.0
2025-07-14,Sheep,VIC,BEN,Prime,4550.0
2025-07-17,Sheep,NSW,WAG,Prime,14000.0
2025-10-30,Sheep,NSW,WAG,Prime,18050.0
2025-12-17,Sheep,NSW,YAS,Prime,6615.0
2026-01-14,Sheep,NSW,YAS,Prime,10000.0
2026-01-15,Sheep,NSW,WAG,Prime,19000.0
2026-01-21,Sheep,NSW,YAS,Prime,8200.0
2025-06-04,Sheep,NSW,COW,Prime,1050.0
2025-06-18,Sheep,NSW,CTL,Prime,3000.0
2025-07-16,Sheep,NSW,COW,Prime,520.0
2025-07-29,Sheep,NSW,FOR,Prime,7850.0
2025-07-30,Sheep,NSW,CTL,Prime,1656.0
2026-03-09,Sheep,NSW,COR,Prime,1250.0
2025-11-05,Sheep,QLD,WAR,Prime,948.0
2026-02-04,Sheep,QLD,WAR,Prime,1546.0
2026-02-25,Sheep,QLD,WAR,Prime,1783.0
2026-03-31,Sheep,TAS,POW,Prime,506.0
2026-04-15,Sheep,VIC,HOR,Prime,1600.0
2025-04-02,Sheep,VIC,HAM,Prime,5500.0
2025-06-03,Sheep,NSW,INV,Prime,1276.0
2025-07-23,Sheep,VIC,HAM,Prime,1700.0
2025-09-17,Sheep,QLD,WAR,Prime,374.0
2025-09-24,Sheep,QLD,WAR,Prime,808.0
2026-02-10,Sheep,TAS,POW,Prime,865.0
2026-02-18,Sheep,QLD,WAR,Prime,570.0
2025-10-22,Sheep,SA,MOU,Prime,147.0
2026-01-28,Sheep,SA,MOU,Prime,30.0
2025-04-15,Sheep,NSW,FOR,Prime,8700.0
2025-06-11,Sheep,NSW,CTL,Prime,1620.0
2025-06-30,Sheep,NSW,DUB,Prime,5250.0
2025-08-05,Sheep,VIC,BAL,Prime,3944.0
2025-08-12,Sheep,NSW,FOR,Prime,12500.0
2025-08-18,Sheep,NSW,DUB,Prime,10870.0
2025-08-19,Sheep,VIC,BAL,Prime,5038.0
2025-08-27,Sheep,NSW,COW,Prime,1150.0
2025-09-17,Sheep,NSW,COW,Prime,1450.0
2025-11-18,Sheep,VIC,BAL,Prime,7739.0
2025-11-26,Sheep,NSW,CTL,Prime,4761.0
2025-12-10,Sheep,NSW,CTL,Prime,3807.0
2026-02-18,Sheep,NSW,COW,Prime,1130.0
2026-03-04,Sheep,NSW,CTL,Prime,2075.0
2026-03-11,Sheep,VIC,HAM,Prime,4500.0
2025-04-02,Sheep,WA,KAT,Prime,6028.0
2025-04-15,Sheep,SA,NAR,Prime,681.0
2025-09-09,Sheep,SA,NAR,Prime,1850.0
2025-10-07,Sheep,NSW,FOR,Prime,17000.0
2025-11-05,Sheep,WA,KAT,Prime,8694.0
2026-03-17,Sheep,WA,MUC,Prime,3744.0
2025-07-22,Sheep,TAS,POW,Prime,1701.0
2025-10-21,Sheep,TAS,POW,Prime,1362.0
2025-11-11,Sheep,SA,ADP,Prime,2000.0
2026-01-13,Sheep,SA,ADP,Prime,750.0
2025-06-17,Sheep,NSW,INV,Prime,1697.0
2025-08-13,Sheep,VIC,HAM,Prime,2100.0
2025-09-17,Sheep,VIC,HOR,Prime,1800.0
2025-09-24,Sheep,VIC,HOR,Prime,2050.0
2025-11-04,Sheep,NSW,INV,Prime,2240.0
2025-12-17,Sheep,QLD,WAR,Prime,1212.0
2026-01-20,Sheep,TAS,POW,Prime,807.0
2025-11-26,Sheep,SA,MOU,Prime,269.0
2025-12-10,Sheep,SA,MOU,Prime,162.0
2026-02-16,Sheep,NSW,COR,Prime,2670.0
2025-04-22,Sheep,NSW,INV,Prime,1000.0
2025-07-09,Sheep,VIC,HAM,Prime,2300.0
2025-07-29,Sheep,NSW,INV,Prime,1330.0
2025-07-30,Sheep,QLD,WAR,Prime,793.0
2025-08-26,Sheep,NSW,INV,Prime,1528.0
2025-10-08,Sheep,QLD,WAR,Prime,973.0
2025-10-15,Sheep,QLD,WAR,Prime,514.0
2025-12-16,Sheep,NSW,INV,Prime,1040.0
2026-01-14,Sheep,QLD,WAR,Prime,1058.0
2026-02-18,Sheep,VIC,HOR,Prime,750.0
2026-04-22,Sheep,VIC,HOR,Prime,1700.0
2025-04-16,Sheep,NSW,CTL,Prime,2790.0
2025-04-30,Sheep,VIC,HOR,Prime,2050.0
2025-05-14,Sheep,QLD,WAR,Prime,894.0
2025-05-20,Sheep,NSW,INV,Prime,951.0
2025-07-16,Sheep,VIC,HOR,Prime,400.0
2025-08-06,Sheep,QLD,WAR,Prime,467.0
2025-09-10,Sheep,VIC,HOR,Prime,2000.0
2025-09-23,Sheep,NSW,INV,Prime,348.0
2025-11-05,Sheep,VIC,HOR,Prime,2500.0
2026-02-04,Sheep,VIC,HOR,Prime,2100.0
2026-02-25,Sheep,VIC,HOR,Prime,1000.0
2026-04-15,Sheep,QLD,WAR,Prime,964.0
2025-06-03,Sheep,TAS,POW,Prime,1784.0
2025-06-17,Sheep,SA,ADP,Prime,1500.0
2025-07-01,Sheep,TAS,POW,Prime,2104.0
2025-08-26,Sheep,TAS,POW,Prime,1045.0
2025-10-07,Sheep,TAS,POW,Prime,364.0
2025-11-04,Sheep,SA,ADP,Prime,3000.0
2025-11-11,Sheep,TAS,POW,Prime,928.0
2025-11-25,Sheep,SA,ADP,Prime,1200.0
2026-02-17,Sheep,SA,ADP,Prime,1600.0
2025-10-29,Sheep,SA,MOU,Prime,38.0
2026-01-12,Sheep,NSW,COR,Prime,2150.0
2026-03-16,Sheep,NSW,COR,Prime,1980.0
2025-05-20,Sheep,SA,NAR,Prime,2461.0
2025-05-28,Sheep,WA,KAT,Prime,9336.0
2025-07-08,Sheep,SA,NAR,Prime,1734.0
2025-07-09,Sheep,WA,KAT,Prime,6234.0
2025-07-22,Sheep,SA,NAR,Prime,998.0
2025-07-29,Sheep,WA,MUC,Prime,4000.0
2025-09-02,Sheep,SA,NAR,Prime,1068.0
2025-09-30,Sheep,NSW,FOR,Prime,14500.0
2025-10-14,Sheep,SA,NAR,Prime,2766.0
2025-10-28,Sheep,SA,NAR,Prime,1663.0
2025-11-25,Sheep,NSW,FOR,Prime,9950.0
2026-01-13,Sheep,NSW,FOR,Prime,15400.0
2026-02-10,Sheep,NSW,FOR,Prime,7500.0
2026-02-17,Sheep,WA,MUC,Prime,1970.0
2025-08-26,Sheep,SA,ADP,Prime,500.0
2025-06-10,Sheep,TAS,POW,Prime,1384.0
2025-07-15,Sheep,TAS,POW,Prime,1869.0
2025-07-22,Sheep,SA,ADP,Prime,1500.0
2025-09-23,Sheep,SA,ADP,Prime,2000.0
2025-10-28,Sheep,SA,ADP,Prime,2000.0
2025-04-09,Sheep,NSW,YAS,Prime,18900.0
2025-04-23,Sheep,NSW,YAS,Prime,4100.0
2025-05-06,Sheep,NSW,DEN,Prime,3500.0
2025-05-26,Sheep,VIC,BEN,Prime,6050.0
2025-06-19,Sheep,NSW,WAG,Prime,17000.0
2025-08-21,Sheep,NSW,WAG,Prime,11000.0
2025-11-27,Sheep,NSW,WAG,Prime,18000.0
2025-12-03,Sheep,NSW,YAS,Prime,13100.0
2025-12-11,Sheep,NSW,WAG,Prime,21350.0
2026-01-13,Sheep,NSW,DEN,Prime,2000.0
2026-02-10,Sheep,NSW,DEN,Prime,2100.0
2026-02-12,Sheep,NSW,WAG,Prime,17000.0
2026-03-31,Sheep,SA,NAR,Prime,900.0
2026-02-10,Sheep,SA,ADP,Prime,1400.0
2025-09-01,Sheep,VIC,BEN,Prime,5100.0
2025-09-15,Sheep,VIC,BEN,Prime,9070.0
2025-09-29,Sheep,VIC,BEN,Prime,8000.0
2025-10-27,Sheep,NSW,COR,Prime,4840.0
2026-03-02,Sheep,VIC,BEN,Prime,3350.0
2026-01-16,Sheep,VIC,HAM,Prime,10000.0
2026-01-28,Sheep,VIC,HAM,Prime,0.0
2026-02-03,Sheep,VIC,BAL,Prime,6892.0
2026-04-20,Sheep,NSW,DUB,Prime,19500.0
2025-04-07,Sheep,NSW,COR,Prime,7600.0
2025-06-04,Sheep,WA,KAT,Prime,4995.0
2025-08-26,Sheep,SA,NAR,Prime,1784.0
2025-09-30,Sheep,WA,MUC,Prime,5786.0
2025-10-14,Sheep,NSW,FOR,Prime,12100.0
2025-11-18,Sheep,NSW,FOR,Prime,12400.0
2025-12-02,Sheep,NSW,FOR,Prime,13900.0
2025-12-09,Sheep,SA,NAR,Prime,1809.0
2026-01-13,Sheep,SA,NAR,Prime,696.0
2026-02-11,Sheep,WA,KAT,Prime,6600.0
2026-02-25,Sheep,WA,KAT,Prime,9507.0
2026-03-03,Sheep,NSW,FOR,Prime,7800.0
2025-04-15,Sheep,WA,MUC,Prime,9025.0
2025-04-30,Sheep,WA,KAT,Prime,9176.0
2025-05-06,Sheep,SA,NAR,Prime,3325.0
2025-05-27,Sheep,SA,NAR,Prime,2201.0
2025-08-06,Sheep,WA,KAT,Prime,6102.0
2025-10-15,Sheep,WA,KAT,Prime,6805.0
2025-11-25,Sheep,SA,NAR,Prime,2078.0
2025-11-26,Sheep,WA,KAT,Prime,11683.0
2026-02-24,Sheep,WA,MUC,Prime,4140.0
2026-03-24,Sheep,WA,MUC,Prime,3523.0
2025-04-30,Sheep,QLD,WAR,Prime,635.0
2025-05-14,Sheep,VIC,HOR,Prime,1350.0
2025-05-21,Sheep,VIC,HAM,Prime,8200.0
2025-06-04,Sheep,VIC,HAM,Prime,10000.0
2025-06-11,Sheep,QLD,WAR,Prime,772.0
2025-06-25,Sheep,VIC,HAM,Prime,4000.0
2025-07-16,Sheep,VIC,HAM,Prime,1900.0
2025-09-10,Sheep,QLD,WAR,Prime,1036.0
2025-05-19,Sheep,NSW,COR,Prime,4685.0
2025-04-09,Sheep,QLD,WAR,Prime,945.0
2025-05-14,Sheep,NSW,CTL,Prime,4887.0
2025-06-04,Sheep,QLD,WAR,Prime,455.0
2025-06-18,Sheep,VIC,HAM,Prime,4200.0
2025-07-01,Sheep,NSW,INV,Prime,787.0
2025-07-02,Sheep,QLD,WAR,Prime,752.0
2025-07-02,Sheep,VIC,HAM,Prime,3500.0
2025-08-27,Sheep,VIC,HAM,Prime,2000.0
2025-10-01,Sheep,VIC,HOR,Prime,3350.0
2025-10-07,Sheep,NSW,INV,Prime,1285.0
2025-11-19,Sheep,VIC,HOR,Prime,2600.0
2025-12-03,Sheep,QLD,WAR,Prime,1043.0
2025-09-10,Sheep,NSW,CTL,Prime,1377.0
2025-09-17,Sheep,VIC,HAM,Prime,2600.0
2025-10-01,Sheep,NSW,CTL,Prime,1958.0
2025-11-12,Sheep,VIC,HAM,Prime,2900.0
2025-11-17,Sheep,NSW,DUB,Prime,10170.0
2025-11-19,Sheep,NSW,CTL,Prime,4307.0
2025-12-10,Sheep,NSW,COW,Prime,1010.0
2025-12-17,Sheep,NSW,CTL,Prime,1359.0
2026-02-24,Sheep,VIC,BAL,Prime,4572.0
2026-03-04,Sheep,NSW,COW,Prime,230.0
2026-04-01,Sheep,NSW,COW,Prime,250.0
2026-02-09,Sheep,NSW,COR,Prime,3430.0
2026-02-23,Sheep,NSW,COR,Prime,3720.0
2025-04-08,Sheep,WA,MUC,Prime,9949.0
2025-05-21,Sheep,WA,KAT,Prime,6834.0
2025-06-25,Sheep,WA,KAT,Prime,4780.0
2025-07-01,Sheep,WA,MUC,Prime,2725.0
2025-07-02,Sheep,WA,KAT,Prime,3981.0
2025-07-16,Sheep,WA,KAT,Prime,4861.0
2025-08-12,Sheep,SA,NAR,Prime,1330.0
2025-08-19,Sheep,WA,MUC,Prime,5742.0
2025-11-18,Sheep,WA,MUC,Prime,3869.0
2025-12-02,Sheep,WA,MUC,Prime,10596.0
2026-02-03,Sheep,WA,MUC,Prime,4279.0
2026-02-04,Sheep,WA,KAT,Prime,8704.0
2026-03-10,Sheep,NSW,FOR,Prime,9800.0
2026-04-07,Sheep,NSW,FOR,Prime,8000.0
2026-03-03,Sheep,SA,ADP,Prime,500.0
2025-04-08,Sheep,NSW,DEN,Prime,3300.0
2025-07-01,Sheep,NSW,DEN,Prime,700.0
2025-07-23,Sheep,NSW,YAS,Prime,3274.0
2025-10-29,Sheep,NSW,YAS,Prime,3770.0
2025-11-18,Sheep,NSW,DEN,Prime,1700.0
2025-12-02,Sheep,NSW,DEN,Prime,2000.0
2026-01-28,Sheep,NSW,YAS,Prime,7250.0
2026-02-10,Sheep,SA,NAR,Prime,1518.0
2026-02-25,Sheep,NSW,YAS,Prime,6100.0
2026-03-05,Sheep,NSW,WAG,Prime,7600.0
2026-04-23,Sheep,NSW,WAG,Prime,9000.0
2025-05-05,Sheep,NSW,COR,Prime,5880.0
2025-07-07,Sheep,NSW,COR,Prime,2680.0
2025-08-25,Sheep,NSW,COR,Prime,3660.0
2025-07-28,Sheep,NSW,COR,Prime,2700.0
2025-07-04,Sheep,NSW,GRI,Prime,4300.0
2025-07-07,Sheep,NSW,TAM,Prime,1321.0
2025-07-11,Sheep,NSW,GRI,Prime,3500.0
2025-10-03,Sheep,NSW,GRI,Prime,9150.0
2025-10-24,Sheep,NSW,GRI,Prime,4000.0
2025-10-27,Sheep,NSW,TAM,Prime,3530.0
2025-12-12,Sheep,NSW,GRI,Prime,5300.0
2025-05-20,Sheep,SA,ADP,Prime,1500.0
2025-06-03,Sheep,SA,ADP,Prime,1800.0
2025-06-17,Sheep,TAS,POW,Prime,2118.0
2025-09-09,Sheep,TAS,POW,Prime,670.0
2025-10-07,Sheep,SA,ADP,Prime,1000.0
2026-03-10,Sheep,SA,ADP,Prime,1300.0
2026-04-07,Sheep,SA,ADP,Prime,300.0
2025-04-02,Sheep,VIC,HOR,Prime,3800.0
2025-05-07,Sheep,VIC,HOR,Prime,900.0
2025-06-11,Sheep,VIC,HOR,Prime,1700.0
2025-06-25,Sheep,VIC,HOR,Prime,1800.0
2025-07-23,Sheep,VIC,HOR,Prime,900.0
2025-08-06,Sheep,VIC,HAM,Prime,3700.0
2025-08-13,Sheep,QLD,WAR,Prime,1386.0
2025-09-09,Sheep,NSW,INV,Prime,1063.0
2025-10-22,Sheep,VIC,HOR,Prime,2400.0
2025-10-29,Sheep,VIC,HOR,Prime,2000.0
2025-11-19,Sheep,QLD,WAR,Prime,1296.0
2025-11-26,Sheep,VIC,HOR,Prime,3950.0
2025-12-10,Sheep,VIC,HOR,Prime,1350.0
2026-03-18,Sheep,QLD,WAR,Prime,980.0
2026-04-21,Sheep,NSW,INV,Prime,2810.0
2025-04-01,Sheep,SA,NAR,Prime,2385.0
2025-05-13,Sheep,WA,MUC,Prime,8563.0
2025-05-14,Sheep,WA,KAT,Prime,10939.0
2025-06-17,Sheep,SA,NAR,Prime,2012.0
2025-08-12,Sheep,WA,MUC,Prime,6546.0
2025-09-23,Sheep,WA,MUC,Prime,4686.0
2025-09-30,Sheep,SA,NAR,Prime,1167.0
2025-12-16,Sheep,WA,MUC,Prime,5584.0
2026-01-06,Sheep,NSW,FOR,Prime,6300.0
2026-01-07,Sheep,WA,KAT,Prime,4263.0
2026-03-18,Sheep,WA,KAT,Prime,8866.0
2026-04-14,Sheep,WA,MUC,Prime,3606.0
2025-04-29,Sheep,TAS,POW,Prime,2028.0
2025-07-08,Sheep,SA,ADP,Prime,1000.0
2025-04-02,Sheep,NSW,CTL,Prime,4338.0
2025-05-06,Sheep,NSW,INV,Prime,1810.0
2025-05-07,Sheep,NSW,CTL,Prime,3438.0
2025-06-04,Sheep,VIC,HOR,Prime,1450.0
2025-05-13,Sheep,SA,ADP,Prime,2400.0
2025-09-30,Sheep,SA,ADP,Prime,2000.0
2025-11-05,Sheep,TAS,POW,Prime,295.0
2025-05-27,Sheep,WA,MUC,Prime,7622.0
2025-09-16,Sheep,NSW,FOR,Prime,14800.0
2025-10-22,Sheep,WA,KAT,Prime,9382.0
2025-10-29,Sheep,WA,KAT,Prime,11087.0
2026-01-28,Sheep,WA,KAT,Prime,3447.0
2026-03-11,Sheep,WA,KAT,Prime,7857.0
2026-04-15,Sheep,WA,KAT,Prime,8807.0
2025-06-24,Sheep,NSW,FOR,Prime,7700.0
2025-07-09,Sheep,NSW,CTL,Prime,2475.0
2025-08-04,Sheep,NSW,DUB,Prime,7200.0
2025-08-05,Sheep,NSW,FOR,Prime,12600.0
2025-08-12,Sheep,VIC,BAL,Prime,5679.0
2025-08-19,Sheep,NSW,FOR,Prime,16700.0
2025-08-20,Sheep,NSW,COW,Prime,1100.0
2025-09-09,Sheep,VIC,BAL,Prime,2725.0
2025-09-22,Sheep,NSW,DUB,Prime,11805.0
2025-10-08,Sheep,NSW,COW,Prime,1750.0
2025-10-13,Sheep,NSW,DUB,Prime,12560.0
2025-11-04,Sheep,VIC,BAL,Prime,5623.0
2025-11-19,Sheep,NSW,COW,Prime,800.0
2025-12-08,Sheep,VIC,HAM,Prime,0.0
2025-12-10,Sheep,VIC,HAM,Prime,0.0
2026-01-09,Sheep,VIC,HAM,Prime,9500.0
2026-02-09,Sheep,NSW,DUB,Prime,20955.0
2025-05-20,Sheep,NSW,FOR,Prime,12500.0
2025-06-10,Sheep,VIC,BAL,Prime,5946.0
2025-06-18,Sheep,NSW,COW,Prime,580.0
2025-07-15,Sheep,VIC,BAL,Prime,4899.0
2025-04-09,Sheep,VIC,HAM,Prime,11520.0
2025-04-23,Sheep,VIC,HAM,Prime,2250.0
2025-06-18,Sheep,QLD,WAR,Prime,690.0
2025-07-30,Sheep,VIC,HAM,Prime,1400.0
2025-08-20,Sheep,QLD,WAR,Prime,390.0
2025-04-14,Sheep,NSW,COR,Prime,3270.0
2025-08-25,Sheep,VIC,BEN,Prime,7450.0
2025-12-08,Sheep,NSW,COR,Prime,5110.0
2026-01-05,Sheep,NSW,COR,Prime,3350.0
2025-04-23,Sheep,VIC,HOR,Prime,650.0
2025-05-28,Sheep,VIC,HAM,Prime,6700.0
2025-07-09,Sheep,QLD,WAR,Prime,608.0
2025-11-18,Sheep,NSW,INV,Prime,1185.0
2025-12-03,Sheep,VIC,HOR,Prime,3400.0
2026-02-03,Sheep,TAS,POW,Prime,1155.0
2026-02-11,Sheep,VIC,HOR,Prime,1900.0
2026-04-08,Sheep,QLD,WAR,Prime,1690.0
2025-04-01,Sheep,TAS,POW,Prime,1140.0
2025-06-24,Sheep,TAS,POW,Prime,1751.0
2025-08-05,Sheep,TAS,POW,Prime,1855.0
2025-08-12,Sheep,SA,ADP,Prime,600.0
2025-11-18,Sheep,TAS,POW,Prime,1360.0
2025-12-09,Sheep,SA,ADP,Prime,2200.0
2025-04-04,Sheep,NSW,GRI,Prime,9350.0
2025-05-05,Sheep,NSW,TAM,Prime,3500.0
2025-05-09,Sheep,NSW,GRI,Prime,5600.0
2025-11-14,Sheep,NSW,GRI,Prime,3750.0
2025-12-01,Sheep,NSW,TAM,Prime,2400.0
2025-12-05,Sheep,NSW,GRI,Prime,7900.0
2026-03-16,Sheep,NSW,TAM,Prime,3400.0
2026-03-23,Sheep,NSW,TAM,Prime,2500.0
2026-04-10,Sheep,NSW,GRI,Prime,2200.0
2025-04-02,Sheep,NSW,COW,Prime,1150.0
2025-05-06,Sheep,VIC,BAL,Prime,15480.0
2025-05-27,Sheep,VIC,BAL,Prime,12200.0
2025-06-03,Sheep,NSW,FOR,Prime,8750.0
2025-06-16,Sheep,NSW,DUB,Prime,16050.0
2025-06-17,Sheep,VIC,BAL,Prime,6942.0
2025-06-24,Sheep,VIC,BAL,Prime,6858.0
2025-07-01,Sheep,NSW,FOR,Prime,7300.0
2025-07-02,Sheep,NSW,CTL,Prime,1962.0
2025-07-14,Sheep,NSW,DUB,Prime,12040.0
2025-08-25,Sheep,NSW,DUB,Prime,5070.0
2025-09-02,Sheep,VIC,BAL,Prime,5200.0
2025-09-17,Sheep,NSW,CTL,Prime,1143.0
2025-10-29,Sheep,NSW,COW,Prime,1400.0
2025-11-25,Sheep,VIC,BAL,Prime,7700.0
2025-12-01,Sheep,NSW,DUB,Prime,12725.0
2025-04-14,Sheep,NSW,DUB,Prime,9945.0
2025-04-28,Sheep,NSW,DUB,Prime,7725.0
2025-04-02,Sheep,QLD,WAR,Prime,232.0
2025-04-09,Sheep,NSW,CTL,Prime,5679.0
2025-04-23,Sheep,NSW,CTL,Prime,2430.0
2025-04-30,Sheep,VIC,HAM,Prime,12000.0
2025-05-07,Sheep,QLD,WAR,Prime,941.0
2025-05-21,Sheep,QLD,WAR,Prime,1043.0
2025-06-25,Sheep,QLD,WAR,Prime,519.0
2025-08-06,Sheep,VIC,HOR,Prime,2450.0
2025-08-13,Sheep,VIC,HOR,Prime,2500.0
2025-10-15,Sheep,VIC,HOR,Prime,3350.0
2025-10-22,Sheep,QLD,WAR,Prime,684.0
2025-10-29,Sheep,QLD,WAR,Prime,520.0
2025-11-26,Sheep,QLD,WAR,Prime,482.0
2025-12-02,Sheep,NSW,INV,Prime,1617.0
2026-03-31,Sheep,SA,ADP,Prime,1500.0
2025-04-15,Sheep,TAS,POW,Prime,909.0
2025-04-22,Sheep,SA,ADP,Prime,200.0
2025-12-10,Sheep,QLD,WAR,Prime,1024.0
2026-03-10,Sheep,NSW,INV,Prime,2051.0
2026-03-18,Sheep,VIC,HOR,Prime,1600.0
2026-04-01,Sheep,QLD,WAR,Prime,1274.0
2026-04-07,Sheep,NSW,INV,Prime,1759.0
2025-06-11,Sheep,VIC,HAM,Prime,5500.0
2025-07-16,Sheep,QLD,WAR,Prime,610.0
2025-10-01,Sheep,QLD,WAR,Prime,410.0
2025-11-12,Sheep,VIC,HOR,Prime,2000.0
2026-01-13,Sheep,NSW,INV,Prime,707.0
2026-03-03,Sheep,TAS,POW,Prime,2288.0
2026-03-11,Sheep,VIC,HOR,Prime,650.0
2026-04-21,Sheep,TAS,POW,Prime,2012.0
2025-04-08,Sheep,NSW,FOR,Prime,16400.0
2025-04-09,Sheep,NSW,COW,Prime,1650.0
2025-04-23,Sheep,NSW,COW,Prime,1040.0
2025-07-09,Sheep,NSW,COW,Prime,1000.0
2025-07-28,Sheep,NSW,DUB,Prime,5220.0
2025-09-24,Sheep,NSW,CTL,Prime,1548.0
2025-10-15,Sheep,NSW,COW,Prime,1750.0
2025-12-03,Sheep,VIC,HAM,Prime,0.0
2025-12-08,Sheep,NSW,DUB,Prime,18455.0
2025-05-20,Sheep,VIC,BAL,Prime,11698.0
2025-06-04,Sheep,NSW,CTL,Prime,3879.0
2025-06-10,Sheep,NSW,FOR,Prime,8050.0
2025-06-23,Sheep,NSW,DUB,Prime,6600.0
2025-07-08,Sheep,VIC,BAL,Prime,5416.0
2025-07-22,Sheep,VIC,BAL,Prime,2469.0
2025-09-03,Sheep,NSW,COW,Prime,650.0
2025-09-23,Sheep,VIC,BAL,Prime,5239.0
2025-11-05,Sheep,NSW,CTL,Prime,3130.0
2026-01-12,Sheep,NSW,DUB,Prime,12690.0
2026-01-20,Sheep,VIC,BAL,Prime,8718.0
2026-01-21,Sheep,VIC,HAM,Prime,0.0
2026-02-25,Sheep,NSW,CTL,Prime,2430.0
2026-04-21,Sheep,VIC,BAL,Prime,5677.0
2025-04-16,Sheep,WA,KAT,Prime,5113.0
2025-05-07,Sheep,WA,KAT,Prime,13295.0
2025-06-10,Sheep,SA,NAR,Prime,1469.0
2025-06-11,Sheep,WA,KAT,Prime,7460.0
2025-07-08,Sheep,WA,MUC,Prime,2862.0
2025-07-23,Sheep,WA,KAT,Prime,7142.0
2025-11-11,Sheep,SA,NAR,Prime,0.0
2025-12-09,Sheep,NSW,FOR,Prime,15100.0
2025-12-10,Sheep,WA,KAT,Prime,12017.0
2026-01-06,Sheep,SA,NAR,Prime,1014.0
2026-02-24,Sheep,NSW,FOR,Prime,9900.0
2026-03-04,Sheep,WA,KAT,Prime,3775.0
2026-03-24,Sheep,NSW,FOR,Prime,6900.0
2026-04-01,Sheep,WA,KAT,Prime,5186.0
2025-04-08,Sheep,NSW,INV,Prime,978.0
2025-07-23,Sheep,QLD,WAR,Prime,308.0
2026-03-10,Sheep,TAS,POW,Prime,1149.0
2026-03-11,Sheep,QLD,WAR,Prime,1626.0
2026-04-08,Sheep,VIC,HOR,Prime,2100.0
2026-03-17,Sheep,SA,ADP,Prime,1000.0
2026-04-21,Sheep,SA,ADP,Prime,1500.0
2025-05-20,Sheep,TAS,POW,Prime,1954.0
2025-06-10,Sheep,SA,ADP,Prime,425.0
2025-07-15,Sheep,SA,ADP,Prime,1500.0
2025-09-23,Sheep,TAS,POW,Prime,683.0
2026-02-17,Sheep,NSW,FOR,Prime,11400.0
2026-04-14,Sheep,NSW,FOR,Prime,10900.0
2025-04-15,Sheep,SA,ADP,Prime,7500.0
2025-05-13,Sheep,TAS,POW,Prime,2033.0
2025-05-27,Sheep,TAS,POW,Prime,1533.0
2025-09-16,Sheep,TAS,POW,Prime,315.0
2025-09-30,Sheep,TAS,POW,Prime,530.0
2025-12-16,Sheep,TAS,POW,Prime,728.0
2026-02-24,Sheep,SA,ADP,Prime,1000.0
2025-12-16,Sheep,SA,ADP,Prime,2900.0
2026-04-14,Sheep,SA,ADP,Prime,1200.0
2025-08-20,Sheep,NSW,CTL,Prime,1107.0
2025-08-26,Sheep,NSW,FOR,Prime,14950.0
2025-10-08,Sheep,NSW,CTL,Prime,1638.0
2025-10-22,Sheep,VIC,HAM,Prime,3000.0
2025-12-03,Sheep,NSW,CTL,Prime,4145.0
2025-12-12,Sheep,VIC,HAM,Prime,12700.0
2026-01-14,Sheep,NSW,CTL,Prime,4923.0
2026-02-04,Sheep,NSW,COW,Prime,1850.0
2026-02-25,Sheep,NSW,COW,Prime,270.0
2026-03-09,Sheep,NSW,DUB,Prime,14425.0
2026-03-16,Sheep,NSW,DUB,Prime,11340.0
2026-03-23,Sheep,NSW,DUB,Prime,10550.0
2026-03-24,Sheep,VIC,BAL,Prime,3711.0
2026-04-15,Sheep,VIC,HAM,Prime,5200.0
